rouge1_f,rouge2_f,rougeL_f,bleu,bert_p,bert_r,bert_f1
0.3304843304843305,0.12034383954154727,0.16524216524216526,0.032040817834591805,0.004640125669538975,0.16705800592899323,0.08602672070264816
0.1596958174904943,0.03831417624521073,0.11406844106463877,0.006790927206953813,-0.08549158275127411,0.13672436773777008,0.02472027763724327
0.2962962962962963,0.09316770186335403,0.16049382716049385,0.034979692309301154,0.06592784821987152,0.250110000371933,0.15772849321365356
0.1865671641791045,0.022556390977443608,0.11940298507462686,0.018468061403045508,0.01223299466073513,0.12147566676139832,0.06777778267860413
0.18120805369127516,0.10135135135135134,0.13422818791946312,0.03094413678583915,-0.08460579812526703,0.2530190348625183,0.08003392070531845
0.10116731517509728,0.0,0.07003891050583658,0.0015451117649920916,-0.16272561252117157,-0.19816982746124268,-0.17859682440757751
0.3133333333333333,0.06711409395973156,0.18000000000000002,0.021685122424922376,-0.00373240583576262,0.11454620957374573,0.05624457448720932
0.09282700421940927,0.01702127659574468,0.06751054852320676,0.0027129703196149095,-0.13798122107982635,0.20387186110019684,0.028653442859649658
0.28859060402684567,0.13513513513513514,0.18791946308724833,0.019358329213604513,0.07662592828273773,0.2773255705833435,0.17635072767734528
0.3870967741935484,0.18181818181818182,0.2258064516129032,0.07647569255666155,0.13463227450847626,0.35358819365501404,0.24303264915943146
0.24489795918367344,0.01646090534979424,0.13877551020408163,0.008774142639209998,0.05150161311030388,0.2072230577468872,0.1295853704214096
0.104,0.024193548387096774,0.08,0.0033226964851859595,-0.19241681694984436,0.058724258095026016,-0.0683407261967659
0.11510791366906475,0.007246376811594203,0.07194244604316546,0.002946531717203662,-0.16950556635856628,-0.3865697979927063,-0.2784922122955322
0.4021164021164021,0.1276595744680851,0.24867724867724864,0.074835000013087,0.18118423223495483,0.2333802580833435,0.20843902230262756
0.22686567164179106,0.012012012012012012,0.10746268656716418,0.0043332955756558355,-0.09727390110492706,-0.050896693021059036,-0.07244940847158432
0.1684981684981685,0.05166051660516605,0.13186813186813187,0.008363839369286866,-0.056405987590551376,0.10924140363931656,0.026623114943504333
0.05925925925925927,0.00746268656716418,0.04444444444444444,0.0020678854211288824,-0.1872793287038803,0.006007654592394829,-0.09078381210565567
0.28762541806020064,0.10101010101010102,0.1939799331103679,0.04620389530012415,0.05245991796255112,0.1902308464050293,0.12183946371078491
0.2962962962962963,0.045845272206303724,0.13675213675213674,0.011425055701926909,0.07355502992868423,0.029133446514606476,0.05278605967760086
0.23255813953488372,0.07357859531772576,0.1461794019933555,0.013765104408020716,-0.03321526199579239,0.0672677606344223,0.01811685599386692
0.2586750788643533,0.05714285714285715,0.12618296529968454,0.02902409589505767,0.05882740020751953,0.11182854324579239,0.0866754800081253
0.31055900621118016,0.1375,0.19875776397515527,0.05589896387856119,0.08110898733139038,0.20330166816711426,0.1428677886724472
0.2876254180602007,0.09427609427609428,0.18729096989966554,0.04573933408394579,0.06963973492383957,-0.10890395194292068,-0.019598370417952538
0.29333333333333333,0.07506702412868634,0.17066666666666663,0.050292303856788616,0.08099614083766937,0.17912106215953827,0.13099977374076843
0.34375000000000006,0.08376963350785341,0.18749999999999997,0.06020857476048584,0.10651347786188126,0.18201524019241333,0.1453762948513031
0.12878787878787878,0.030534351145038167,0.07575757575757575,0.015444118006253532,-0.06457511335611343,0.0858779102563858,0.01112001109868288
0.42105263157894735,0.11764705882352942,0.2280701754385965,0.10336432123131474,0.20718266069889069,0.01669791154563427,0.11158399283885956
0.2697947214076246,0.029498525073746312,0.1466275659824047,0.005174270759465227,0.09095063805580139,0.048225365579128265,0.07100780308246613
0.1476923076923077,0.02476780185758514,0.09846153846153846,0.003720599474992547,-0.008998313918709755,-0.31476056575775146,-0.1648881435394287
0.22619047619047622,0.05988023952095808,0.15476190476190477,0.024961377658021935,0.03299877047538757,0.18110758066177368,0.1074216291308403
0.10236220472440945,0.015873015873015876,0.07086614173228348,0.002805819577094309,-0.13347728550434113,0.052190616726875305,-0.04070580005645752
0.40117994100294985,0.1839762611275964,0.23008849557522124,0.061371898760298985,0.0753135159611702,0.1361173838376999,0.1069868877530098
0.10948905109489052,0.007352941176470588,0.0875912408759124,0.0025867572371272543,-0.16740252077579498,0.037600547075271606,-0.06531977653503418
0.19607843137254902,0.08552631578947369,0.14379084967320263,0.0393679535747047,0.067378930747509,-0.2718499004840851,-0.1063971072435379
0.31955922865013775,0.1772853185595568,0.25344352617079896,0.12736004758045755,-0.010982138104736805,0.22982144355773926,0.10800258070230484
0.31034482758620685,0.08333333333333334,0.15862068965517243,0.026584030226599772,0.17004750669002533,0.3366691768169403,0.2532397210597992
0.31268436578171094,0.05341246290801187,0.1592920353982301,0.03122456466982507,0.06551007181406021,0.08544282615184784,0.0769592896103859
0.3215258855585831,0.08767123287671234,0.1798365122615804,0.032009944317866794,0.08144576102495193,0.09235212206840515,0.08837701380252838
0.3191489361702128,0.11428571428571428,0.21276595744680848,0.05651943212292296,0.10966113209724426,0.1781943142414093,0.14508917927742004
0.26512968299711814,0.0463768115942029,0.13832853025936598,0.009942643049063782,0.03714470937848091,0.04268816486001015,0.04147498682141304
0.3137254901960784,0.11842105263157894,0.20261437908496735,0.030925730633712005,0.01548607088625431,0.1545124650001526,0.08552806079387665
0.12142857142857143,0.03597122302158273,0.07142857142857142,0.003320270954485998,-0.07350798696279526,-0.442842036485672,-0.26342102885246277
0.22012578616352205,0.03164556962025316,0.12578616352201258,0.008693438971261392,0.05425766855478287,0.1840682476758957,0.11976464092731476
0.2823529411764706,0.06324110671936758,0.1568627450980392,0.03126227761578656,0.12218667566776276,0.23060917854309082,0.17716440558433533
0.33220338983050846,0.10238907849829351,0.15593220338983052,0.038420557980527126,0.06708283722400665,0.23467984795570374,0.1508866846561432
0.2018927444794953,0.044444444444444446,0.12618296529968456,0.010113619801319333,-0.11457329243421555,0.004861587658524513,-0.0538688525557518
0.45885286783042395,0.18045112781954886,0.2693266832917706,0.13922631077665454,0.17723922431468964,0.19076143205165863,0.1853175014257431
0.07692307692307693,0.0,0.055944055944055944,0.0011504644347656585,-0.16668017208576202,0.08817853033542633,-0.040867194533348083
0.4154302670623145,0.13134328358208955,0.2195845697329377,0.05587275720941842,0.2191365510225296,0.026374749839305878,0.12234307080507278
0.32142857142857145,0.11510791366906475,0.2142857142857143,0.08895668817827745,0.10660368204116821,0.17493367195129395,0.1419364959001541
0.4,0.12672176308539948,0.2191780821917808,0.0839818999951601,0.23499511182308197,0.017384137958288193,0.12526866793632507
0.25274725274725274,0.07734806629834254,0.13186813186813187,0.0441357751614988,0.07469375431537628,0.13908229768276215,0.10813536494970322
0.26027397260273977,0.06896551724137931,0.13013698630136988,0.016039031032378758,0.0729462280869484,0.12050717324018478,0.09808296710252762
0.2636655948553055,0.05825242718446602,0.1414790996784566,0.032518680275691665,0.02458873949944973,0.091426782310009,0.059316378086805344
0.18620689655172415,0.020833333333333332,0.09655172413793103,0.0038285779465216056,-0.0020570505876094103,0.08427660167217255,0.042296089231967926
0.13333333333333333,0.023715415019762848,0.10980392156862748,0.0035111718214815867,-0.18167877197265625,0.07825479656457901,-0.05345071107149124
0.21864951768488744,0.019417475728155338,0.12218649517684887,0.0042461288928799116,-0.00593555485829711,0.13203999400138855,0.06362707167863846
0.04800000000000001,0.0,0.04800000000000001,0.0011410397400293836,-0.28117915987968445,0.0247267484664917,-0.13124452531337738
0.1444866920152091,0.030651340996168584,0.08365019011406843,0.006024007032005832,-0.14127850532531738,-0.030040042474865913,-0.0845293179154396
0.29518072289156627,0.08484848484848487,0.1506024096385542,0.06324518510472266,0.14490550756454468,0.2175733745098114,0.18231385946273804
0.3107344632768361,0.07386363636363635,0.17514124293785313,0.04614691147242109,0.07345138490200043,0.18230706453323364,0.12871447205543518
0.20392156862745098,0.10276679841897234,0.1803921568627451,0.04477024070737304,-0.00891765858978033,0.33533069491386414,0.1587720811367035
0.3492063492063492,0.05466970387243736,0.1678004535147392,0.04429304172522256,0.05504263937473297,-0.017135469242930412,0.020283151417970657
0.3222506393861892,0.061696658097686374,0.17902813299232737,0.02901383539838362,0.11445478349924088,0.11968688666820526,0.11850420385599136
0.24489795918367344,0.017595307917888565,0.11078717201166181,0.009469627139312877,-0.04421650245785713,0.05062396824359894,0.004371085669845343
0.29299363057324845,0.1217948717948718,0.16560509554140126,0.05594560004784088,0.09039277583360672,-0.07554597407579422,0.00764136528596282
0.12720848056537104,0.03558718861209965,0.0989399293286219,0.014286794025017587,-0.032398104667663574,0.27080678939819336,0.11610235273838043
0.09859154929577466,0.007092198581560284,0.07042253521126761,0.0028014575107015477,-0.10760939121246338,0.06865046918392181,-0.019396360963582993
0.3508771929824561,0.06470588235294118,0.17543859649122806,0.006955008025477412,-0.038181547075510025,-0.037230197340250015,-0.03602004796266556
0.254416961130742,0.08540925266903913,0.1413427561837456,0.04537639643312785,0.08838525414466858,0.20382092893123627,0.14683838188648224
0.4641833810888252,0.2190201729106628,0.2578796561604585,0.11889256273366106,0.24946698546409607,0.31781214475631714,0.2845818102359772
0.27717391304347827,0.04371584699453551,0.1630434782608696,0.032951276169705765,-0.0519384928047657,0.0494803786277771,-0.00012007507029920816
0.36363636363636365,0.10094637223974764,0.20062695924764887,0.07642493953626531,0.1530771106481552,0.3533911406993866,0.2525213956832886
0.22556390977443605,0.08333333333333333,0.15789473684210525,0.04701799614743101,0.03568584844470024,0.14184735715389252,0.0896897166967392
0.07913669064748202,0.007246376811594203,0.06474820143884892,0.0011884620546898808,-0.3076951503753662,-0.1933789849281311,-0.24919849634170532
0.2422360248447205,0.09375,0.15527950310559008,0.0450356181095184,0.06721160560846329,-0.1571349799633026,-0.04583830386400223
0.10638297872340424,0.0071428571428571435,0.07801418439716312,0.0030658023855687634,-0.10606633871793747,0.09241437911987305,-0.007180842105299234
0.3719512195121952,0.15337423312883436,0.19512195121951217,0.0604514458216301,0.1687725931406021,0.19177131354808807,0.18157857656478882
0.30952380952380953,0.11377245508982034,0.17857142857142855,0.03551137759743006,0.15049968659877777,-0.15170495212078094,-0.003604017896577716
0.1577287066246057,0.025396825396825397,0.10725552050473186,0.0069540241944609366,-0.09728416055440903,0.09186822921037674,-0.002884626854211092
0.26523297491039427,0.05054151624548737,0.15770609318996415,0.022573847000435757,0.004565484821796417,0.015836238861083984,0.01180302631109953
0.09966777408637875,0.020066889632107024,0.07973421926910298,0.0032364155859671696,-0.08744286745786667,0.055963438004255295,-0.015129458159208298
0.17391304347826086,0.01875,0.10559006211180125,0.0037999985434012057,-0.05194025859236717,-0.011219429783523083,-0.02998768910765648
0.2085889570552147,0.043209876543209874,0.12883435582822086,0.030126559066564845,-0.05761616304516792,-0.2622922658920288,-0.16026489436626434
0.4097035040431267,0.13550135501355015,0.22641509433962265,0.08839101931197586,0.13727478682994843,0.2232075035572052,0.18121446669101715
0.25233644859813087,0.11737089201877936,0.17289719626168223,0.03716447097878284,0.07873321324586868,-0.10112059861421585,-0.011195234023034573
0.03187250996015936,0.0,0.03187250996015936,0.0010766668145405828,-0.2397456169128418,0.058743711560964584,-0.09331174939870834
0.2764705882352941,0.08284023668639054,0.18823529411764706,0.03907327626574478,0.07262396812438965,0.18794012069702148,0.13104286789894104
0.16608996539792387,0.006968641114982578,0.1245674740484429,0.0066644721774785235,-0.1055898368358612,0.08964365720748901,-0.008261517621576786
0.07258064516129031,0.0,0.04838709677419355,0.00232689828339167,-0.15806885063648224,0.16854257881641388,0.0014712727861478925
0.1296928327645051,0.048109965635738834,0.0819112627986348,0.012920664332985986,-0.05572962015867233,0.33036157488822937,0.13139107823371887
0.23569023569023567,0.06101694915254237,0.12121212121212122,0.01171203907153878,0.05191514268517494,0.028663700446486473,0.041821084916591644
0.1928571428571429,0.014388489208633094,0.12142857142857141,0.005862099482352332,-0.13015735149383545,-0.002730752108618617,-0.06554050743579865
0.08403361344537814,0.008474576271186439,0.0588235294117647,0.0024248750753521242,-0.14389483630657196,0.16512419283390045,0.007410044316202402
0.21886792452830187,0.022813688212927757,0.12830188679245283,0.007312930905838546,0.03614925965666771,0.17100945115089417,0.10413792729377747
0.18823529411764706,0.08695652173913043,0.11764705882352941,0.05505013863355724,0.0797654539346695,0.2811896502971649,0.17983396351337433
0.08906882591093118,0.0,0.048582995951417005,0.0012928399590086367,-0.2012481689453125,0.04892149567604065,-0.07762359082698822
0.2537764350453172,0.060790273556231005,0.1389728096676737,0.028843810907155213,0.046973977237939835,0.23528224229812622,0.1407841295003891
0.3178807947019867,0.11999999999999998,0.1920529801324503,0.0330138569326055,0.1876903772354126,0.21917292475700378,0.20467819273471832
0.2173913043478261,0.021897810218978103,0.10144927536231885,0.0037190721666005566,-0.04609031230211258,0.04804779589176178,0.002156053902581334
0.226537216828479,0.03908794788273615,0.1423948220064725,0.008811015886698133,0.057810015976428986,0.07291744649410248,0.06687121838331223
0.16666666666666666,0.03816793893129771,0.11363636363636363,0.019039963272933315,-0.0025158629287034273,0.2740914523601532,0.13343200087547302
0.15384615384615385,0.025806451612903226,0.08333333333333334,0.006231894368835959,-0.05434150993824005,0.19731806218624115,0.06984519213438034
0.2980392156862745,0.15810276679841898,0.19607843137254904,0.07710059534051422,0.20266741514205933,0.28006550669670105,0.24231183528900146
0.26392961876832843,0.06489675516224189,0.15835777126099707,0.0761835021254434,0.010719656012952328,-0.1815568059682846,-0.08556266874074936
0.13114754098360656,0.06611570247933884,0.11475409836065574,0.028994785765966702,-0.05801307037472725,0.03174393251538277,-0.011894848197698593
0.34677419354838707,0.17073170731707316,0.22580645161290322,0.06967136055715101,0.21517632901668549,0.2964567542076111,0.2567095458507538
0.14912280701754385,0.10619469026548674,0.14912280701754385,0.051237259999670846,0.028361119329929352,0.5293789505958557,0.2680354416370392
0.15702479338842976,0.05,0.12396694214876032,0.009910160788483868,0.008100498467683792,-0.410559743642807,-0.2085311859846115
0.2473498233215548,0.09252669039145907,0.1696113074204947,0.03038014972033956,0.07752162218093872,0.26916196942329407,0.17289502918720245
0.32917705735660846,0.11528822055137845,0.22942643391521197,0.08768171298080567,0.015368625521659851,0.11832292377948761,0.06783535331487656
0.035398230088495575,0.0,0.02654867256637168,0.0010456939853223494,-0.23694074153900146,0.10826937109231949,-0.06870483607053757
0.2845528455284553,0.0901639344262295,0.19512195121951223,0.03320634537692649,0.08157911896705627,0.190087229013443,0.1366599053144455
0.3090909090909091,0.09146341463414634,0.1575757575757576,0.00579150898542661,0.10891790688037872,0.14636972546577454,0.12899310886859894
0.22142857142857145,0.05755395683453237,0.1357142857142857,0.012061085249995614,0.01999424770474434,0.08672542870044708,0.05467653647065163
0.39045553145336226,0.09150326797385622,0.1735357917570499,0.06138813336172287,0.14298003911972046,-0.05237101390957832,0.0449380949139595
0.33333333333333337,0.06091370558375634,0.1616161616161616,0.005189738114322085,0.06472758203744888,0.08192114531993866,0.07481595128774643
0.28228228228228225,0.06646525679758308,0.15615615615615616,0.02011685031477274,0.040474195033311844,0.14935056865215302,0.09579695016145706
0.1592920353982301,0.017857142857142856,0.10619469026548672,0.0034901658518020216,0.020630288869142532,0.2563493549823761,0.13716140389442444
0.22535211267605634,0.023584905660377357,0.11737089201877934,0.0060314342835741264,0.07137912511825562,0.030454251915216446,0.052373919636011124
0.14414414414414414,0.006042296072507552,0.0900900900900901,0.002579238091865528,-0.14420118927955627,-0.23218679428100586,-0.18667258322238922
0.20350877192982458,0.04240282685512368,0.13333333333333333,0.008307162617325316,0.013699284754693508,0.08040013164281845,0.048376478254795074
0.25531914893617025,0.03058103975535168,0.12765957446808512,0.021425792342670294,-0.044414956122636795,-0.04453955590724945,-0.042780276387929916
0.1851851851851852,0.08695652173913042,0.16049382716049385,0.037899823307078605,0.0361301563680172,0.14390993118286133,0.09092401713132858
0.1605351170568562,0.013468013468013467,0.08695652173913043,0.006405230902407101,-0.12233667075634003,-0.0215386301279068,-0.07071503251791
0.2888888888888889,0.1417910447761194,0.2518518518518518,0.08862646260244714,0.12919868528842926,0.3154308795928955,0.22190366685390472
0.13286713286713286,0.02112676056338028,0.08391608391608392,0.003355633046159751,-0.09860046207904816,-0.024722857400774956,-0.06021411344408989
0.3010752688172043,0.1371841155234657,0.17204301075268813,0.05054156060815283,0.13663874566555023,-0.13749337196350098,-0.0026098669040948153
0.21722846441947566,0.045283018867924525,0.11235955056179775,0.005943544885333876,0.02570587955415249,0.1431741863489151,0.08524411916732788
0.17049180327868851,0.019801980198019802,0.0918032786885246,0.0038366390034484106,-0.05862293392419815,0.12263340502977371,0.03193149343132973
0.1762114537444934,0.09777777777777777,0.15859030837004406,0.024941432335535942,-0.0016742941224947572,0.28537315130233765,0.1391991376876831
0.16091954022988508,0.0,0.08429118773946359,0.0027895632943956386,-0.014298888854682446,0.08118115365505219,0.034555837512016296
0.3415841584158416,0.05472636815920398,0.17326732673267328,0.02945307819418844,0.13125963509082794,0.08364979922771454,0.10879189521074295
0.12363636363636364,0.02197802197802198,0.10181818181818182,0.0034853351715381686,-0.06996412575244904,0.19654977321624756,0.06127430871129036
0.2722222222222222,0.1229050279329609,0.17777777777777778,0.06788741516465802,0.012351146899163723,-0.15373851358890533,-0.0703735277056694
0.3844011142061281,0.20168067226890757,0.22284122562674094,0.07955010209084333,0.05243444815278053,0.24469484388828278,0.1481376737356186
0.3558897243107769,0.08060453400503778,0.15538847117794485,0.05269281591829518,0.11934006214141846,0.12181559950113297,0.12200615555047989
0.20930232558139536,0.029239766081871343,0.12209302325581396,0.00769425130899664,0.07034122198820114,-0.14776906371116638,-0.03945701941847801
0.2783882783882784,0.03690036900369004,0.14652014652014653,0.02484576261158552,0.09404948353767395,0.1935986429452896,0.1447303593158722
0.3383084577114428,0.09000000000000001,0.17412935323383086,0.015428246178782322,0.13541831076145172,0.20795950293540955,0.17277918756008148
0.31724137931034485,0.08314087759815242,0.1563218390804598,0.04046309534446723,0.012633792124688625,0.19267790019512177,0.10251161456108093
0.30498533724340177,0.08849557522123895,0.16422287390029325,0.02727662509830095,0.05939198285341263,0.0802077054977417,0.07128997892141342
0.1953727506426735,0.04134366925064599,0.11825192802056554,0.0075023096603832025,-0.04336750507354736,-0.003486661007627845,-0.021844126284122467
0.25263157894736843,0.09187279151943463,0.1543859649122807,0.016329996938934208,0.06042634695768356,0.2946237325668335,0.17618897557258606
0.17142857142857143,0.02158273381294964,0.10000000000000002,0.003397595939964603,-0.07164867967367172,0.15961953997612,0.0428629145026207
0.3283582089552239,0.07807807807807808,0.17910447761194032,0.0362922807401464,0.09532828629016876,0.2691711485385895,0.1821083277463913
0.1958041958041958,0.035211267605633804,0.13286713286713286,0.008160084202168006,-0.05036643147468567,0.0720515325665474,0.011696371249854565
0.16194331983805668,0.04081632653061224,0.097165991902834,0.01529971569508707,0.00445971405133605,0.2245803028345108,0.11356876790523529
0.25468164794007486,0.09056603773584906,0.16479400749063672,0.02274020495148201,0.021228831261396408,0.2463340014219284,0.13269884884357452
0.3582089552238806,0.12012012012012012,0.18507462686567167,0.054074156071101845,0.09425890445709229,0.28989550471305847,0.19153103232383728
0.27878787878787875,0.0548780487804878,0.17575757575757575,0.029209745552220997,0.004394623916596174,0.16813331842422485,0.08641979098320007
0.2072538860103627,0.07812500000000001,0.15025906735751293,0.03672040748191392,-0.031999073922634125,0.24614547193050385,0.10470051318407059
0.08540925266903915,0.0,0.06405693950177936,0.0013643932777352291,-0.16998453438282013,0.01570889912545681,-0.07715494185686111
0.10655737704918034,0.033057851239669415,0.06557377049180327,0.011628661254288492,-0.09818480908870697,0.23355889320373535,0.06371854245662689
0.35344827586206895,0.09956709956709955,0.1982758620689655,0.04515315636300634,0.04388291761279106,0.2015383541584015,0.12291307747364044
0.06324110671936758,0.01593625498007968,0.06324110671936758,0.010899793247320568,-0.12692338228225708,0.18806038796901703,0.027163805440068245
0.11494252873563218,0.015444015444015444,0.09195402298850575,0.006846936039705615,-0.17686142027378082,0.08899421989917755,-0.04583759605884552
0.3665594855305467,0.18122977346278318,0.23794212218649516,0.05930422838857222,0.1696467101573944,0.29822006821632385,0.23438230156898499
0.3502304147465438,0.05555555555555555,0.14746543778801846,0.028880330951426187,0.05705441161990166,-0.00591993099078536,0.026949435472488403
0.35356200527704484,0.11140583554376658,0.2058047493403694,0.04397798956138891,0.11681251972913742,0.06510226428508759,0.09230029582977295
0.08835341365461848,0.008097165991902834,0.07228915662650602,0.002608519562219975,-0.2111375778913498,0.02660643868148327,-0.09339827299118042
0.3406593406593406,0.05524861878453038,0.20329670329670332,0.03534216616791604,0.11535578221082687,0.21604882180690765,0.16656354069709778
0.2344322344322344,0.0959409594095941,0.13919413919413917,0.03592385688639622,0.05384838208556175,0.13927896320819855,0.09767188876867294
0.1889763779527559,0.03968253968253968,0.11023622047244094,0.004006232190784011,-0.044375691562891006,0.12867537140846252,0.04220850393176079
0.3333333333333333,0.08219178082191782,0.18367346938775508,0.04899601862150506,0.03818472847342491,0.08580928295850754,0.06340882182121277
0.30113636363636365,0.06857142857142857,0.17613636363636362,0.039028702828091594,0.062016092240810394,0.009498913772404194,0.037184424698352814
0.2105263157894737,0.045454545454545456,0.15037593984962405,0.03698219292472579,0.00730385584756732,0.12830184400081635,0.06859005987644196
0.027777777777777776,0.0,0.027777777777777776,0.0009135063455323267,-0.25035420060157776,0.006277546286582947,-0.12362434715032578
0.21875,0.012578616352201259,0.125,0.004101113848279955,-0.04479771479964256,-0.06799926608800888,-0.05471044033765793
0.1942857142857143,0.03448275862068966,0.10285714285714287,0.015473476393001362,-0.0955599918961525,0.053511422127485275,-0.020490456372499466
0.27272727272727276,0.15853658536585366,0.21818181818181817,0.07364245168417197,0.11497656255960464,0.33603742718696594,0.22440652549266815
0.3958868894601542,0.17054263565891473,0.24678663239074553,0.1376035642308578,0.21042795479297638,0.24926353991031647,0.23102478682994843
0.17518248175182485,0.022058823529411766,0.1240875912408759,0.003994050400766837,-0.010925537906587124,-0.2473074495792389,-0.13019032776355743
0.1346801346801347,0.020338983050847456,0.10774410774410773,0.006699842071203744,-0.1103106141090393,0.10416369140148163,-0.003766119247302413
0.09774436090225563,0.015151515151515152,0.09022556390977443,0.0026204778058824918,-0.11390753835439682,0.2551208734512329,0.06533461064100266
0.3008849557522124,0.04154302670623145,0.12389380530973453,0.010948733333220386,0.00869621243327856,0.05399107187986374,0.03281545639038086
0.03292181069958848,0.008298755186721992,0.02469135802469136,0.001872774020327333,-0.21011488139629364,0.16305702924728394,-0.028934206813573837
0.31123919308357356,0.05797101449275362,0.15561959654178678,0.012939592429875562,0.19223181903362274,-0.013295084238052368,0.08884424716234207
0.2027027027027027,0.061224489795918366,0.13513513513513511,0.01915003465988503,-0.05694970116019249,0.25877201557159424,0.09743879735469818
0.2142857142857143,0.07194244604316546,0.1357142857142857,0.010904485249619641,0.058644864708185196,0.3130701184272766,0.1840309351682663
0.24675324675324675,0.045751633986928095,0.16883116883116883,0.00923570153646421,0.1460328996181488,0.2359277904033661,0.1919032633304596
0.2793650793650793,0.12140575079872204,0.17777777777777778,0.0492576002769472,0.12076319009065628,0.25994637608528137,0.19073006510734558
0.3136094674556213,0.05952380952380953,0.18343195266272191,0.009442886837408796,0.0532565601170063,0.18292076885700226,0.11869420111179352
0.2312925170068027,0.04109589041095891,0.11564625850340135,0.007512056907228866,-0.043902020901441574,0.18121016025543213,0.0676446408033371
0.20711974110032366,0.08469055374592833,0.15533980582524273,0.03879369590321612,-0.020321466028690338,0.14477866888046265,0.06239453703165054
0.27999999999999997,0.03015075376884422,0.125,0.006991047230594066,-0.0036368935834616423,0.09874357283115387,0.04857848957180977
0.25249169435215946,0.033444816053511704,0.13953488372093023,0.028295782487683527,0.04575248435139656,0.12220964580774307,0.08518019318580627
0.2857142857142857,0.09569377990430622,0.17619047619047618,0.05109176657864881,0.04032420367002487,0.1259499341249466,0.08426409214735031
0.10408921933085503,0.02247191011235955,0.06691449814126393,0.0033274843083140196,-0.07628703862428665,0.14868272840976715,0.035227905958890915
0.2136498516320475,0.06567164179104477,0.13056379821958458,0.030758898174357466,0.007092667743563652,0.2223079800605774,0.11385447531938553
0.356923076923077,0.10526315789473684,0.20923076923076922,0.03656443871280256,0.1611715853214264,0.16861757636070251,0.1662488728761673
0.36407766990291257,0.0975609756097561,0.1941747572815534,0.03660536862153746,0.08470767736434937,0.2352323681116104,0.1602281779050827
0.28169014084507044,0.14184397163120566,0.21126760563380284,0.0810766236792895,0.17046138644218445,0.2962660789489746,0.2338479608297348
0.20958083832335328,0.012048192771084338,0.11377245508982035,0.004291660984362877,-0.046653833240270615,0.08638090640306473,0.020567798987030983
0.23738872403560826,0.05373134328358209,0.16023738872403562,0.034583888666158746,0.056622836738824844,0.12924274802207947,0.09414626657962799
0.3695652173913043,0.20437956204379562,0.3115942028985507,0.11594445565507473,0.130445659160614,0.00692663062363863,0.06943482160568237
0.19444444444444445,0.02797202797202797,0.11805555555555554,0.009136863430460131,-0.03755434975028038,0.008814810775220394,-0.012829667888581753
0.28865979381443296,0.041522491349480974,0.15807560137457044,0.025324483738142115,0.15463042259216309,0.16671594977378845,0.16202999651432037
0.3,0.16279069767441862,0.21538461538461537,0.06299296076357594,0.1204066127538681,0.37853601574897766,0.24748848378658295
0.16494845360824742,0.006920415224913495,0.0893470790378007,0.0027924524081575173,-0.12937697768211365,-0.03414324298501015,-0.08046653866767883
0.19620253164556964,0.038216560509554146,0.10126582278481013,0.007311790532540924,-0.07881421595811844,0.1111769825220108,0.015964332967996597
0.2173913043478261,0.007299270072992701,0.10869565217391305,0.003720611387377351,-0.10402732342481613,0.033066507428884506,-0.03475255146622658
0.2873900293255132,0.12979351032448377,0.1759530791788856,0.06134391541359961,0.1475253701210022,0.17969729006290436,0.16492028534412384
0.23300970873786409,0.03257328990228013,0.1423948220064725,0.00498195947453322,-0.08723344653844833,-0.09262166172266006,-0.08815805613994598
0.2789115646258503,0.07534246575342465,0.1768707482993197,0.010657137480198675,0.06834042072296143,0.24310025572776794,0.15559856593608856
0.1774193548387097,0.024390243902439025,0.11290322580645161,0.005232611738757768,-0.033754732459783554,0.0871739536523819,0.027558287605643272
0.1958041958041958,0.06338028169014086,0.1188811188811189,0.03217553196923689,0.016126710921525955,0.132711723446846,0.07524857670068741
0.26190476190476186,0.04191616766467066,0.1607142857142857,0.005053654913495954,0.0559687539935112,0.12421667575836182,0.09134145826101303
0.31876606683804626,0.12919896640826875,0.24164524421593828,0.06634120622594945,0.18131405115127563,-0.0012861418072134256,0.08983168751001358
0.1924398625429553,0.06920415224913494,0.10996563573883161,0.03772049115081648,0.03563455492258072,0.11254412680864334,0.07530084252357483
0.3860369609856263,0.07835051546391752,0.18480492813141686,0.0378689881075317,0.08303267508745193,0.0015050971414893866,0.04348977655172348
0.21902017291066284,0.06956521739130435,0.16138328530259366,0.02065153829949911,-0.052011363208293915,0.04170268774032593,-0.003963890019804239
0.20771513353115728,0.02985074626865672,0.13649851632047477,0.007332387963786708,-0.08035656809806824,-0.07027477025985718,-0.0735735222697258
0.2874617737003058,0.12307692307692308,0.15290519877675843,0.07679297725779144,0.045984894037246704,0.11638451367616653,0.0824325904250145
0.14432989690721648,0.020761245674740483,0.08247422680412371,0.0061405925813339405,-0.048231203109025955,0.041935790330171585,-0.0019272048957645893
0.32771084337349393,0.10169491525423731,0.16385542168674697,0.05570649839437077,0.12677374482154846,0.16578920185565948,0.14759451150894165
0.35211267605633806,0.1843971631205674,0.21830985915492956,0.1261022413096649,0.18578968942165375,0.01446095947176218,0.10012847930192947
0.15062761506276148,0.02531645569620253,0.100418410041841,0.008389683344105245,-0.0178837813436985,0.24798695743083954,0.11300158500671387
0.34332425068119893,0.08219178082191782,0.17438692098092642,0.014837810488669922,0.1355728954076767,-0.021618571132421494,0.05727015808224678
0.3257328990228013,0.14426229508196722,0.2280130293159609,0.06465218137250456,0.1981150060892105,0.44042715430259705,0.31759291887283325
0.3333333333333333,0.13043478260869568,0.2345679012345679,0.06904643189312805,0.12414008378982544,0.3030243515968323,0.21331265568733215
0.17886178861788618,0.021798365122615803,0.09214092140921408,0.009057820347360572,-0.1138339564204216,-0.29205960035324097,-0.2026725858449936
0.28048780487804875,0.15950920245398773,0.1951219512195122,0.07751715174122342,0.07239119708538055,-0.03912226855754852,0.017602652311325073
0.37388724035608306,0.1970149253731343,0.24925816023738875,0.10515784447020936,0.1928834170103073,0.3270963430404663,0.2603301703929901
0.25622775800711745,0.07168458781362007,0.14234875444839856,0.03222760396150785,0.05610141158103943,0.2999996542930603,0.1764877438545227
0.38095238095238093,0.11642411642411643,0.19875776397515527,0.07809685857720944,0.1620117425918579,0.0714215487241745,0.11774419993162155
0.2911877394636015,0.1003861003861004,0.19923371647509577,0.04285509304552622,0.09835036098957062,0.3030101954936981,0.19994759559631348
0.2617449664429531,0.013513513513513513,0.12751677852348992,0.001967076198303237,0.03568372502923012,0.08883363008499146,0.06364225596189499
0.1627906976744186,0.0234375,0.10077519379844962,0.015624035383374405,-0.05700241029262543,0.160213440656662,0.05078998953104019
0.22629969418960244,0.024615384615384612,0.12844036697247707,0.0028116263076731272,-0.15880607068538666,-0.07025744020938873,-0.11312448978424072
0.16045845272206308,0.0345821325648415,0.10888252148997135,0.007045452130417906,-0.1181284710764885,0.1412244588136673,0.0097659882158041
0.32885906040268453,0.09459459459459459,0.174496644295302,0.03751987620349258,0.1183488517999649,0.15760542452335358,0.13930296897888184
0.23846153846153842,0.08527131782945738,0.18461538461538463,0.023367978285459796,0.10304956138134003,0.22919180989265442,0.1666998565196991
0.15714285714285717,0.04316546762589928,0.10714285714285715,0.00688068619753227,-0.06569366902112961,0.25574520230293274,0.0913764238357544
0.22910216718266255,0.09345794392523364,0.1671826625386997,0.053423822193177053,0.08518169820308685,0.21951107680797577,0.15284179151058197
0.39050131926121373,0.16445623342175067,0.21108179419525067,0.0366144825374626,0.21660158038139343,0.06847891211509705,0.14285118877887726
0.3236074270557029,0.10133333333333333,0.2122015915119363,0.05980859163951359,0.008138350211083889,-0.11646304279565811,-0.053246933966875076
0.2493368700265252,0.010666666666666666,0.11671087533156499,0.002616094693197057,-0.07586996257305145,0.0640304759144783,-0.0052727083675563335
0.2551928783382789,0.017910447761194027,0.11869436201780417,0.0041012694064109685,-0.030648814514279366,0.047125283628702164,0.009545967914164066
0.12355212355212356,0.04669260700389105,0.09266409266409266,0.022731123931819842,-0.0762997716665268,0.29061922430992126,0.10195432603359222
0.29729729729729726,0.06802721088435375,0.17567567567567566,0.024182305978789426,0.08725042641162872,-0.11859989166259766,-0.016179408878087997
0.3284671532846715,0.07352941176470588,0.1970802919708029,0.03195791006962458,0.032821185886859894,0.21497951447963715,0.12369073927402496
0.37179487179487175,0.10322580645161292,0.23076923076923078,0.0692935030567336,0.11289050430059433,0.1406337320804596,0.12814339995384216
0.3105263157894737,0.03703703703703704,0.14736842105263157,0.011566127256034698,-0.03533492609858513,-0.08852589130401611,-0.06035149469971657
0.21518987341772153,0.0445859872611465,0.12025316455696204,0.008356568018346078,0.04910567030310631,0.2557285726070404,0.15170425176620483
0.26537216828478966,0.05863192182410423,0.17475728155339806,0.031348242863481465,-0.005592771805822849,0.15204346179962158,0.07349618524312973
0.2793650793650793,0.051118210862619806,0.15873015873015872,0.01564897118417259,0.10780748724937439,0.12995480000972748,0.12028872966766357
0.19240506329113927,0.030534351145038163,0.13670886075949368,0.013655456534974813,-0.1196170449256897,0.003730377182364464,-0.05700034275650978
0.14666666666666667,0.10067114093959732,0.12,0.03922751433041308,-0.03177904337644577,0.18743430078029633,0.07693810015916824
0.2992874109263658,0.06205250596658711,0.166270783847981,0.025831380083283603,0.025447288528084755,-0.0167318694293499,0.005884384736418724
0.4207650273224044,0.12637362637362637,0.21311475409836067,0.07464218125484534,0.18452610075473785,0.1554696410894394,0.17130474746227264
0.28762541806020064,0.10774410774410775,0.18060200668896323,0.07969365172112289,0.084315724670887,0.18464764952659607,0.13539452850818634
0.20886075949367086,0.019108280254777073,0.08860759493670886,0.007332387963786708,0.03375331684947014,0.11819416284561157,0.07712139189243317
0.3051948051948052,0.05882352941176471,0.15584415584415584,0.013747351846350817,0.14575733244419098,0.23088189959526062,0.18928739428520203
0.26936026936026936,0.04067796610169491,0.15488215488215487,0.005688240507686505,0.01950041390955448,0.032469067722558975,0.02755899354815483
0.2623906705539359,0.03519061583577712,0.15160349854227406,0.005644816121801044,0.03327469527721405,-0.14426365494728088,-0.055396631360054016
0.3100303951367781,0.0856269113149847,0.1580547112462006,0.035053493383914294,0.03913454711437225,0.14110419154167175,0.09108329564332962
0.18808777429467086,0.0,0.09404388714733543,0.0034466551142088146,-0.10213229060173035,-0.18027420341968536,-0.13966885209083557
0.2412698412698413,0.07028753993610223,0.12063492063492065,0.02488971082835659,0.013796565122902393,0.09692931920289993,0.05655394494533539
0.29828850855745725,0.03931203931203932,0.14180929095354522,0.013213457702793181,0.016699429601430893,-0.04815143719315529,-0.014290698803961277
0.17482517482517484,0.00704225352112676,0.0979020979020979,0.003888877996565558,-0.09070690721273422,0.04564317688345909,-0.02181163616478443
0.24918032786885244,0.052805280528052806,0.1377049180327869,0.007900736242638312,0.05227844417095184,0.19796361029148102,0.1254989355802536
0.37037037037037035,0.06101694915254237,0.1750841750841751,0.016700387202686247,0.1731732338666916,0.1296343207359314,0.1526881605386734
0.19607843137254902,0.08552631578947369,0.1437908496732026,0.031616285102666994,0.0007860303157940507,0.24178192019462585,0.11985010653734207
0.31358885017421606,0.14736842105263157,0.22299651567944248,0.08182997659516957,0.10326959937810898,0.3143902122974396,0.20795729756355286
0.20496894409937888,0.03125,0.10559006211180123,0.008688604197320468,0.027766821905970573,0.09150071442127228,0.06095999479293823
0.32653061224489793,0.08904109589041095,0.14965986394557823,0.048468665232576515,0.13510346412658691,0.1206645742058754,0.1292901188135147
0.29508196721311475,0.12396694214876032,0.18032786885245902,0.05894860120074996,0.15341705083847046,0.3597051501274109,0.25572776794433594
0.28268551236749123,0.05693950177935943,0.15547703180212014,0.027227062989091402,-0.029013078659772873,0.09044873714447021,0.03157832846045494
0.22295081967213112,0.07260726072607261,0.1377049180327869,0.03381619196558249,-0.002408677013590932,0.06554865837097168,0.03291328251361847
0.24915824915824913,0.03389830508474576,0.1414141414141414,0.004430829271632933,-0.01579347811639309,-0.25392067432403564,-0.13596805930137634
0.29916897506925205,0.13370473537604458,0.17174515235457066,0.04970333882569536,0.07795814424753189,0.1760648936033249,0.12795764207839966
0.12830188679245283,0.015209125475285173,0.09056603773584906,0.0053566835332422924,-0.11112777888774872,0.039260927587747574,-0.035399191081523895
0.13513513513513514,0.0,0.08108108108108109,0.0036276059242332285,-0.09746280312538147,0.0865839421749115,-0.005516389850527048
0.22641509433962262,0.09885931558935361,0.1811320754716981,0.04087915068957138,0.013399658724665642,0.12304513901472092,0.06913922727108002
0.14925373134328357,0.006006006006006007,0.0835820895522388,0.002698099696158207,-0.02345992624759674,0.024589503183960915,0.0020727075170725584
0.3096774193548387,0.03246753246753247,0.16129032258064516,0.0049320974564337535,0.07931795716285706,0.1165330782532692,0.09932327270507812
0.15444015444015444,0.0311284046692607,0.08494208494208495,0.0147515887558589,-0.07219097763299942,-0.041251689195632935,-0.05505265295505524
0.20905923344947733,0.007017543859649122,0.11149825783972127,0.0039916372954314884,-0.08763176947832108,0.04780443385243416,-0.019184816628694534
0.3387978142076502,0.07692307692307693,0.18032786885245902,0.06745304539753691,0.12282979488372803,0.20751558244228363,0.16618001461029053
0.12549019607843137,0.007905138339920948,0.08627450980392158,0.0014912360163854546,-0.08073931932449341,-0.40227338671684265,-0.24499621987342834
0.25573770491803277,0.0924092409240924,0.17704918032786884,0.028142864285152544,0.06152438372373581,0.2395237386226654,0.15035340189933777
0.25641025641025644,0.051612903225806445,0.14743589743589744,0.026704292968161757,0.13179945945739746,0.17802806198596954,0.15618304908275604
0.13278008298755187,0.041841004184100423,0.0912863070539419,0.0024770241196562614,-0.01383476983755827,0.21061208844184875,0.09736110270023346
0.17760617760617758,0.007782101167315174,0.12355212355212356,0.0031497351895814723,-0.05172518268227577,0.09213706105947495,0.02075885981321335
0.24727272727272728,0.07326007326007325,0.16,0.044087097129951285,0.04165995866060257,0.31687867641448975,0.17691224813461304
0.41104294478527603,0.1111111111111111,0.20858895705521474,0.05680660720720008,0.10759559273719788,0.27640092372894287,0.19192764163017273
0.09230769230769231,0.0,0.061538461538461535,0.0026479214836058204,-0.12227652966976166,0.03457019105553627,-0.04340855032205582
0.18543046357615892,0.05333333333333334,0.1456953642384106,0.012691247744576252,0.04723469167947769,0.09455017000436783,0.07229119539260864
0.18918918918918917,0.04081632653061225,0.12162162162162163,0.015654208625479053,0.056162960827350616,0.12301932275295258,0.0908498540520668
0.3227665706051873,0.11594202898550725,0.19596541786743515,0.07576262795995972,0.056651487946510315,0.11853692680597305,0.08888769149780273
0.32950191570881227,0.12355212355212354,0.21455938697318008,0.07899802209187846,0.13707102835178375,0.26621013879776,0.2021304816007614
0.28373702422145325,0.10452961672473869,0.2283737024221453,0.05042299894837072,0.07734545320272446,0.28705155849456787,0.1813868135213852
0.2611275964391691,0.04776119402985075,0.14836795252225518,0.00528433361643758,0.00592211214825511,0.08364307880401611,0.046033602207899094
0.05309734513274336,0.00892857142857143,0.035398230088495575,0.0022609885008941684,-0.18365409970283508,-0.6486095190048218,-0.42578548192977905
0.17228464419475656,0.03773584905660377,0.12734082397003746,0.008871286822915376,0.027207544073462486,0.2642628848552704,0.1443680226802826
0.338368580060423,0.10942249240121582,0.19335347432024166,0.04475084485299302,0.09062802046537399,0.23169724643230438,0.16155393421649933
0.11718749999999999,0.0,0.078125,0.0028768079083143433,-0.10084004700183868,-0.04577016457915306,-0.07171554118394852
0.15,0.021582733812949638,0.09999999999999999,0.003319507555880819,-0.14843450486660004,-0.03252601623535156,-0.08939800411462784
0.33333333333333337,0.09285714285714287,0.1914893617021277,0.04537587891913699,0.11247450113296509,0.1722743809223175,0.14359353482723236
0.10752688172043012,0.016216216216216217,0.06989247311827956,0.003911969233860695,-0.14595931768417358,-0.4127676784992218,-0.28110915422439575
0.36686390532544383,0.07142857142857142,0.18343195266272191,0.014088466337332003,0.13706748187541962,0.1443810909986496,0.14211802184581757
0.25867507886435337,0.06984126984126983,0.13249211356466878,0.045983948703104786,0.07231832295656204,0.049981605261564255,0.06264987587928772
0.2145328719723183,0.04181184668989547,0.1245674740484429,0.010834026205667344,0.053003981709480286,0.052406031638383865,0.05424391105771065
0.24822695035460993,0.06428571428571428,0.1631205673758865,0.009090103047623402,0.057141076773405075,0.2247868776321411,0.1409815549850464
0.19417475728155342,0.01954397394136808,0.12297734627831713,0.004917793247801292,-0.0164174921810627,0.11082608997821808,0.04794421046972275
0.44516129032258067,0.2077922077922078,0.29677419354838713,0.15495649249707116,0.23608112335205078,0.22610557079315186,0.2323378473520279
0.2549019607843137,0.03289473684210526,0.13071895424836602,0.005620354616926802,0.045317016541957855,0.11039171367883682,0.07914324104785919
0.1607142857142857,0.02395209580838323,0.09523809523809525,0.01250242885274662,-0.051043860614299774,0.11262159049510956,0.031021039932966232
0.49329758713136734,0.2425876010781671,0.32171581769437,0.15223854019273328,0.29916802048683167,0.2646647095680237,0.2830254137516022
0.035398230088495575,0.0,0.035398230088495575,0.0009937892543987195,-0.30815571546554565,-0.0912386029958725,-0.20022235810756683
0.396694214876033,0.1329639889196676,0.24793388429752067,0.08792908306185702,0.18205834925174713,0.23653194308280945,0.21043720841407776
0.19078947368421054,0.06622516556291391,0.13157894736842107,0.030921297383278767,-0.05117439478635788,0.17156976461410522,0.059250690042972565
0.2611464968152866,0.1282051282051282,0.18471337579617836,0.05607825987640401,0.003106269985437393,0.11056079715490341,0.05779106914997101
0.24727272727272726,0.0879120879120879,0.16,0.04604215329689019,0.03553656488656998,0.3016607463359833,0.16649185121059418
0.3559870550161813,0.09771986970684039,0.19417475728155337,0.05125969254381283,0.146839439868927,0.2277231514453888,0.18828441202640533
0.22764227642276424,0.1557377049180328,0.2113821138211382,0.05538479933830676,-0.04724424332380295,0.3756949007511139,0.15683676302433014
0.2724458204334365,0.08722741433021806,0.1671826625386997,0.036111296280485226,0.0204569511115551,0.21933138370513916,0.11937616020441055
0.2402234636871508,0.07303370786516854,0.17318435754189943,0.043379702007696946,0.0758964940905571,0.1325189471244812,0.10550607740879059
0.23312883435582823,0.043209876543209874,0.12269938650306748,0.004729728814413505,0.008247658610343933,0.05958487093448639,0.03535504266619682
0.5047169811320755,0.21800947867298578,0.3018867924528302,0.14555602382798533,0.23244599997997284,0.12494499236345291,0.1794634908437729
0.36231884057971014,0.0875912408759124,0.18115942028985507,0.0560857466031018,0.21472105383872986,0.22716107964515686,0.22219961881637573
0.3375,0.08176100628930817,0.20625000000000002,0.03562779206621631,0.10931552201509476,0.2757868468761444,0.19251777231693268
0.13953488372093023,0.031249999999999997,0.08527131782945736,0.007198525201748498,-0.039316724985837936,-0.023492250591516495,-0.0297408290207386
0.32537960954446854,0.08278867102396514,0.18655097613882865,0.04273341731694629,0.13219423592090607,0.06978451460599899,0.10225557535886765
0.1925925925925926,0.06716417910447761,0.13333333333333333,0.024989558031725725,0.020244702696800232,-0.21749591827392578,-0.0997636616230011
0.16883116883116883,0.013071895424836602,0.1103896103896104,0.003983681374191355,-0.08300968259572983,-0.007640092633664608,-0.043914277106523514
0.2678062678062678,0.02865329512893983,0.11965811965811964,0.008788140838642086,0.03636080026626587,0.14646169543266296,0.09228828549385071
0.16783216783216784,0.056338028169014086,0.12587412587412586,0.02099397980290852,-0.06902527809143066,0.2815631926059723,0.10164318978786469
0.27848101265822783,0.09554140127388534,0.17088607594936708,0.05344985349677434,0.0038657691329717636,0.13827474415302277,0.07168199121952057
0.1888111888111888,0.014084507042253521,0.13986013986013987,0.0038098341768112018,-0.09119543433189392,0.10804404318332672,0.008035494014620781
0.10300429184549356,0.025974025974025976,0.08583690987124463,0.006130987295602957,-0.12994793057441711,0.13221296668052673,-0.0007137403590604663
0.28484848484848485,0.06097560975609755,0.14545454545454545,0.009787567676405692,0.042580414563417435,0.1517321914434433,0.0980345830321312
0.2857142857142857,0.10862619808306709,0.20317460317460317,0.04263314993109727,0.08980095386505127,0.2258756458759308,0.15830238163471222
0.22837370242214536,0.0627177700348432,0.1245674740484429,0.04062792417266834,-0.017936136573553085,0.20441165566444397,0.09226179867982864
0.26332288401253917,0.0694006309148265,0.12539184952978055,0.030715989503616953,0.11358102411031723,-0.04358449950814247,0.03532184660434723
0.07003891050583658,0.0,0.054474708171206226,0.0022107744847694732,-0.12580518424510956,0.09770538657903671,-0.01493098121136427
0.16988416988416988,0.04669260700389105,0.11583011583011585,0.01004615254088662,-0.08042483776807785,0.06459254771471024,-0.007340471260249615
0.1951219512195122,0.016393442622950817,0.11382113821138214,0.006812611296601543,0.026455119252204895,-0.023896202445030212,0.002772674662992358
0.1917808219178082,0.01379310344827586,0.11643835616438357,0.004506478340180296,-0.012302329763770103,0.11270471662282944,0.050964802503585815
0.12734082397003746,0.022641509433962266,0.09737827715355805,0.0033613329830470716,-0.09829235076904297,0.09043104946613312,-0.004097738303244114
0.14693877551020407,0.0,0.10612244897959183,0.001650397534185592,-0.09484188258647919,0.10367095470428467,0.004045470152050257
0.16181229773462782,0.026058631921824105,0.10355987055016182,0.0034498607229358656,-0.06501128524541855,0.06521227210760117,0.0008705442305654287
0.1845238095238095,0.023952095808383235,0.12499999999999999,0.004197354840314194,-0.0913500264286995,0.09980615973472595,0.004004150163382292
0.18723404255319148,0.05150214592274678,0.1021276595744681,0.004830733101140922,0.014625399373471737,0.12694954872131348,0.07167033851146698
0.37810945273631835,0.12,0.2537313432835821,0.08938349867191767,0.09651440382003784,-0.11101426929235458,-0.007800288498401642
0.2324159021406728,0.036923076923076927,0.15902140672782875,0.008737625791098465,0.005784857552498579,0.006194774992763996,0.007604636717587709
0.07092198581560283,0.0,0.05673758865248227,0.0010980729965524827,-0.23482319712638855,0.09548293799161911,-0.07352090626955032
0.40939597315436244,0.14189189189189189,0.19463087248322147,0.07127482638367094,0.1333170384168625,0.24562619626522064,0.19017700850963593
0.35,0.08542713567839195,0.16499999999999998,0.061859632466328536,0.11356404423713684,0.17133206129074097,0.14367865025997162
0.279863481228669,0.0893470790378007,0.18430034129692832,0.05471367121207876,0.11377417296171188,0.24177272617816925,0.17831218242645264
0.17424242424242428,0.06870229007633588,0.12878787878787878,0.020635710600909955,0.06635517627000809,0.279999703168869,0.1722957193851471
0.15249266862170088,0.011799410029498525,0.09384164222873899,0.0029627815991196283,-0.10769004374742508,-0.05119806528091431,-0.07785279303789139
0.08403361344537816,0.0,0.05882352941176471,0.0013362718098453707,-0.16269129514694214,-0.5179624557495117,-0.3450159430503845
0.06611570247933884,0.008333333333333333,0.04958677685950413,0.002348006065264856,-0.08459094166755676,0.1040855199098587,0.009563625790178776
0.24418604651162792,0.058479532163742694,0.14534883720930233,0.008593038567888862,0.04616955295205116,0.023283198475837708,0.03626761585474014
0.3450134770889488,0.08672086720867209,0.1671159029649596,0.03383087884846958,0.10510555654764175,0.15273252129554749,0.13022352755069733
0.28436018957345977,0.023809523809523808,0.12322274881516587,0.00993061890949989,0.008145424537360668,-0.039236169308423996,-0.014010288752615452
0.19047619047619047,0.1033210332103321,0.14652014652014653,0.06453992753011562,0.025796793401241302,0.3834287226200104,0.19970178604125977
0.22493887530562348,0.0,0.10268948655256722,0.0037209952381268728,-0.04156161844730377,-0.03387795016169548,-0.03603629395365715
0.3448275862068966,0.13333333333333333,0.21220159151193635,0.09921506896206231,0.07947148382663727,0.210190087556839,0.14538371562957764
0.3033419023136247,0.09302325581395349,0.19023136246786632,0.0455097150628541,0.0722833052277565,0.06517866253852844,0.07024108618497849
0.25170068027210885,0.02054794520547945,0.12244897959183673,0.008879785760962171,-0.044890396296978,0.09320814162492752,0.024787379428744316
0.38922155688622756,0.11445783132530121,0.20359281437125745,0.026284265750568216,0.12198610603809357,0.12612396478652954,0.12547703087329865
0.27167630057803466,0.05232558139534883,0.1676300578034682,0.010499544017489234,0.01619427651166916,0.015826335176825523,0.017608655616641045
0.31693989071038253,0.07142857142857142,0.15300546448087432,0.03200956354491986,0.06319054216146469,0.13137677311897278,0.09852124005556107
0.20242914979757085,0.02448979591836735,0.12145748987854253,0.00407027251822833,-0.02747427113354206,0.10389698296785355,0.03891103342175484
0.4175824175824176,0.15011037527593818,0.19780219780219785,0.05575373001971203,0.06056395545601845,0.08804623782634735,0.07577195763587952
0.21453287197231835,0.013937282229965157,0.09688581314878893,0.004098979619987591,-0.023450376465916634,0.06902258843183517,0.023945793509483337
0.19047619047619047,0.10273972602739725,0.14965986394557823,0.04067138001134327,0.05108454078435898,0.1799211949110031,0.11612247675657272
0.11199999999999999,0.024193548387096774,0.08,0.005903440568992278,-0.08069121092557907,0.22350357472896576,0.06830858439207077
0.17777777777777778,0.05223880597014925,0.11111111111111112,0.008286210912605141,0.0017577788094058633,0.16266651451587677,0.08241917192935944
0.29600000000000004,0.048387096774193554,0.12799999999999997,0.011063208669179423,0.06601310521364212,0.1992628425359726,0.13317561149597168
0.14285714285714285,0.088,0.12698412698412698,0.028936734419852665,0.036724455654621124,0.3696490228176117,0.19910423457622528
0.19484240687679083,0.02881844380403458,0.10888252148997134,0.007015012643958204,-0.11411978304386139,-0.006738802883774042,-0.059293776750564575
0.3291139240506329,0.15267175572519084,0.20253164556962022,0.07793365317916785,0.1049116998910904,0.19169065356254578,0.14931723475456238
0.18604651162790697,0.0859375,0.13953488372093023,0.026150359400222766,0.007567752618342638,0.1766969859600067,0.0921911671757698
0.2536231884057971,0.0364963503649635,0.15942028985507245,0.021497017579880148,0.03358316421508789,0.17634856700897217,0.1054142564535141
0.1003584229390681,0.007220216606498194,0.07168458781362007,0.0021798169851446345,-0.1684846431016922,0.14733362197875977,-0.013981682248413563
0.17006802721088435,0.0136986301369863,0.11564625850340134,0.004264709792940425,-0.04502340406179428,0.1769912838935852,0.06504642963409424
0.3846153846153846,0.14084507042253522,0.20279720279720279,0.08651180777811697,0.13660478591918945,0.27382367849349976,0.20559430122375488
0.4050632911392405,0.08651399491094146,0.20759493670886076,0.05059332498236877,0.14078184962272644,0.2136739194393158,0.17830723524093628
0.16842105263157897,0.02120141342756184,0.0912280701754386,0.007825085954366352,-0.08513996005058289,0.056288156658411026,-0.013788855634629726
0.17500000000000004,0.09433962264150943,0.13749999999999998,0.04511246625096141,-0.08588071167469025,0.19160187244415283,0.05055266246199608
0.1349206349206349,0.016,0.07936507936507936,0.002901397059834505,-0.10136642307043076,-0.0023384718224406242,-0.05064201354980469
0.2713178294573644,0.10156250000000001,0.20930232558139533,0.07717923161565869,0.07665422558784485,0.35952189564704895,0.2154891937971115
0.2154882154882155,0.04067796610169491,0.12121212121212123,0.007767303496059205,-0.09959838539361954,0.18501977622509003,0.04021066799759865
0.15037593984962408,0.015151515151515152,0.10526315789473684,0.003414912322441332,-0.11229656636714935,0.06814146041870117,-0.022066619247198105
0.26380368098159507,0.09259259259259259,0.14110429447852763,0.0481729482939817,-0.027083732187747955,0.20468579232692719,0.08761806786060333
0.19580419580419578,0.056338028169014086,0.1258741258741259,0.008185988355923584,-0.030413925647735596,0.1653841733932495,0.0670919418334961
0.11486486486486489,0.013605442176870748,0.06756756756756757,0.002693460025844739,-0.16515162587165833,0.06077691912651062,-0.053081657737493515
0.08540925266903915,0.007168458781362007,0.05693950177935943,0.0012466215691245344,-0.1228814423084259,0.047148626297712326,-0.03764953836798668
0.17419354838709677,0.025974025974025972,0.10322580645161289,0.003520190953019473,-0.05919034779071808,-0.11690236628055573,-0.08645157516002655
0.25,0.03864734299516908,0.1298076923076923,0.004124946642007183,-0.10514623671770096,-0.12782007455825806,-0.11469641327857971
0.2706964520367937,0.04743083003952569,0.1498028909329829,0.03748945357943673,-0.09753745049238205,-0.48225754499435425,-0.29576537013053894
0.24451410658307207,0.044164037854889586,0.12539184952978055,0.007809038315104459,0.016150057315826416,0.08651744574308395,0.052629254758358
0.02255639097744361,0.0,0.02255639097744361,0.0008284480169841781,-0.3112740218639374,0.0101656848564744,-0.15406690537929535
0.2895622895622896,0.09491525423728814,0.1818181818181818,0.041514436788462235,0.10850472748279572,0.2349981963634491,0.1723179668188095
0.21621621621621623,0.054421768707482984,0.14864864864864863,0.03779547433000329,-0.05181574076414108,-0.24115370213985443,-0.14649546146392822
0.2206405693950178,0.007168458781362007,0.12811387900355872,0.003302561765415317,-0.016199229285120964,0.04762827977538109,0.017109990119934082
0.19108280254777069,0.032051282051282055,0.12101910828025476,0.008257037296065943,-0.019763249903917313,0.09090326726436615,0.03652436286211014
0.15862068965517243,0.020833333333333336,0.08275862068965517,0.01623101515691137,-0.0916457548737526,-0.08478596061468124,-0.08645016700029373
0.11111111111111109,0.04800000000000001,0.10317460317460317,0.021810936952211542,-0.056516002863645554,-0.4446867108345032,-0.2566085457801819
0.1375921375921376,0.034567901234567905,0.09336609336609335,0.003352276886281264,-0.15650315582752228,-0.1287662833929062,-0.140817329287529
0.46769230769230774,0.2043343653250774,0.22769230769230767,0.13646695665437036,0.2020200490951538,0.28927332162857056,0.24650776386260986
0.27210884353741494,0.03424657534246576,0.1292517006802721,0.01024003324489606,-0.03545732423663139,-0.22426584362983704,-0.12988272309303284
0.18181818181818182,0.015267175572519083,0.10606060606060608,0.003223852318537129,-0.05417807772755623,0.1168326810002327,0.031435299664735794
0.1299638989169675,0.014545454545454544,0.09386281588447652,0.0033228206811275907,-0.08912140130996704,0.059258028864860535,-0.01439558807760477
0.16546762589928057,0.021739130434782608,0.07194244604316548,0.0034853351715381686,-0.12543833255767822,0.017684096470475197,-0.05320914834737778
0.12244897959183673,0.006849315068493151,0.06802721088435375,0.002978049908560944,-0.15175089240074158,0.06338033080101013,-0.044845566153526306
0.3713527851458886,0.128,0.21750663129973474,0.05279888142596301,0.17737647891044617,0.0426301546394825,0.11054781824350357
0.23999999999999996,0.0604026845637584,0.13333333333333333,0.013670340229378191,0.045528560876846313,0.061821822077035904,0.05519956722855568
0.16988416988416988,0.10894941634241244,0.1467181467181467,0.060507652391470344,-0.019132515415549278,0.36767807602882385,0.16831381618976593
0.0696864111498258,0.021052631578947368,0.05574912891986063,0.006190847825969602,-0.15405946969985962,0.025052880868315697,-0.06441356241703033
0.33333333333333337,0.10759493670886076,0.18867924528301888,0.04060450878411066,0.07235440611839294,0.2605590224266052,0.16608218848705292
0.3145161290322581,0.13821138211382114,0.1935483870967742,0.037666759550794515,0.14726324379444122,0.2951907515525818,0.22143608331680298
0.3006535947712418,0.11184210526315791,0.1830065359477124,0.060734082323034635,0.09805887192487717,0.2084929198026657,0.15405595302581787
0.21316614420062696,0.13249211356466878,0.1755485893416928,0.06740230998746649,-0.016072232276201248,0.3478451073169708,0.16076920926570892
0.023809523809523808,0.0,0.023809523809523808,0.001001571196304025,-0.28087708353996277,-0.0009210982243530452,-0.14311888813972473
0.32275132275132273,0.06382978723404256,0.15343915343915343,0.024082330080932284,0.0972728431224823,0.19564424455165863,0.1473720222711563
0.2980392156862745,0.07905138339920949,0.17254901960784313,0.06208327493280169,0.14311447739601135,0.21532192826271057,0.18029871582984924
0.21714285714285714,0.028735632183908046,0.1257142857142857,0.008432021937017694,-0.03084196150302887,0.03012104518711567,0.0010785566410049796
0.12686567164179102,0.07518796992481204,0.11194029850746266,0.024813770306067455,-0.025815894827246666,-0.37580737471580505,-0.20532801747322083
0.2076124567474049,0.0348432055749129,0.1314878892733564,0.00441590786039476,0.02894905023276806,0.11371637135744095,0.07248543202877045
0.13840830449826988,0.020905923344947733,0.06920415224913494,0.007617235695463019,-0.13702574372291565,0.16839967668056488,0.012590576894581318
0.28169014084507044,0.0793201133144476,0.19154929577464788,0.009893624461014272,0.10106679797172546,0.09428275376558304,0.09913856536149979
0.183206106870229,0.04615384615384615,0.1297709923664122,0.004388218108128525,0.038963332772254944,0.12142331898212433,0.08135156333446503
0.16271186440677968,0.04778156996587031,0.11525423728813558,0.020401097477698013,-0.016308536753058434,0.16101180016994476,0.07229578495025635
0.294478527607362,0.09876543209876544,0.147239263803681,0.055307052242805535,0.0906824991106987,0.2953336536884308,0.19228503108024597
0.17391304347826086,0.013468013468013466,0.1003344481605351,0.004133151512283363,-0.08402706682682037,0.029014594852924347,-0.026483969762921333
0.2838283828382838,0.05980066445182726,0.14521452145214522,0.005434838280125904,0.06918658316135406,0.1516416370868683,0.11152501404285431
0.1423487544483986,0.07885304659498207,0.12811387900355872,0.041673651867228705,0.032088927924633026,0.39501461386680603,0.20845209062099457
0.14999999999999997,0.02877697841726619,0.1142857142857143,0.003685599928618427,-0.028852831572294235,0.1239294558763504,0.047920193523168564
0.23411371237458195,0.020202020202020204,0.12709030100334445,0.004846509357665985,0.001153221819549799,0.1189974769949913,0.06091161072254181
0.29113924050632917,0.03821656050955414,0.13924050632911392,0.018311990866253167,0.015064401552081108,0.21058696508407593,0.11238143593072891
0.304054054054054,0.09523809523809525,0.14864864864864863,0.06273315839130128,0.0956045612692833,0.20940163731575012,0.15324756503105164
0.31666666666666665,0.055865921787709494,0.16111111111111112,0.01045503376216189,0.05236228182911873,0.06913188844919205,0.06225962936878204
0.38198757763975155,0.07476635514018692,0.15838509316770186,0.019387574248487322,0.14470067620277405,-0.05111812427639961,0.046413958072662354
0.1554054054054054,0.006802721088435374,0.08108108108108109,0.003395012009895556,-0.04321857914328575,0.019479600712656975,-0.010423222556710243
0.23794212218649516,0.09708737864077671,0.15434083601286175,0.04700685041577364,-0.06320681422948837,0.22784411907196045,0.07960235327482224
0.20422535211267603,0.028368794326241134,0.11267605633802816,0.004558369130417411,-0.050270918756723404,0.06463570147752762,0.00813155435025692
0.15864022662889518,0.05128205128205129,0.11331444759206799,0.01259850330827922,-0.05795328691601753,0.10748834162950516,0.02497844025492668
0.22012578616352202,0.012658227848101267,0.10691823899371068,0.0038574783950330815,-0.009555468335747719,0.0543631911277771,0.02378828451037407
0.20689655172413793,0.06177606177606178,0.11494252873563218,0.011052899844131967,0.07931724935770035,0.207753986120224,0.14411939680576324
0.34540389972144847,0.12324929971988795,0.18384401114206128,0.0868445096383478,0.056974463164806366,0.08878269046545029,0.07433529943227768
0.22448979591836735,0.020547945205479454,0.12244897959183673,0.004020669297474871,-0.0859217420220375,-0.014555050060153008,-0.048790737986564636
0.2945205479452055,0.08275862068965517,0.18493150684931506,0.03581283166901076,0.006297793705016375,0.11270684003829956,0.06046697869896889
0.28160919540229884,0.05780346820809249,0.16091954022988506,0.005467760771516433,0.016974646598100662,-0.1657067835330963,-0.07433883100748062
0.06896551724137931,0.008695652173913044,0.06034482758620689,0.0023357304173992222,-0.11082779616117477,-0.1329621523618698,-0.12009837478399277
0.17518248175182485,0.044117647058823525,0.13138686131386862,0.019477251309972007,-0.05128122493624687,0.08768048882484436,0.01882529817521572
0.29710144927536236,0.13138686131386862,0.18115942028985507,0.017569886972460175,0.09142466634511948,0.23280227184295654,0.16249899566173553
0.32885906040268453,0.060810810810810814,0.14093959731543623,0.006655214761614211,0.09412942826747894,0.1940935105085373,0.1450132429599762
0.10619469026548674,0.026785714285714288,0.07079646017699115,0.0031666650496049832,-0.16378189623355865,0.13188400864601135,-0.018727120012044907
0.4108527131782946,0.17187499999999997,0.23255813953488372,0.08357417739451936,0.20551083981990814,0.41315358877182007,0.308406800031662
0.22492401215805471,0.11009174311926606,0.1702127659574468,0.039025684114548084,0.005183130502700806,-0.18153558671474457,-0.08820820599794388
0.22910216718266255,0.012461059190031152,0.09287925696594428,0.0044798796208902845,-0.05493757501244545,0.05091826990246773,-0.0009461208828724921
0.10441767068273093,0.0,0.07228915662650602,0.0034062779120199575,-0.19918863475322723,-0.032633550465106964,-0.1155305802822113
0.14569536423841062,0.04666666666666667,0.12582781456953643,0.012695739771506254,-0.07789376378059387,0.1060791090130806,0.01399192400276661
0.23140495867768596,0.0221606648199446,0.1212121212121212,0.004010701612606728,-0.07466651499271393,0.026784362271428108,-0.022798016667366028
0.11683848797250859,0.0,0.06872852233676977,0.0022814730540961343,-0.1945502907037735,0.02366628311574459,-0.08612419664859772
0.21276595744680848,0.05,0.14184397163120568,0.01137970710571314,-0.024140186607837677,0.12639419734477997,0.05153798684477806
0.232,0.08064516129032258,0.14400000000000002,0.024489478046557916,0.0982905775308609,0.3126721680164337,0.20454540848731995
0.2846153846153846,0.08527131782945736,0.16923076923076924,0.045375339124478116,0.02129179984331131,0.25373852252960205,0.13626331090927124
0.23762376237623764,0.12624584717607973,0.18481848184818483,0.05852542508019218,0.12946896255016327,0.26105281710624695,0.19572871923446655
0.39024390243902435,0.1158129175946548,0.19955654101995565,0.061266909215783726,0.10267423838376999,0.17844687402248383,0.14167621731758118
0.23052959501557632,0.03134796238244514,0.11838006230529595,0.005246631400318559,0.008165588602423668,0.04155023396015167,0.026387201622128487
0.24186046511627907,0.05633802816901409,0.15813953488372093,0.05207281233264973,0.10515154153108597,-0.18241600692272186,-0.04116703197360039
0.31428571428571433,0.045977011494252866,0.12000000000000001,0.04937883971856271,-0.0025646802969276905,0.025177747011184692,0.012874872423708439
0.22580645161290322,0.032467532467532464,0.13548387096774192,0.010206055938984956,-0.019258450716733932,-0.2613145709037781,-0.14149045944213867
0.29152542372881357,0.061433447098976114,0.1694915254237288,0.04034241972785263,0.03082958050072193,0.1918042004108429,0.11148299276828766
0.2918149466192171,0.07168458781362008,0.1494661921708185,0.0382533148431239,0.09644117951393127,0.23359744250774384,0.16545850038528442
0.08906882591093118,0.0,0.07287449392712551,0.0014606494239192062,-0.10195259004831314,0.07280708849430084,-0.014469046145677567
0.23180592991913745,0.016260162601626018,0.1293800539083558,0.003962047915273638,0.0344940647482872,0.17339815199375153,0.10444941371679306
0.15384615384615383,0.0352112676056338,0.11188811188811187,0.003245092387089235,0.005621425807476044,0.007437762338668108,0.008143208920955658
0.14634146341463414,0.04210526315789474,0.10452961672473868,0.002939672265541607,0.03086000308394432,0.24414268136024475,0.1366690844297409
0.05622489959839357,0.0,0.032128514056224904,0.0010935892103441016,-0.19058546423912048,0.06486066430807114,-0.06447219103574753
0.2080536912751678,0.04054054054054054,0.12751677852348992,0.008209637730617229,-0.010478045791387558,0.03514322265982628,0.013833707198500633
0.10526315789473684,0.008163265306122448,0.08097165991902834,0.002545355762368769,-0.10773108154535294,0.09499692171812057,-0.006808609701693058
0.13722312263641276,0.02920497566252028,0.06482982171799027,2.878215936983365e-05,0.1247280091047287,-0.19042962789535522,-0.03623759746551514
0.251497005988024,0.030120481927710836,0.13173652694610777,0.004543645367007226,0.02935727685689926,0.09462516009807587,0.06330393254756927
0.36094674556213013,0.17261904761904762,0.22485207100591711,0.09987923472710583,0.12284819036722183,0.13536465167999268,0.13051383197307587
0.28787878787878785,0.06106870229007633,0.1590909090909091,0.005722677697934641,0.1081138327717781,0.19673335552215576,0.15341779589653015
0.22764227642276424,0.03278688524590164,0.13821138211382114,0.0050370652706644556,0.04608960449695587,0.10158645361661911,0.07519100606441498
0.0979591836734694,0.008230452674897118,0.0653061224489796,0.003077300630909819,-0.12641680240631104,0.16402587294578552,0.016155393794178963
0.15702479338842976,0.06666666666666667,0.12396694214876032,0.04109444782328106,-0.02652551606297493,0.1701711267232895,0.07140687853097916
0.1935483870967742,0.0,0.1003584229390681,0.0018774497847819913,-0.11033042520284653,-0.023156918585300446,-0.06539782881736755
0.24817518248175183,0.08823529411764705,0.1678832116788321,0.031589117370697,-0.04133840277791023,0.15541870892047882,0.05664117634296417
0.23448275862068965,0.05555555555555556,0.13793103448275862,0.016486431363481418,0.025165705010294914,0.18504346907138824,0.10529664903879166
0.3283582089552239,0.18796992481203006,0.24626865671641796,0.11950008054210044,0.18501286208629608,0.30161651968955994,0.243891179561615
0.13333333333333333,0.020134228187919462,0.09333333333333334,0.002493381151581653,-0.05702858790755272,0.07999193668365479,0.012143474072217941
0.26006191950464397,0.08099688473520249,0.16099071207430343,0.0384441605822787,0.07440084964036942,0.11184870451688766,0.09452944993972778
0.239067055393586,0.046920821114369494,0.11661807580174925,0.023443735603996447,0.03226934000849724,0.18791112303733826,0.11034122109413147
0.12658227848101267,0.025531914893617023,0.09282700421940929,0.0035077996973668078,-0.09069310873746872,0.11978734284639359,0.013919172808527946
0.2721518987341772,0.057324840764331204,0.1582278481012658,0.04070055041859718,0.06938786804676056,0.1423514187335968,0.10706034302711487
0.2320819112627986,0.054982817869415807,0.14334470989761092,0.03831182580125436,-0.01076741237193346,-0.017199493944644928,-0.012338419444859028
0.17492711370262393,0.07624633431085044,0.1399416909620991,0.04722779174531555,-0.05520925670862198,0.010823612101376057,-0.02075215056538582
0.3922651933701657,0.12222222222222222,0.2099447513812155,0.06739220165533984,0.17007899284362793,0.07814408093690872,0.1251157522201538
0.24054982817869416,0.03460207612456747,0.13745704467353953,0.016352664451345273,0.03502115234732628,0.20485734939575195,0.11994899064302444
0.16828478964401292,0.0260586319218241,0.11650485436893204,0.0030333554658666484,-0.03656809777021408,0.07224537432193756,0.018840130418539047
0.31851851851851853,0.03731343283582089,0.17037037037037037,0.010181348689916324,0.08828054368495941,0.2374388873577118,0.16313399374485016
0.3131868131868132,0.07734806629834254,0.15934065934065936,0.009920603074302578,0.060506999492645264,0.1851644515991211,0.12349721044301987
0.18775510204081636,0.01646090534979424,0.1142857142857143,0.008488328084126485,-0.0007552541210316122,0.10185528546571732,0.05156800523400307
0.18354430379746836,0.05095541401273885,0.12025316455696201,0.027423293364231348,0.024736961349844933,0.03685171157121658,0.03236164525151253
0.11469534050179211,0.014440433212996389,0.07885304659498207,0.012737489922710885,-0.11863786727190018,-0.3785918951034546,-0.25019264221191406
0.3263888888888889,0.09090909090909091,0.20833333333333331,0.020299717013042538,0.2229963093996048,0.30164483189582825,0.2632236182689667
0.02608695652173913,0.0,0.02608695652173913,0.0011290816681057934,-0.23355747759342194,0.08902747184038162,-0.07585636526346207
0.35,0.09132420091324202,0.15454545454545454,0.06262126218317639,0.09912153333425522,0.1256241500377655,0.11378101259469986
0.11583011583011582,0.01556420233463035,0.08494208494208492,0.0033418636282535985,-0.11768805235624313,0.11876260489225388,-0.0006607660325244069
0.3971631205673759,0.10451306413301663,0.1702127659574468,0.03891275622493804,0.1541556864976883,0.17880943417549133,0.16780772805213928
0.27906976744186046,0.07357859531772575,0.159468438538206,0.03145177955719373,0.07461097091436386,0.18190771341323853,0.12911036610603333
0.2636655948553055,0.032362459546925564,0.17363344051446944,0.018391904934769908,0.048404186964035034,0.19976688921451569,0.12438187748193741
0.13291139240506328,0.0,0.08860759493670885,0.0013932779354120883,-0.1695062667131424,-0.0022769237402826548,-0.0855623185634613
0.08256880733944955,0.00925925925925926,0.06422018348623854,0.002920968990139201,-0.12206357717514038,0.006098208017647266,-0.057100992649793625
0.2076923076923077,0.023255813953488372,0.1,0.00426444079286837,-0.008945604786276817,0.20186695456504822,0.0957287922501564
0.18881118881118877,0.035211267605633804,0.11888111888111887,0.008368180012038899,0.008123138919472694,0.20423832535743713,0.10573316365480423
0.10714285714285712,0.007194244604316547,0.07142857142857142,0.0023650813247979075,-0.21107390522956848,0.10255742818117142,-0.05756787210702896
0.2716049382716049,0.024844720496894408,0.12962962962962962,0.004910230753356625,-0.04149935767054558,0.10122494399547577,0.030418546870350838
0.16507936507936508,0.01277955271565495,0.10793650793650794,0.0031376781751095745,-0.05729212984442711,0.11736397445201874,0.03008233569562435
0.18685121107266436,0.020905923344947733,0.11764705882352941,0.004802404381719389,-0.0058435797691345215,0.07602668553590775,0.03632447496056557
0.1834319526627219,0.0,0.10059171597633138,0.0036661338799034654,-0.05830102041363716,-0.007451910991221666,-0.03132864460349083
0.32525951557093424,0.09756097560975609,0.18685121107266436,0.047986026175902495,0.15273043513298035,0.26192793250083923,0.2080402970314026
0.25,0.0628930817610063,0.13125,0.026923397009138605,0.053828924894332886,-0.203520268201828,-0.07650724053382874
0.29431438127090304,0.06734006734006735,0.17391304347826086,0.023547433885614213,0.062464646995067596,0.15473176538944244,0.10962747782468796
0.14234875444839856,0.05017921146953406,0.11387900355871887,0.012562687576744332,-0.07473761588335037,0.2682136297225952,0.09237939864397049
0.09836065573770493,0.008264462809917356,0.06557377049180328,0.0023175343176709247,-0.2603355646133423,-0.5626113414764404,-0.41423073410987854
0.09701492537313433,0.037593984962406006,0.08955223880597014,0.013730968367423269,-0.007406796794384718,0.3160909116268158,0.15059073269367218
0.19774011299435026,0.02272727272727273,0.10734463276836158,0.004702728366115125,-0.06031951308250427,-0.017922505736351013,-0.037523459643125534
0.2472727272727273,0.04395604395604396,0.12363636363636366,0.005100667157668578,0.004977602511644363,0.1248728334903717,0.06572944670915604
0.2551724137931034,0.055555555555555546,0.14482758620689656,0.012475695952736322,0.059644915163517,0.17535461485385895,0.11827465146780014
0.15625,0.05031446540880504,0.11875000000000001,0.025956014531805127,-0.1407567262649536,-0.07390575110912323,-0.10576141625642776
0.2064516129032258,0.01948051948051948,0.1032258064516129,0.004052071722966003,-0.11844649165868759,-0.02900681272149086,-0.07239042967557907
0.1779359430604982,0.007168458781362007,0.10676156583629894,0.004118526855698833,-0.083607517182827,0.0041969395242631435,-0.03840706869959831
0.1085972850678733,0.0730593607305936,0.1085972850678733,0.025408922075675706,0.023883365094661713,0.3373536467552185,0.17716193199157715
0.31410256410256415,0.11612903225806451,0.16666666666666669,0.04618958836573004,0.05617498978972435,0.31786343455314636,0.1850084811449051
0.15646258503401358,0.0136986301369863,0.08843537414965988,0.004020037022977458,-0.09074440598487854,0.04989423602819443,-0.01976824179291725
0.07725321888412018,0.0,0.06866952789699572,0.0024351284755867036,-0.21584279835224152,0.040933337062597275,-0.08907663077116013
0.24358974358974356,0.04516129032258065,0.12179487179487178,0.023393827207583564,-0.023303216323256493,0.18033717572689056,0.07795414328575134
0.15833333333333335,0.016806722689075633,0.09999999999999999,0.004087737253064119,-0.08887236565351486,0.08999031037092209,0.0005689439130946994
0.13636363636363635,0.0196078431372549,0.08441558441558443,0.011368036024161279,-0.15381678938865662,0.0553019754588604,-0.04978170990943909
0.1209964412811388,0.035842293906810034,0.099644128113879,0.02098077799316478,-0.033907197415828705,0.07532206922769547,0.021700389683246613
0.20238095238095236,0.05389221556886227,0.11309523809523811,0.028640128657744162,-0.013438217341899872,0.05222528055310249,0.020771220326423645
0.27462686567164174,0.04804804804804805,0.13134328358208955,0.025468962927362563,0.04561628773808479,0.09773758053779602,0.0730508491396904
0.19277108433734938,0.012121212121212121,0.12048192771084337,0.003507750728798967,0.009790358133614063,-0.3045212924480438,-0.1506599485874176
0.40114613180515757,0.14985590778097985,0.2521489971346705,0.10969445343689815,0.19711390137672424,-0.019942980259656906,0.08771978318691254
0.32764505119453924,0.12371134020618554,0.21843003412969283,0.0726806032219096,0.13886098563671112,0.2264034003019333,0.18358807265758514
0.21794871794871795,0.03225806451612903,0.10897435897435898,0.003639664169903433,-0.047073736786842346,0.15716150403022766,0.054497130215168
0.05072463768115941,0.0,0.04347826086956521,0.001062423144259412,-0.25225594639778137,0.012383182533085346,-0.12174057960510254
0.10830324909747292,0.04363636363636363,0.07220216606498195,0.022422044285480718,-0.10014458000659943,0.27394500374794006,0.08143702894449234
0.1414790996784566,0.03236245954692557,0.09646302250803858,0.020848561038947378,-0.1619788408279419,-0.02717522718012333,-0.09373271465301514
0.198019801980198,0.11960132890365448,0.17161716171617164,0.03835408613332083,0.11080905050039291,0.4073532223701477,0.25606536865234375
0.22801302931596093,0.03278688524590164,0.11074918566775244,0.00849059021350923,-0.1121571883559227,-0.01378393080085516,-0.06173659488558769
0.2990654205607477,0.05015673981191223,0.14330218068535824,0.025172300847501872,-0.08375538885593414,-0.0791437029838562,-0.07969311624765396
0.20209059233449478,0.014035087719298244,0.13240418118466898,0.006911225766327493,-0.013490218669176102,0.02998238429427147,0.009763162583112717
0.09929078014184398,0.014285714285714287,0.08510638297872342,0.002157149568559637,-0.15471991896629333,0.23229432106018066,0.032841239124536514
0.23448275862068965,0.0625,0.14482758620689654,0.00966489893463922,-0.03425174951553345,0.2525782883167267,0.10654614120721817
0.14840989399293286,0.03558718861209965,0.0989399293286219,0.023159483374109936,-0.0408017635345459,-0.3176787793636322,-0.18135537207126617
0.18450184501845016,0.022304832713754646,0.11070110701107011,0.003911533976142506,-0.13522516191005707,0.053572263568639755,-0.0409487783908844
0.2917933130699088,0.055045871559633024,0.1458966565349544,0.03186195839602853,0.02208632044494152,-0.09189299494028091,-0.03388659656047821
0.22033898305084745,0.03409090909090909,0.12429378531073446,0.004167025116431904,-0.03151160851120949,0.07601678371429443,0.02326136641204357
0.20761245674740486,0.05574912891986062,0.1107266435986159,0.004999266753279245,0.0427565835416317,0.15674199163913727,0.10057028383016586
0.22429906542056074,0.037617554858934164,0.14953271028037385,0.009379205543252543,-0.04950505122542381,-0.019831202924251556,-0.03303088620305061
0.2416918429003021,0.0425531914893617,0.14501510574018125,0.02251093346619598,0.0058662197552621365,-0.041522640734910965,-0.01628924161195755
0.33587786259541985,0.10741687979539642,0.15267175572519082,0.05630285217844796,0.05986848473548889,0.14821262657642365,0.10511159896850586
0.1146953405017921,0.01444043321299639,0.07885304659498207,0.0024185901057858263,-0.0939861610531807,0.09938451647758484,0.00243399222381413
0.1818181818181818,0.00704225352112676,0.08391608391608392,0.0033290881914858792,-0.09286017715930939,0.06518998742103577,-0.013450879603624344
0.20216606498194944,0.03636363636363636,0.10108303249097472,0.008373369761249295,-0.05637344345450401,0.11994793266057968,0.03180258721113205
0.3028169014084507,0.15602836879432624,0.24647887323943662,0.09501862751864638,0.17845894396305084,-0.01421406026929617,0.08176229149103165
0.1858736059479554,0.052434456928838954,0.1338289962825279,0.025026196175345624,0.021561356261372566,0.23017480969429016,0.12514647841453552
0.3058103975535168,0.10461538461538461,0.1529051987767584,0.05100862545278493,0.07079967856407166,-0.15159565210342407,-0.0412355437874794
0.24666666666666667,0.040268456375838924,0.15333333333333332,0.018547055453489936,0.012883185409009457,0.19619782269001007,0.1043349951505661
0.12068965517241383,0.034782608695652174,0.09482758620689655,0.00810353851260395,-0.09281984716653824,0.13059715926647186,0.017973119392991066
0.16,0.029304029304029304,0.10909090909090909,0.013820494827652616,-0.054371222853660583,0.15498998761177063,0.049662694334983826
0.16197183098591553,0.014184397163120567,0.1056338028169014,0.002724906913810834,-0.010755031369626522,0.04781822860240936,0.01995435729622841
0.3737704918032787,0.12541254125412543,0.17704918032786884,0.050230520052761914,0.13150867819786072,0.25117260217666626,0.19196012616157532
0.1092436974789916,0.02542372881355932,0.08403361344537816,0.0029874119938407906,-0.08256537467241287,0.19044873118400574,0.051755886524915695
0.3448275862068966,0.11356466876971609,0.18808777429467086,0.09024691122881978,0.06586488336324692,-0.07444058358669281,-0.0036559326108545065
0.13953488372093023,0.006688963210702341,0.07308970099667773,0.002664878305352174,-0.1403205543756485,0.04174477979540825,-0.04927174374461174
0.17337461300309598,0.037383177570093455,0.13003095975232198,0.014375898053889499,-0.10563794523477554,0.009242817759513855,-0.04716619476675987
0.15730337078651685,0.007547169811320754,0.10486891385767791,0.0030104739573966234,-0.042097900062799454,0.04106598347425461,0.000761770352255553
0.11721611721611722,0.02214022140221402,0.08058608058608059,0.0030139925290950157,-0.06759436428546906,0.006760026328265667,-0.02902285009622574
0.23104693140794227,0.029090909090909094,0.1444043321299639,0.004874757882958864,-0.04388468712568283,0.0690922737121582,0.013566716574132442
0.31085043988269795,0.04129793510324484,0.1524926686217009,0.005330041042899566,-0.0314946286380291,0.0415300689637661,0.006366803776472807
0.3910891089108911,0.1044776119402985,0.20792079207920794,0.07383100376748154,0.21848741173744202,-0.028788210824131966,0.09328031539916992
0.19377162629757785,0.07665505226480836,0.15916955017301038,0.033351671283843726,-0.010038335807621479,0.18759772181510925,0.08832404017448425
0.13840830449826988,0.006968641114982579,0.08996539792387542,0.002454113518279492,-0.07020821422338486,0.018412768840789795,-0.024628102779388428
0.13745704467353953,0.01384083044982699,0.08247422680412372,0.0037449266721949095,-0.11654049158096313,-0.1359291970729828,-0.12442496418952942
0.25609756097560976,0.07975460122699388,0.14634146341463414,0.009990578234304614,0.11733536422252655,0.14408041536808014,0.1320853978395462
0.20945945945945946,0.05442176870748299,0.12837837837837837,0.017807701996079242,0.008472642861306667,0.21229898929595947,0.10978075116872787
0.3356643356643357,0.16901408450704225,0.23776223776223773,0.06004040473108897,0.183611661195755,0.2891562283039093,0.2370896339416504
0.2933333333333333,0.10067114093959732,0.18666666666666668,0.05210206113183978,0.03843235597014427,0.13613224029541016,0.08829331398010254
0.0611353711790393,0.0,0.04366812227074236,0.0011572506270956175,-0.25635024905204773,0.08152639120817184,-0.09151486307382584
0.2100456621004566,0.0871559633027523,0.1552511415525114,0.031561403206332904,-0.01279828604310751,0.2003629207611084,0.0930044949054718
0.24262295081967214,0.05940594059405941,0.1442622950819672,0.010955662802916225,0.019495109096169472,0.15834258496761322,0.08944462239742279
0.19335347432024166,0.04863221884498479,0.12084592145015104,0.0039123432163880355,-0.14700500667095184,0.019776729866862297,-0.06330710649490356
0.24475524475524474,0.035211267605633804,0.11188811188811189,0.009363209356640747,-0.023424198850989342,0.09136098623275757,0.03487863019108772
0.24175824175824173,0.0959409594095941,0.15384615384615388,0.030601467176245904,0.06616981327533722,-0.17768459022045135,-0.057090044021606445
0.08547008547008547,0.008620689655172414,0.07692307692307693,0.0012494779015862862,-0.03768806532025337,0.35602498054504395,0.15294843912124634
0.14705882352941177,0.022222222222222223,0.10294117647058822,0.0036142873771731385,-0.04712396860122681,0.017678435891866684,-0.013285599648952484
0.24025974025974028,0.08496732026143791,0.14935064935064934,0.05138192717469192,0.0004573974874801934,0.11481008678674698,0.05851399153470993
0.05426356589147287,0.03125,0.05426356589147287,0.01923575662870609,-0.10584311932325363,-0.4841064512729645,-0.3005782663822174
0.15635179153094464,0.019672131147540985,0.10423452768729644,0.00654213630506016,-0.11339707672595978,-0.09150424599647522,-0.10068400204181671
0.255952380952381,0.07784431137724551,0.1369047619047619,0.03886803534061908,0.1229712963104248,0.1758413314819336,0.1506521850824356
0.14705882352941177,0.014814814814814815,0.0661764705882353,0.0037905855894458666,-0.15883012115955353,-0.13205237686634064,-0.14361684024333954
0.22916666666666669,0.04195804195804196,0.125,0.012917899930100523,-0.016373980790376663,0.01554158702492714,0.0011580181308090687
0.2792207792207792,0.09150326797385623,0.17532467532467533,0.028480930190070402,0.13997212052345276,-0.0323728546500206,0.05384625121951103
0.23321554770318018,0.08540925266903915,0.16961130742049468,0.04549111418388214,0.04561982676386833,0.12270946055650711,0.08535889536142349
0.28486646884273,0.10149253731343283,0.19584569732937687,0.059159107863273504,0.10419464856386185,0.2905704081058502,0.19700151681900024
0.2920634920634921,0.12779552715654952,0.19682539682539682,0.0848293827669511,0.07968302816152573,0.14942094683647156,0.11575201153755188
0.11564625850340136,0.013698630136986302,0.04761904761904762,0.0024133783252143393,-0.15967169404029846,0.049073949456214905,-0.055808067321777344
0.3356164383561644,0.14482758620689656,0.18493150684931509,0.0500947698485129,0.1207115426659584,0.3556963801383972,0.23678238689899445
0.3103448275862069,0.046242774566473986,0.12068965517241378,0.017240273762724717,0.06330090761184692,0.12999087572097778,0.09789472818374634
0.16216216216216217,0.006802721088435374,0.10135135135135136,0.003150981139297371,-0.06327366828918457,0.10184361040592194,0.01950901933014393
0.16260162601626016,0.032786885245901634,0.10569105691056911,0.020422097199269806,-0.07882200181484222,0.04545605555176735,-0.015811767429113388
0.08108108108108107,0.0,0.05405405405405406,0.0025713713266537186,-0.20214952528476715,0.04115299880504608,-0.08178030699491501
0.18410041841004185,0.06751054852320676,0.12552301255230128,0.030020202365544483,0.035617925226688385,0.35888415575027466,0.19348013401031494
0.3219814241486068,0.0747663551401869,0.16718266253869968,0.0274977027741692,0.10605784505605698,0.11739510297775269,0.11316368728876114
0.32885906040268453,0.0945945945945946,0.20805369127516776,0.06381328926476292,0.09787704795598984,0.07114599645137787,0.08596280217170715
0.33939393939393936,0.07926829268292683,0.19393939393939394,0.04306071908971993,0.0755331963300705,0.26878878474235535,0.17168545722961426
0.22988505747126436,0.06177606177606178,0.13793103448275862,0.028340648135984928,0.06872883439064026,0.23695889115333557,0.1528361439704895
0.1523809523809524,0.0,0.09523809523809525,0.003023770000452731,-0.10047568380832672,0.12190084159374237,0.009829203598201275
0.20671834625322993,0.025974025974025972,0.13953488372093023,0.006673941565910784,-0.04272191599011421,0.130944162607193,0.04415619373321533
0.19494584837545129,0.014545454545454547,0.09386281588447654,0.002697239301063366,-0.026596972718834877,0.19770397245883942,0.08454344421625137
0.46341463414634143,0.12254901960784313,0.23902439024390243,0.058384777337007115,0.18247152864933014,-0.021611850708723068,0.07984638959169388
0.22364217252396165,0.03858520900321543,0.14696485623003194,0.0235269180108183,-0.00389336165972054,0.15579506754875183,0.07618586719036102
0.24464831804281345,0.03692307692307692,0.11620795107033641,0.004611106297710482,-0.02256140485405922,0.12098080664873123,0.049725912511348724
0.25862068965517243,0.03468208092485549,0.1206896551724138,0.022381442568657383,0.02082378976047039,-0.15054261684417725,-0.06463852524757385
0.11552346570397112,0.014545454545454544,0.07942238267148015,0.001478365040338454,-0.0822455883026123,0.05315663665533066,-0.013822759501636028
0.16666666666666666,0.051612903225806445,0.12179487179487179,0.0036195078946522873,-0.010790405794978142,0.06079425290226936,0.026329990476369858
0.21794871794871798,0.025806451612903226,0.12179487179487178,0.003851566079144563,-0.0331268273293972,0.0735272690653801,0.021221501752734184
0.2013888888888889,0.04895104895104895,0.14583333333333334,0.00748985334438982,-0.011727133765816689,0.05282484367489815,0.021931711584329605
0.07978723404255318,0.016042780748663103,0.05851063829787234,0.003370241759515051,-0.2072693258523941,0.18007329106330872,-0.019551046192646027
0.20771513353115728,0.04776119402985074,0.11869436201780416,0.0036904132774927224,-0.024909591302275658,0.2767932116985321,0.1228795275092125
0.3667621776504298,0.08069164265129683,0.16618911174785098,0.014372486433037339,0.11514601111412048,0.329108327627182,0.2211800366640091
0.29197080291970806,0.09290953545232274,0.170316301703163,0.06841017755576702,0.1303098201751709,-0.1269240826368332,-3.70820052921772e-05
0.2274509803921569,0.11067193675889328,0.15686274509803924,0.060025717294230514,0.03600563481450081,0.22480739653110504,0.13006708025932312
0.2545454545454545,0.029304029304029304,0.13090909090909092,0.017980979728400265,0.058938123285770416,0.13906249403953552,0.10014790296554565
0.18450184501845016,0.007434944237918215,0.10332103321033209,0.0036168005933940157,-0.11814191192388535,-0.04401073977351189,-0.07960058748722076
0.24882629107981222,0.10849056603773585,0.18779342723004694,0.05728122343651008,-0.030891133472323418,0.2719489634037018,0.11743659526109695
0.10077519379844961,0.0390625,0.09302325581395347,0.011789818886019005,-0.06799975782632828,0.33324161171913147,0.12610989809036255
0.26031746031746034,0.06389776357827476,0.1523809523809524,0.040161291053582154,0.10216448456048965,-0.15488174557685852,-0.02805730514228344
0.17328519855595667,0.029090909090909094,0.10830324909747294,0.015502500656408364,-0.10168834030628204,0.026435237377882004,-0.03677405044436455
0.15841584158415842,0.019933554817275746,0.09900990099009901,0.00676135526933688,-0.03835063800215721,0.12108798325061798,0.041655100882053375
0.18,0.046979865771812075,0.12666666666666668,0.02128027969494191,0.00902838259935379,0.181918665766716,0.09546391665935516
0.14153846153846153,0.043343653250773995,0.11692307692307691,0.01834738012782148,-0.02035577967762947,0.0391693152487278,0.010838894173502922
0.23699421965317918,0.02325581395348837,0.1271676300578035,0.007393778498181442,-0.0129857724532485,-0.2334994673728943,-0.12394607812166214
0.4786324786324786,0.17167381974248924,0.1965811965811966,0.10075829660686113,0.265195369720459,0.19299307465553284,0.23009313642978668
0.1978798586572438,0.03558718861209965,0.13427561837455831,0.02107112313598752,0.03480430319905281,-0.035740308463573456,0.0009037414565682411
0.2,0.034722222222222224,0.0896551724137931,0.00824751033702058,-0.03705379366874695,0.0887756198644638,0.026650307700037956
0.3197831978319783,0.03814713896457765,0.15176151761517614,0.03775210228836062,0.022500205785036087,0.0915074348449707,0.058299269527196884
0.2389078498293515,0.10309278350515465,0.17747440273037546,0.07287649005341228,0.09500955790281296,0.21882450580596924,0.15753813087940216
0.1764705882352941,0.05185185185185185,0.11029411764705883,0.029944120875441287,-0.03023598901927471,0.15584388375282288,0.06260184198617935
0.13245033112582782,0.013333333333333334,0.0728476821192053,0.0031205586891643725,-0.08394145965576172,0.08545273542404175,0.0009319944074377418
0.23846153846153845,0.04651162790697674,0.13076923076923078,0.00894846904520925,-0.09295639395713806,0.2885531187057495,0.09205413609743118
0.25,0.030674846625766874,0.14634146341463414,0.0028918765367364945,0.00038240267895162106,0.04464920982718468,0.024006538093090057
0.25,0.08205128205128205,0.14795918367346939,0.02164172219227346,0.054932624101638794,0.23002412915229797,0.14236876368522644
0.32575757575757575,0.11450381679389313,0.1893939393939394,0.07572648448217756,0.07303820550441742,0.15785445272922516,0.11653003096580505
0.371191135734072,0.0947075208913649,0.1883656509695291,0.04779339966981289,0.067325159907341,0.20200738310813904,0.13518227636814117
0.042105263157894736,0.0,0.03508771929824561,0.0010224681744393,-0.27383145689964294,-0.0552220344543457,-0.16512934863567352
0.2732919254658385,0.06875,0.13664596273291926,0.028039533582609646,0.049593135714530945,0.1552991420030594,0.10335320234298706
0.24528301886792447,0.06962025316455696,0.15723270440251574,0.03724952164394639,0.053081102669239044,0.07309360057115555,0.06459014862775803
0.3323262839879154,0.0972644376899696,0.19939577039274922,0.03359088351009905,0.06472651660442352,0.2743387222290039,0.16873832046985626
0.3333333333333333,0.1097560975609756,0.1696969696969697,0.04693190442822825,0.06104186922311783,0.1254943311214447,0.09453651309013367
0.28391167192429023,0.0507936507936508,0.11987381703470029,0.026778421389398073,0.01702381670475006,-0.1270959973335266,-0.0543876476585865
0.16793893129770993,0.038461538461538464,0.12213740458015268,0.0033311090186701185,-0.023806247860193253,0.15528924763202667,0.0656626969575882
0.15936254980079684,0.008032128514056224,0.09561752988047809,0.006451373849282754,-0.0730629712343216,0.08768897503614426,0.007624413818120956
0.30827067669172936,0.09090909090909091,0.18045112781954886,0.030039715818189348,0.07864972949028015,0.2585647404193878,0.1683788001537323
0.26299694189602446,0.0923076923076923,0.17125382262996944,0.028920217795967082,0.04236958175897598,0.1552814543247223,0.09966018795967102
0.19801980198019803,0.013289036544850499,0.11221122112211221,0.003959697686133092,-0.04435340687632561,0.08709224313497543,0.02209240011870861
0.16535433070866143,0.09523809523809525,0.14173228346456693,0.05171063918401782,0.0355655737221241,0.22045446932315826,0.1277461051940918
0.22435897435897437,0.012903225806451613,0.11538461538461538,0.004365902497197053,-0.1697365641593933,-0.13048255443572998,-0.1483202576637268
0.09433962264150943,0.0,0.07547169811320756,0.0014742753461885643,-0.20713312923908234,0.08948766440153122,-0.06159921735525131
0.17073170731707313,0.00819672131147541,0.10569105691056911,0.0031987466891041654,-0.06533001363277435,0.13551004230976105,0.034636713564395905
0.27414330218068533,0.07523510971786834,0.13084112149532712,0.012712647011917447,0.037698324769735336,0.21255473792552948,0.1250440627336502
0.3085399449035813,0.0221606648199446,0.1322314049586777,0.00977793315293449,0.08256254345178604,0.131029412150383,0.10813183337450027
0.22478386167146974,0.0927536231884058,0.1325648414985591,0.011987104700804399,0.04874520003795624,0.04106810688972473,0.04645527899265289
0.30065359477124187,0.125,0.2026143790849673,0.04936723072758339,0.14923326671123505,0.21606014668941498,0.18375828862190247
0.1064638783269962,0.007662835249042145,0.06844106463878327,0.002815467310942158,-0.09071291983127594,-0.07433623820543289,-0.08077944070100784
0.1933534743202417,0.048632218844984795,0.1148036253776435,0.03062151711931843,-0.11449263989925385,-0.054932333528995514,-0.08313114941120148
0.26822157434402333,0.08211143695014662,0.1107871720116618,0.05727712831563736,0.05241004005074501,0.03137959539890289,0.04342903196811676
0.3365079365079365,0.07667731629392972,0.18412698412698414,0.023421139082487802,0.058151740580797195,0.09146852046251297,0.07625861465930939
0.22754491017964068,0.03614457831325301,0.12574850299401197,0.007921838955624278,-0.02299191802740097,0.10597299039363861,0.04221662878990173
0.12121212121212123,0.006779661016949153,0.06734006734006734,0.0024722588439009844,-0.06284740567207336,-0.03092046082019806,-0.04523439705371857
0.21978021978021975,0.02214022140221402,0.11721611721611722,0.00418999970480751,-0.023714272305369377,0.10289240628480911,0.04034804925322533
0.2594594594594595,0.06521739130434782,0.15135135135135136,0.039990264457146006,0.05535641312599182,0.12096064537763596,0.08942767232656479
0.15584415584415584,0.0196078431372549,0.10389610389610389,0.006983962841531852,-0.015592548996210098,0.05611412599682808,0.02159550040960312
0.3379501385041551,0.08913649025069639,0.17174515235457063,0.05547832143070351,0.19101350009441376,0.1544869989156723,0.17402832210063934
0.22570532915360497,0.050473186119873815,0.14420062695924765,0.019772845758848356,-0.10242873430252075,-0.023569008335471153,-0.06158862262964249
0.22614840989399296,0.04982206405693951,0.12720848056537104,0.004716638585742108,0.00328809698112309,0.1734551042318344,0.08841762691736221
0.2026143790849673,0.07236842105263158,0.1372549019607843,0.013944613554077835,0.08424250036478043,0.237798273563385,0.16123256087303162
0.0694980694980695,0.0,0.03088803088803089,0.0012432098534622775,-0.1983155906200409,0.11770142614841461,-0.043702028691768646
0.18181818181818182,0.026881720430107524,0.11229946524064172,0.006194021628627133,-0.01651548035442829,-0.20872212946414948,-0.11272788792848587
0.30386740331491713,0.08333333333333334,0.17679558011049723,0.029961187893248177,0.06985163688659668,0.1389705240726471,0.10563109815120697
0.28481012658227844,0.07643312101910828,0.12658227848101264,0.038436986201957374,0.13947191834449768,-0.10441554337739944,0.016120431944727898
0.31683168316831684,0.11295681063122923,0.1848184818481848,0.08679962649343105,0.17347143590450287,-0.09699263423681259,0.036124229431152344
0.26666666666666666,0.09893992932862192,0.17543859649122806,0.010026812627086077,0.10557710379362106,0.09893316775560379,0.10371095687150955
0.14743589743589744,0.0064516129032258064,0.10256410256410256,0.0030712081436372607,-0.04642283543944359,0.07850345969200134,0.016855360940098763
0.25,0.11377245508982037,0.14285714285714285,0.03882261480723007,0.029295723885297775,0.25407102704048157,0.1405990719795227
0.3768115942028985,0.16788321167883213,0.23188405797101452,0.14385944087774039,0.21075375378131866,0.01651008427143097,0.11320218443870544
0.12686567164179105,0.022556390977443608,0.10447761194029852,0.006176634367964471,-0.12370780110359192,0.10759658366441727,-0.009122880175709724
0.15384615384615385,0.0,0.10989010989010987,0.003775312095361776,-0.03944548964500427,0.19171930849552155,0.07498158514499664
0.24050632911392406,0.089171974522293,0.15189873417721517,0.040390638646468975,0.11982080340385437,0.20478448271751404,0.16331233084201813
0.1456953642384106,0.006666666666666667,0.0728476821192053,0.00257326121607966,-0.12953652441501617,-0.08427306264638901,-0.10521119087934494
0.32051282051282054,0.09032258064516129,0.1794871794871795,0.012798733275344141,0.08021435886621475,0.2592887878417969,0.16953645646572113
0.22960725075528704,0.0972644376899696,0.16314199395770393,0.03472881173830012,0.06306672841310501,0.07715365290641785,0.07161135971546173
0.3231083844580777,0.053388090349075976,0.15132924335378325,0.028685656504841492,0.05576251819729805,0.17013505101203918,0.11374605447053909
0.2440677966101695,0.054607508532423216,0.12203389830508475,0.007791734463078385,-0.0038402993232011795,0.20958063006401062,0.10207616537809372
0.24550898203592814,0.05421686746987952,0.14970059880239522,0.031023346762304733,-0.012534035369753838,-0.028620898723602295,-0.018932659178972244
0.23423423423423423,0.03021148036253776,0.12612612612612614,0.007695613330019916,0.008415688760578632,0.03860335424542427,0.025051191449165344
0.3035019455252918,0.14901960784313725,0.2490272373540856,0.09221807816530703,0.15089942514896393,0.26000863313674927,0.2061692476272583
0.07547169811320754,0.030418250950570346,0.06037735849056604,0.002113417601467568,-0.12084844708442688,0.1444833129644394,0.009877233766019344
0.2515723270440252,0.018987341772151896,0.1320754716981132,0.018248495533208734,0.009169528260827065,0.10181177407503128,0.056598443537950516
0.10666666666666667,0.01342281879194631,0.07333333333333335,0.002812231533231851,-0.11529423296451569,0.1547466218471527,0.01765209436416626
0.1588235294117647,0.04142011834319527,0.11176470588235296,0.006643933250717643,-0.08952290564775467,0.10833339393138885,0.009043418802320957
0.13745704467353953,0.04844290657439447,0.10309278350515463,0.006834519929921242,-0.036598872393369675,0.37416961789131165,0.1618933230638504
0.21717171717171715,0.06091370558375635,0.14646464646464646,0.030798130292211286,-0.10304390639066696,-0.2589987516403198,-0.18038347363471985
0.03984063745019921,0.0,0.03984063745019921,0.0010286935475584365,-0.23632308840751648,-0.22088883817195892,-0.22662191092967987
0.18064516129032257,0.006493506493506493,0.11612903225806452,0.002866204958633814,-0.00896824523806572,0.08694969117641449,0.040093064308166504
0.3013698630136986,0.11724137931034483,0.1917808219178082,0.07577387665888782,-0.034460458904504776,0.16266722977161407,0.06368852406740189
0.32786885245901637,0.0924092409240924,0.15737704918032788,0.016471887940438076,0.09799803048372269,0.2234724462032318,0.16133074462413788
0.3695014662756598,0.10029498525073746,0.18181818181818182,0.054157494429921745,0.0717632919549942,0.11635692417621613,0.09543424844741821
0.32167832167832167,0.11267605633802817,0.19580419580419584,0.06388424638083585,0.06358391046524048,0.2622031271457672,0.1623266637325287
0.17751479289940827,0.017857142857142856,0.09467455621301776,0.006411961801233184,-0.10262718796730042,0.06877250224351883,-0.016761772334575653
0.12056737588652483,0.02142857142857143,0.09929078014184396,0.003082726743882774,-0.09798281639814377,0.20055747032165527,0.048374712467193604
0.0995850622406639,0.02510460251046025,0.08298755186721993,0.0055878350486614605,-0.04558586701750755,0.14751119911670685,0.0506427176296711
0.3586206896551724,0.08775981524249422,0.17471264367816094,0.0618418285696895,0.11937224864959717,-0.03617963567376137,0.04193621873855591
0.3510971786833856,0.10725552050473185,0.1755485893416928,0.03327974370825545,0.10700129717588425,0.27452653646469116,0.19071558117866516
0.2254545454545455,0.08058608058608058,0.16,0.04822138925923225,0.0848672166466713,0.2882436215877533,0.1858656108379364
0.3706070287539936,0.12218649517684886,0.19808306709265175,0.0779875945712193,0.1408320814371109,0.16057918965816498,0.15206694602966309
0.18181818181818182,0.0,0.08150470219435736,0.0025976550445729173,0.017902176827192307,0.09508606046438217,0.057731032371520996
0.27722772277227725,0.08637873754152825,0.13861386138613863,0.05722578060393804,0.05904601514339447,-0.22094543278217316,-0.08323214948177338
0.12408759124087593,0.0,0.072992700729927,0.0029540187251610606,-0.10154648125171661,-0.5410769581794739,-0.32962867617607117
0.24376731301939059,0.027855153203342614,0.12188365650969529,0.0037240347007099386,-0.04888280853629112,0.01660134643316269,-0.014705311506986618
0.28115015974440893,0.08360128617363344,0.17891373801916935,0.0539793209663333,0.04847882688045502,0.21372096240520477,0.13117000460624695
0.1920529801324503,0.060000000000000005,0.1456953642384106,0.04174463271987691,-0.03611529991030693,0.09956244379281998,0.03237506374716759
0.2671009771986971,0.05245901639344262,0.1758957654723127,0.03023918368105313,0.12794606387615204,0.25245165824890137,0.1907622069120407
0.3843648208469055,0.13114754098360656,0.24104234527687293,0.03707981660783911,0.12396249920129776,0.287357896566391,0.2056582123041153
0.367816091954023,0.15444015444015444,0.23754789272030655,0.10561521997406863,0.19710399210453033,0.2925831079483032,0.2456333339214325
0.19354838709677416,0.036101083032490974,0.12186379928315413,0.016802702092795458,-0.008036116138100624,0.1603361815214157,0.07624272257089615
0.2049469964664311,0.04982206405693951,0.14840989399293286,0.007482996181087502,0.03702903166413307,0.26670852303504944,0.15066348016262054
0.17857142857142858,0.014388489208633093,0.1,0.0043812925562560666,0.058564916253089905,-0.2118554264307022,-0.07865976542234421
0.1357142857142857,0.014388489208633093,0.1,0.003460049056132172,-0.10619722306728363,0.013824963010847569,-0.04521885886788368
0.24000000000000002,0.017241379310344827,0.11428571428571428,0.02131614663228374,0.039588406682014465,-0.17992331087589264,-0.07090644538402557
0.27848101265822783,0.05732484076433121,0.14556962025316456,0.027273659779845704,0.015177601017057896,0.226440891623497,0.12003904581069946
0.23880597014925373,0.07518796992481204,0.12686567164179105,0.040096726834883176,0.03670606017112732,0.1401243656873703,0.08936728537082672
0.3859649122807018,0.11176470588235295,0.21637426900584797,0.059900601749326675,0.20288072526454926,0.2261596918106079,0.2157706618309021
0.19555555555555557,0.035874439461883414,0.10666666666666666,0.011151285345672234,0.07740948349237442,0.21594659984111786,0.14712515473365784
0.268370607028754,0.05787781350482315,0.16613418530351437,0.027310805846626856,0.0713915005326271,0.12425559014081955,0.0991523414850235
0.27089337175792505,0.11594202898550725,0.1671469740634006,0.06936727774165168,0.09164328128099442,0.16601063311100006,0.12997137010097504
0.3684210526315789,0.10588235294117647,0.17543859649122803,0.03614145187776709,0.0734931230545044,0.2360660880804062,0.15486080944538116
0.29737609329446063,0.04105571847507331,0.1399416909620991,0.005431962098312258,0.04707939550280571,0.08224091678857803,0.066118985414505
0.22535211267605632,0.06382978723404255,0.14084507042253522,0.013037197507415986,-0.0007128042634576559,0.10938183218240738,0.05526702105998993
0.30769230769230765,0.04225352112676056,0.15384615384615383,0.010911138882999437,0.08906657248735428,0.16378675401210785,0.12757234275341034
0.14074074074074072,0.03731343283582089,0.08888888888888888,0.007693200311874436,-0.02964487485587597,0.11992105096578598,0.045571666210889816
0.1492537313432836,0.007518796992481203,0.1044776119402985,0.001663641478257869,-0.05252040922641754,0.0452820248901844,-0.002470368053764105
0.4369230769230769,0.1609907120743034,0.23384615384615387,0.10596770289315331,0.12301303446292877,0.16305667161941528,0.14434930682182312
0.17142857142857143,0.06474820143884892,0.14285714285714285,0.025528427161460376,-0.0774441510438919,0.054402805864810944,-0.01075519435107708
0.13523131672597866,0.007168458781362008,0.07829181494661921,0.0027610805119893736,-0.16191411018371582,-0.06738944351673126,-0.11330106854438782
0.17490494296577946,0.06130268199233717,0.08365019011406843,0.019584568050461614,-0.08468150347471237,0.16482211649417877,0.038512665778398514
0.17034700315457416,0.04444444444444444,0.10725552050473186,0.016519534436218272,-0.06368862092494965,0.08438943326473236,0.01085513923317194
0.2442244224422442,0.11295681063122923,0.1782178217821782,0.06354220583656621,0.026562659069895744,0.10438830405473709,0.06669322401285172
0.18947368421052632,0.02826855123674912,0.11929824561403508,0.004659764978503737,-0.016093457117676735,-0.26479098200798035,-0.14181606471538544
0.08835341365461848,0.0,0.05622489959839358,0.0026664131466075944,-0.14634667336940765,0.17830395698547363,0.012271671555936337
0.21710526315789472,0.05298013245033112,0.11842105263157894,0.00817574935762017,-0.06221277639269829,0.09033094346523285,0.014490941539406776
0.0779220779220779,0.006535947712418301,0.051948051948051945,0.004484100721628333,-0.03951270505785942,0.09799084812402725,0.029869025573134422
0.3057324840764331,0.12820512820512822,0.21019108280254775,0.0744819003123621,0.15601427853107452,0.22467440366744995,0.19143179059028625
0.3131868131868132,0.06629834254143646,0.17582417582417584,0.06848897898874623,0.030257921665906906,-0.017633158713579178,0.007809823844581842
0.1276595744680851,0.021428571428571432,0.08510638297872342,0.004981774209379459,-0.1748277097940445,0.12484913319349289,-0.027882136404514313
0.1597222222222222,0.013986013986013986,0.10416666666666667,0.0032835772455864125,-0.06929129362106323,0.14439205825328827,0.036827728152275085
0.2921348314606742,0.11299435028248588,0.16853932584269662,0.06751549982963917,0.0029994379729032516,0.14178262650966644,0.0729413628578186
0.21700879765395895,0.011799410029498525,0.11730205278592375,0.0075847555223895165,-0.031201016157865524,0.1001860573887825,0.035197533667087555
0.19285714285714287,0.014388489208633093,0.10714285714285716,0.004351960287731948,-0.10795287787914276,0.047832731157541275,-0.029617927968502045
0.3589743589743589,0.10309278350515463,0.158974358974359,0.0631967323072241,0.046671874821186066,0.1404370665550232,0.09459301829338074
0.28571428571428575,0.1377245508982036,0.19642857142857145,0.08633392686518382,0.029116373509168625,0.16193749010562897,0.0961243286728859
0.3622448979591837,0.09743589743589744,0.19387755102040816,0.05224343201192708,0.1542915254831314,-0.07645398378372192,0.037802811712026596
0.27089337175792505,0.06376811594202898,0.14985590778097982,0.009116967127746296,0.05398599058389664,0.15302470326423645,0.1044783741235733
0.1895424836601307,0.039473684210526314,0.1045751633986928,0.009895780572022873,-0.09332925081253052,0.0384763665497303,-0.02663794718682766
0.14084507042253522,0.02127659574468085,0.09154929577464789,0.00403033696361226,-0.017169561237096786,0.09303410351276398,0.03888842836022377
0.09790209790209792,0.0,0.055944055944055944,0.0022570091159071926,-0.19183136522769928,-0.021631306037306786,-0.10642676800489426
0.19480519480519481,0.0065359477124183,0.1038961038961039,0.003082726743882774,-0.07358651608228683,0.05216443911194801,-0.009867344982922077
0.17358490566037738,0.06844106463878326,0.09811320754716982,0.03156039301577328,-0.007442525587975979,0.2690102159976959,0.12843653559684753
0.20987654320987656,0.07453416149068323,0.12345679012345678,0.023435154330791023,-0.050750602036714554,0.188838928937912,0.06769903004169464
0.2051282051282051,0.012903225806451615,0.10256410256410255,0.0040200159094267145,-0.05778384208679199,0.021544290706515312,-0.0167826097458601
0.19148936170212766,0.057142857142857134,0.13475177304964536,0.023032841695649647,0.043435778468847275,0.25373461842536926,0.14780181646347046
0.22895622895622894,0.06779661016949153,0.1414141414141414,0.027801703783553292,-0.013502245768904686,0.17090369760990143,0.07850896567106247
0.2769230769230769,0.10852713178294572,0.17692307692307693,0.05174393346048319,0.1291275918483734,0.28007611632347107,0.204790860414505
0.1926910299003322,0.006688963210702341,0.0930232558139535,0.0029669260751177258,-0.1049753725528717,0.007706592790782452,-0.047576215118169785
0.30386740331491713,0.1,0.17127071823204418,0.04998176980708775,0.07919201999902725,0.06395725905895233,0.07307133078575134
0.19135802469135804,0.04968944099378882,0.1358024691358025,0.04895736133952167,-0.05866255238652229,-0.2792455852031708,-0.16960886120796204
0.19879518072289157,0.01818181818181818,0.1144578313253012,0.004150886935780442,-0.01412130706012249,0.03347399830818176,0.011171925812959671
0.1021276595744681,0.025751072961373387,0.07659574468085106,0.006318839257543735,-0.01757884956896305,0.07007491588592529,0.027445629239082336
0.41011235955056174,0.15254237288135594,0.20786516853932585,0.06573122869121291,0.1243063434958458,0.29456502199172974,0.20931768417358398
0.4385382059800665,0.22742474916387959,0.31893687707641194,0.13039427680445,0.2719045877456665,0.2983233332633972,0.2862427234649658
0.2268041237113402,0.05536332179930796,0.12371134020618559,0.004140216024251441,0.09941160678863525,0.18756446242332458,0.1444997489452362
0.14814814814814814,0.026595744680851064,0.11111111111111112,0.012887193965816472,-0.08321096748113632,0.06530388444662094,-0.008427857421338558
0.3669724770642202,0.11692307692307695,0.18960244648318042,0.06978874810655025,0.07050854712724686,0.21809335052967072,0.14462441205978394
0.10317460317460318,0.0,0.06349206349206349,0.0014011512421704948,-0.14498934149742126,0.05427582189440727,-0.045680440962314606
0.17993079584775085,0.006968641114982579,0.10380622837370242,0.003766050954886372,0.011611811816692352,0.07290294766426086,0.0436260960996151
0.17337461300309595,0.049844236760124616,0.09907120743034055,0.00764552796348999,-0.05631578341126442,0.023928038775920868,-0.014867412857711315
0.2465753424657534,0.04827586206896552,0.15753424657534248,0.019701407152812184,0.033286720514297485,0.21940071880817413,0.1260593980550766
0.1619718309859155,0.007092198581560283,0.09154929577464789,0.002789402992067501,0.03738667070865631,0.08389811217784882,0.062061857432127
0.17898832684824903,0.0784313725490196,0.13229571984435798,0.033185128774442386,0.013468286022543907,0.3124893009662628,0.1599675416946411
0.23728813559322037,0.013651877133105802,0.1152542372881356,0.00432882392969042,-0.09920608252286911,0.023845266550779343,-0.03676345571875572
0.12334801762114538,0.0,0.09691629955947136,0.0032547483413328925,-0.04338342696428299,0.12631744146347046,0.04158446937799454
0.2557377049180328,0.052805280528052806,0.17049180327868851,0.009092787006126295,0.0029845803510397673,0.20908010005950928,0.10538671165704727
0.2493368700265252,0.04266666666666667,0.12732095490716178,0.005317537590629354,0.0007877990719862282,-0.059474505484104156,-0.027857063338160515
0.34594594594594597,0.14130434782608695,0.227027027027027,0.07305718870629924,0.1433076113462448,0.24375005066394806,0.19435033202171326
0.09195402298850575,0.0,0.06896551724137931,0.0015633414371910759,-0.11647079885005951,-0.036961719393730164,-0.0752895399928093
0.34052757793764993,0.08674698795180723,0.2158273381294964,0.09539722312600744,0.0712255984544754,-0.08096396923065186,-0.004412758629769087
0.1111111111111111,0.007462686567164181,0.07407407407407408,0.002504798939011242,-0.1301891952753067,0.09193862229585648,-0.019969189539551735
0.125,0.0,0.06944444444444443,0.003332133739978122,-0.1324475258588791,0.09374827891588211,-0.020285623148083687
0.25153374233128833,0.06790123456790124,0.14723926380368096,0.01189173144506825,0.00962374173104763,0.1167481392621994,0.06413739174604416
0.2669683257918552,0.1,0.1583710407239819,0.048803584134670175,0.023579848930239677,-0.07496940344572067,-0.0245246272534132
0.10596026490066225,0.013333333333333332,0.07947019867549669,0.0033000134768687074,-0.19276101887226105,-0.10739991068840027,-0.1485900729894638
0.19188191881918817,0.03717472118959108,0.12546125461254612,0.0046596788254011055,0.07146190106868744,0.09957871586084366,0.08696755021810532
0.08067940552016986,0.038379530916844345,0.06369426751592357,0.03822027956573329,-0.04112013801932335,-0.5824651718139648,-0.3254980742931366
0.16176470588235295,0.02962962962962963,0.08823529411764705,0.005735959075613227,-0.04378033056855202,0.2827707827091217,0.11566760390996933
0.27920227920227925,0.05730659025787965,0.14814814814814814,0.004465018975329289,-0.09924747049808502,0.09836473315954208,-0.0007864916697144508
0.21352313167259787,0.035842293906810034,0.1209964412811388,0.004540769856138452,0.03147835657000542,0.1274794340133667,0.08051810413599014
0.10909090909090907,0.014652014652014652,0.07999999999999999,0.0032394255636441468,-0.07053012400865555,0.04153502359986305,-0.013483723625540733
0.22302158273381298,0.03623188405797101,0.1366906474820144,0.003520497598369727,-0.05637592077255249,0.15528392791748047,0.04876001179218292
0.310126582278481,0.09554140127388536,0.18987341772151897,0.06272855789693418,0.14544567465782166,0.16741491854190826,0.1577775776386261
0.2741935483870968,0.13008130081300812,0.20161290322580644,0.07545014099750878,0.12738890945911407,0.1500367820262909,0.14008735120296478
0.08695652173913043,0.02631578947368421,0.08695652173913043,0.0032048093049202794,-0.14569896459579468,0.17967888712882996,0.01325875986367464
0.3028571428571429,0.0632183908045977,0.14857142857142858,0.026240351662748518,0.0351085290312767,0.11761122941970825,0.07752364128828049
0.3122923588039867,0.060200668896321065,0.18604651162790697,0.02640226096599884,0.1561964601278305,0.17541545629501343,0.16714413464069366
0.18430034129692832,0.020618556701030927,0.09556313993174062,0.0033857918895288043,-0.070248544216156,-0.03002978302538395,-0.04851456731557846
0.18300653594771243,0.0,0.08496732026143791,0.003150981139297371,-0.11935350298881531,0.12180180102586746,-8.79373328643851e-05
0.31419939577039274,0.12765957446808512,0.22356495468277948,0.09116010906800395,0.024108702316880226,0.036038145422935486,0.03164190053939819
0.08494208494208495,0.007782101167315174,0.04633204633204633,0.002177844809961518,-0.09971123188734055,-0.5056422352790833,-0.3094503879547119
0.1724137931034483,0.03472222222222222,0.1310344827586207,0.021249813933661904,-0.009487194940447807,0.16129513084888458,0.07595701515674591
0.34507042253521125,0.12056737588652483,0.16901408450704225,0.0358917139778512,0.17482948303222656,-0.007285307161509991,0.08360685408115387
0.33576642335766427,0.1985294117647059,0.2554744525547445,0.1297338733814612,0.22447215020656586,0.4264964163303375,0.32464802265167236
0.22142857142857142,0.050359712230215826,0.1142857142857143,0.008246702500066844,0.05606674402952194,0.22745715081691742,0.1417161226272583
0.321285140562249,0.20242914979757085,0.25702811244979923,0.08904729761665255,0.09084239602088928,0.3868732750415802,0.23587334156036377
0.24024024024024024,0.03625377643504532,0.12612612612612611,0.022523554104632474,0.00506179453805089,0.14043989777565002,0.07334715127944946
0.17777777777777776,0.012779552715654953,0.08253968253968254,0.0028754584211310033,-0.04857150837779045,-0.002227048622444272,-0.023841258138418198
0.26775956284153,0.08241758241758243,0.1639344262295082,0.05162277950927402,0.12076672911643982,-0.13515490293502808,-0.00888131745159626
0.2551440329218107,0.05809128630705394,0.14814814814814817,0.012372880948765036,-0.016070464625954628,0.135804682970047,0.06024554744362831
0.18122977346278316,0.0781758957654723,0.12944983818770228,0.04058802364647502,-0.031495336443185806,0.0763450339436531,0.023430177941918373
0.26537216828478966,0.052117263843648204,0.12297734627831715,0.019221093523116357,0.0453973188996315,0.26346275210380554,0.1534767746925354
0.1494661921708185,0.007168458781362006,0.09964412811387902,0.003567184122126219,-0.08388485759496689,0.014302137307822704,-0.03359876945614815
0.39999999999999997,0.12532637075718017,0.2025974025974026,0.0608574383944123,0.1225758045911789,0.17022277414798737,0.14767609536647797
0.17857142857142858,0.05035971223021583,0.12857142857142856,0.008195472973977444,-0.011021758429706097,0.15952226519584656,0.07430881261825562
0.29629629629629634,0.07453416149068323,0.16049382716049382,0.03337061843390399,0.07673205435276031,-0.11220985651016235,-0.017902133986353874
0.1966101694915254,0.020477815699658702,0.1016949152542373,0.0038709148995062165,-0.13178177177906036,0.04743514582514763,-0.04211420938372612
0.2472727272727273,0.1098901098901099,0.18181818181818182,0.04801360616752155,-0.045062318444252014,0.1455964893102646,0.04999466612935066
0.2849162011173184,0.05617977528089888,0.13966480446927376,0.024464161905930107,0.0728931650519371,0.21334177255630493,0.14354339241981506
0.14715719063545152,0.0,0.07357859531772576,0.002860989445933668,-0.11704599857330322,-0.062468431890010834,-0.08813898265361786
0.2206405693950178,0.05017921146953405,0.14234875444839856,0.010592252179821567,-0.052282337099313736,0.13173331320285797,0.03959086909890175
0.24183006535947713,0.01973684210526316,0.13071895424836602,0.004406933628346774,-0.0279260091483593,-0.020712682977318764,-0.022657811641693115
0.21710526315789472,0.04635761589403974,0.1118421052631579,0.0039720856202817645,0.0034133242443203926,0.21066124737262726,0.10636673122644424
0.192,0.008064516129032258,0.128,0.0036278741197040263,0.02484874613583088,0.1623927354812622,0.09415721893310547
0.23239436619718307,0.056737588652482275,0.1408450704225352,0.009736671446494363,0.08379358798265457,-0.15424363315105438,-0.03643536567687988
0.2045454545454545,0.03428571428571429,0.10795454545454544,0.004781602006203005,-0.018987832590937614,0.05486194044351578,0.019259687513113022
0.2435897435897436,0.06451612903225805,0.16666666666666666,0.03160732142521123,0.0019074146402999759,0.07834003865718842,0.04139234870672226
0.03686635944700461,0.0,0.018433179723502304,0.0012022419620222958,-0.2853626012802124,-0.11576762050390244,-0.20012664794921875
0.3071895424836601,0.052631578947368425,0.1895424836601307,0.028787005887148272,0.021199116483330727,0.1764451414346695,0.09909477829933167
0.3206521739130435,0.07103825136612021,0.20108695652173914,0.027621917042034903,0.11453083902597427,0.08518107235431671,0.10127519816160202
0.32958801498127344,0.1509433962264151,0.24719101123595508,0.05652733671522797,0.11553195118904114,0.3415940999984741,0.22735118865966797
0.271604938271605,0.05590062111801242,0.1728395061728395,0.0285583181176226,0.11760527640581131,-0.10889086127281189,0.003376934677362442
0.37717121588089325,0.0997506234413965,0.15384615384615388,0.05469676547465684,0.10671015828847885,0.1078629419207573,0.10873644798994064
0.26885245901639343,0.1188118811881188,0.18360655737704917,0.06905772849073055,0.032732043415308,0.12981295585632324,0.0822983905673027
0.35733333333333334,0.12332439678284181,0.19733333333333333,0.06801613711994342,0.10427282750606537,-0.06024102866649628,0.02223825640976429
0.28793774319066145,0.14901960784313725,0.2101167315175097,0.054838373310967296,0.08051858097314835,0.28127312660217285,0.18026481568813324
0.24025974025974028,0.0261437908496732,0.12337662337662338,0.005126895726273899,0.00861944817006588,-0.005103535018861294,0.0033695183228701353
0.3684210526315789,0.13529411764705881,0.1871345029239766,0.035597238813827474,0.12370072305202484,0.3011665940284729,0.2121899574995041
0.28409090909090906,0.028571428571428574,0.1534090909090909,0.00410099093020581,0.010363784618675709,-0.0649154931306839,-0.025897013023495674
0.16000000000000003,0.014652014652014654,0.10181818181818182,0.0031317040716006984,-0.07535667717456818,0.005920638330280781,-0.03337133303284645
0.29530201342281875,0.0608108108108108,0.14765100671140938,0.01494535444928882,0.06704003363847733,0.16203051805496216,0.1155298724770546
0.3027027027027027,0.07065217391304347,0.14054054054054055,0.05470591051041369,0.0695796012878418,0.07668142765760422,0.07463406771421432
0.21621621621621623,0.02040816326530612,0.12162162162162163,0.00752011599441209,0.02552652917802334,0.1614525318145752,0.09404844045639038
0.3801169590643275,0.11176470588235295,0.18713450292397665,0.03993842607783553,0.11867430806159973,0.0961260125041008,0.10882438719272614
0.23208191126279865,0.07560137457044673,0.14334470989761092,0.03002979877778912,-0.05661647021770477,0.10486441850662231,0.02440066635608673
0.2608695652173913,0.043750000000000004,0.14906832298136646,0.012665913692257115,0.028775006532669067,0.05707342550158501,0.044439781457185745
0.22137404580152673,0.038461538461538464,0.1068702290076336,0.008170649145950781,-0.04776743799448013,0.18840067088603973,0.06905163824558258
0.10236220472440943,0.015873015873015872,0.06299212598425197,0.002340246548962602,-0.21756236255168915,0.04146250709891319,-0.08973103761672974
0.21118012422360244,0.012500000000000002,0.13043478260869565,0.005164915819514419,-0.023473722860217094,0.03053879365324974,0.005005011335015297
0.25787965616045844,0.07492795389048992,0.13753581661891118,0.031027747745014683,0.002919844351708889,0.17262208461761475,0.08782608062028885
0.3474178403755868,0.08018867924528301,0.16431924882629106,0.03462759092544351,0.08305495977401733,0.08260029554367065,0.08431777358055115
0.21518987341772153,0.07643312101910828,0.15189873417721517,0.04769133761797358,0.04247888922691345,-0.2580585479736328,-0.11066824942827225
0.14652014652014653,0.007380073800738007,0.09523809523809525,0.003414912322441332,-0.07665634900331497,0.09231851994991302,0.008005475625395775
0.15254237288135591,0.03418803418803419,0.11016949152542374,0.009120292928375563,-0.10598921775817871,0.08821885287761688,-0.009152545593678951
0.06299212598425195,0.0,0.04724409448818897,0.0010614796163726406,-0.21363717317581177,0.07661740481853485,-0.07108762115240097
0.24242424242424243,0.10847457627118642,0.1616161616161616,0.0537346837822624,0.011899762786924839,-0.03411317616701126,-0.00957245472818613
0.18473895582329317,0.032388663967611336,0.11244979919678716,0.01663964546819218,0.05603879690170288,0.32649821043014526,0.1890271157026291
0.2535211267605634,0.021276595744680847,0.11267605633802817,0.011108970299752535,-0.04249021038413048,0.08489101380109787,0.021976562216877937
0.3386581469648562,0.10289389067524116,0.14696485623003194,0.03914550320598203,0.10528843849897385,0.2270316183567047,0.1667923927307129
0.34437086092715236,0.06,0.17218543046357618,0.017672138637070234,0.1465246081352234,0.21226716041564941,0.18051980435848236
0.3315789473684211,0.03174603174603174,0.16842105263157894,0.009367159201010533,0.08848147094249725,0.02598070167005062,0.058565907180309296
0.2066115702479339,0.1,0.1652892561983471,0.01799908882025197,-0.02901024930179119,0.17488804459571838,0.07237771898508072
0.1897810218978102,0.022058823529411763,0.12408759124087593,0.0036383868065226377,-0.04395720735192299,0.30363839864730835,0.12530821561813354
0.13861386138613863,0.013289036544850499,0.08580858085808582,0.006991137454595449,-0.06815081089735031,0.09829115867614746,0.015277433209121227
0.1422924901185771,0.00796812749003984,0.09486166007905138,0.0027566879931503925,-0.14310526847839355,0.1685839742422104,0.009449907578527927
0.2214022140221402,0.10408921933085502,0.16236162361623618,0.043284727573042,0.042303428053855896,0.20245979726314545,0.12254578620195389
0.32704402515723274,0.04430379746835443,0.14465408805031446,0.02838184277983475,0.12101612240076065,0.1632147878408432,0.14342260360717773
0.14345991561181434,0.01702127659574468,0.10126582278481013,0.004241632720758611,-0.082567498087883,-0.4029691517353058,-0.24621887505054474
0.16494845360824742,0.020761245674740483,0.11683848797250859,0.007643652310762799,-0.05300115421414375,0.03734763339161873,-0.006600596942007542
0.3148148148148148,0.04968944099378882,0.1419753086419753,0.006385947963810376,0.05855218321084976,0.1787850260734558,0.11938957870006561
0.18245614035087715,0.03533568904593639,0.12631578947368421,0.0041565569341416786,-0.036688726395368576,0.19037339091300964,0.07577972859144211
0.1894736842105263,0.0,0.10526315789473684,0.003446764903832947,-0.06865419447422028,0.11630775779485703,0.023695049807429314
0.21352313167259787,0.07168458781362007,0.12811387900355872,0.04133731209968239,-0.016746478155255318,0.07366132736206055,0.029627110809087753
0.28571428571428575,0.038338658146964855,0.10158730158730157,0.006009505662041515,-0.0007877990719862282,0.062068723142147064,0.03201837092638016
0.27491408934707906,0.04844290657439446,0.15807560137457047,0.022670031233317147,0.01288566179573536,0.1946573406457901,0.10359476506710052
0.26666666666666666,0.0353356890459364,0.14035087719298245,0.005576270000857164,0.03518953546881676,0.076487235724926,0.057288169860839844
0.3522388059701493,0.1081081081081081,0.16716417910447762,0.01701522967334173,0.05849204584956169,0.170498326420784,0.11531621217727661
0.2719546742209632,0.07977207977207977,0.14164305949008502,0.038946051996603746,0.10682123899459839,0.1912587583065033,0.150074765086174
0.2074074074074074,0.03731343283582089,0.12592592592592594,0.004839219090780918,0.008669327013194561,-0.026517299935221672,-0.007348594255745411
0.4506329113924051,0.1475826972010178,0.21265822784810126,0.07151001209539108,0.18429580330848694,0.18120521306991577,0.1840779036283493
0.4201183431952663,0.125,0.22485207100591714,0.060418286951084026,0.17414887249469757,0.18540532886981964,0.18110357224941254
0.20317460317460317,0.025559105431309903,0.11428571428571428,0.007233093054748392,-0.026504645124077797,0.072459377348423,0.024073991924524307
0.34078212290502796,0.12921348314606743,0.19553072625698326,0.07663026551639443,0.16682450473308563,0.21263079345226288,0.1909426599740982
0.17363344051446944,0.019417475728155338,0.09646302250803857,0.006468731698981279,-0.11732793599367142,-0.09490177035331726,-0.10434311628341675
0.1605351170568562,0.0202020202020202,0.11371237458193979,0.005392269167870879,0.0031848023645579815,0.09061145037412643,0.04806569591164589
0.2933985330073349,0.06879606879606881,0.14180929095354525,0.04222987374456813,0.002456786809489131,0.017941607162356377,0.011795256286859512
0.19263456090651557,0.02849002849002849,0.11898016997167139,0.00690192662737208,-0.02986455336213112,0.14088699221611023,0.05559157952666283
0.11152416356877325,0.0149812734082397,0.08178438661710037,0.0034332213613723996,-0.07706422358751297,0.14599406719207764,0.03354014456272125
0.21305841924398625,0.041522491349480974,0.1099656357388316,0.0052969290457761265,-0.018144140020012856,0.03835291787981987,0.01155298762023449
0.15384615384615388,0.0,0.08097165991902834,0.0016493915443323225,-0.051363296806812286,0.16793347895145416,0.057416364550590515
0.2573099415204678,0.07058823529411765,0.13450292397660818,0.03378377795919589,-0.03048432059586048,0.0274185910820961,-7.41640105843544e-05
0.40579710144927544,0.22740524781341104,0.2782608695652174,0.11404393065828217,0.16906443238258362,0.34506306052207947,0.2567858397960663
0.22758620689655173,0.11111111111111112,0.1793103448275862,0.0309597065263362,0.05852388218045235,0.34452539682388306,0.1988534927368164
0.27848101265822783,0.050955414012738856,0.1518987341772152,0.009480160316973001,0.005895934998989105,0.22736907005310059,0.11564924567937851
0.24309392265193372,0.044444444444444446,0.13812154696132597,0.010647610166347271,-0.07116439938545227,0.08298161625862122,0.006326896604150534
0.18115942028985507,0.06569343065693431,0.15942028985507248,0.034442131757651005,0.045513346791267395,0.2998415231704712,0.17086611688137054
0.11347517730496455,0.05714285714285715,0.09219858156028368,0.025569768879325428,-0.08876482397317886,0.43547573685646057,0.16128166019916534
0.2384105960264901,0.07333333333333333,0.10596026490066225,0.04529377827186811,-0.013204389251768589,0.1411876678466797,0.0643259808421135
0.24548736462093862,0.08727272727272727,0.15162454873646208,0.02599595136291607,0.0003526877553667873,0.2522323429584503,0.12458883225917816
0.16064257028112447,0.06477732793522267,0.1285140562248996,0.035336908804850214,-0.07826025038957596,0.2090829312801361,0.06281515210866928
0.21864951768488747,0.032362459546925564,0.11575562700964631,0.010665071294471813,-0.02443379908800125,0.05922442302107811,0.01864130049943924
0.17475728155339806,0.0,0.09061488673139159,0.0030683834302634113,-0.11157986521720886,0.00031481467885896564,-0.05455504730343819
0.20809248554913296,0.046511627906976744,0.13872832369942198,0.02425747337101012,-0.0010219808900728822,0.08816049247980118,0.04472619667649269
0.28213166144200624,0.10725552050473187,0.1755485893416928,0.05334608523374318,0.12999887764453888,-0.10423549264669418,0.011711910367012024
0.22881355932203393,0.05982905982905983,0.1440677966101695,0.03488153458692788,0.030135879293084145,0.32796192169189453,0.17606006562709808
0.3536231884057971,0.07580174927113703,0.17971014492753623,0.02603424537083673,0.09880387037992477,0.19483280181884766,0.1477537900209427
0.2864321608040201,0.045454545454545456,0.1407035175879397,0.020726631999077566,0.01286549773067236,0.1469353288412094,0.08050432801246643
0.14,0.006711409395973154,0.07333333333333333,0.0013380609810582944,-0.09024703502655029,0.09166837483644485,0.0006650039576925337
0.4133738601823709,0.1712538226299694,0.22492401215805471,0.08332852050763803,0.1877080649137497,0.32361817359924316,0.25598734617233276
0.27361563517915305,0.12459016393442622,0.18241042345276873,0.06368406873497712,0.12329745292663574,0.29110172390937805,0.20712454617023468
0.24521072796934865,0.06177606177606178,0.10727969348659004,0.049268608691226345,-0.001872747321613133,0.22169744968414307,0.10889042913913727
0.11583011583011582,0.015564202334630349,0.07722007722007722,0.005029052993124571,-0.119975745677948,0.004914646502584219,-0.05660727247595787
0.1761006289308176,0.006329113924050634,0.11320754716981131,0.001813566143809499,-0.03817411884665489,-0.11147481948137283,-0.07335598021745682
0.28391167192429023,0.0634920634920635,0.15772870662460567,0.010953979474828363,0.05273548886179924,0.053840383887290955,0.05482592433691025
0.33935018050541516,0.1527272727272727,0.20216606498194947,0.08189853063414777,0.15786367654800415,0.22606170177459717,0.19305069744586945
0.16891891891891891,0.02040816326530612,0.12837837837837837,0.004580081511307829,-0.05127910152077675,0.034650132060050964,-0.007048053201287985
0.16666666666666669,0.0364963503649635,0.11594202898550725,0.0267334864912494,-0.05394778773188591,0.08515312522649765,0.01622955873608589
0.15,0.05882352941176471,0.075,0.007992367913859367,-0.10298129171133041,0.0658542811870575,-0.0183513555675745
0.1453287197231834,0.0069686411149825775,0.09688581314878894,0.003278164298248527,-0.009440146386623383,0.0714438334107399,0.032249338924884796
0.32978723404255317,0.09625668449197862,0.18085106382978722,0.02865574299425616,0.05985964089632034,0.04430539160966873,0.05360998585820198
0.3940298507462687,0.16816816816816818,0.21492537313432836,0.09129081291610845,0.19539326429367065,0.2982366979122162,0.24753157794475555
0.08032128514056226,0.048582995951417,0.08032128514056226,0.017107145344311125,-0.14137332141399384,0.15824919939041138,0.005523453000932932
0.2994350282485876,0.07386363636363635,0.15254237288135594,0.013169277416128168,0.03199624642729759,0.1479310691356659,0.0907774567604065
0.14634146341463414,0.021052631578947368,0.09059233449477352,0.013767758469225032,-0.004482000134885311,0.1763620227575302,0.08580388128757477
0.2871046228710462,0.06845965770171149,0.17518248175182483,0.057268786877325575,0.023572418838739395,0.039916735142469406,0.03330494090914726
0.12145748987854252,0.02448979591836735,0.08097165991902834,0.0032017404133187623,-0.1344115436077118,0.09924833476543427,-0.018694275990128517
0.051094890510948905,0.0,0.051094890510948905,0.0010738677422009602,-0.1532992571592331,0.1588682234287262,-0.0005142037989571691
0.16993464052287582,0.01973684210526316,0.09150326797385622,0.003191286469815763,-0.044706445187330246,0.10258360207080841,0.029428986832499504
0.07874015748031496,0.0,0.055118110236220486,0.0012523994695056208,-0.2136562615633011,0.05981266871094704,-0.07900762557983398
0.267515923566879,0.012820512820512822,0.1464968152866242,0.004556954585908734,-0.015679925680160522,0.08257129043340683,0.03453323617577553
0.3178294573643411,0.14843750000000003,0.17829457364341086,0.04064174522310753,0.10757684707641602,0.38852658867836,0.2454782873392105
0.35967302452316074,0.11506849315068493,0.19618528610354224,0.06596501301825265,0.04287225753068924,-0.11154556274414062,-0.033874236047267914
0.18320610687022904,0.06923076923076922,0.13740458015267176,0.019783669514442336,-0.009093825705349445,0.20351743698120117,0.09644147008657455
0.1947565543071161,0.06792452830188679,0.11985018726591762,0.02853361008915387,-0.06063505634665489,0.28530699014663696,0.1078680232167244
0.29813664596273287,0.1125,0.1863354037267081,0.05215940677649941,0.14271968603134155,0.21855425834655762,0.18168947100639343
0.25806451612903225,0.1155234657039711,0.17204301075268816,0.0632189116321039,-0.008165588602423668,0.2624765634536743,0.12496812641620636
0.27096774193548384,0.05194805194805195,0.14193548387096774,0.01401830319040857,0.04032137244939804,-0.20012663304805756,-0.08112660050392151
0.22629969418960247,0.03692307692307692,0.12844036697247707,0.004467736475818367,0.023472309112548828,0.09835376590490341,0.062160391360521317
0.4176904176904177,0.08888888888888889,0.19164619164619168,0.06783724119070894,0.18527215719223022,0.1382559984922409,0.16301637887954712
0.17826086956521742,0.0873362445414847,0.13478260869565217,0.044305740846800785,-0.01419028826057911,0.26063966751098633,0.1209283098578453
0.18181818181818185,0.01408450704225352,0.11888111888111887,0.0036076128318894237,0.013081638142466545,0.10898035764694214,0.06209929287433624
0.16556291390728478,0.006666666666666667,0.08609271523178809,0.0027092493818308165,-0.0830022543668747,0.11076489090919495,0.013594263233244419
0.3308641975308642,0.07444168734491316,0.19259259259259262,0.048532511132442134,0.04890473932027817,0.0952141061425209,0.07346121966838837
0.07003891050583658,0.0,0.062256809338521395,0.003066810588916231,-0.20272082090377808,0.0492253452539444,-0.07825327664613724
0.23272727272727273,0.007326007326007326,0.11636363636363636,0.004632885522140462,-0.03231886401772499,0.019171152263879776,-0.005071405787020922
0.1382113821138211,0.040983606557377046,0.0975609756097561,0.007330616207165712,-0.025452595204114914,0.28392499685287476,0.12594038248062134
0.24908424908424906,0.022140221402214024,0.1172161172161172,0.004083918023692286,0.056189846247434616,0.11261063069105148,0.0857304185628891
0.13240418118466898,0.021052631578947368,0.09059233449477352,0.0031715995679342628,-0.05838380008935928,0.1891229748725891,0.06383614242076874
0.018691588785046728,0.0,0.018691588785046728,0.00093367253458272,-0.21737629175186157,0.060151536017656326,-0.08081158250570297
0.03508771929824561,0.008849557522123894,0.03508771929824561,0.0023189579462206287,-0.194048672914505,0.14110419154167175,-0.03050824999809265
0.30039525691699603,0.0956175298804781,0.20553359683794467,0.049935327868547166,0.07466580718755722,0.1770719438791275,0.12677419185638428
0.2312925170068027,0.08219178082191782,0.16326530612244897,0.02637331461535189,0.07749897986650467,0.22658875584602356,0.1523342877626419
0.2057877813504823,0.025889967637540454,0.11575562700964631,0.004454232379531028,-0.009462432004511356,0.019703861325979233,0.00669489149004221
0.25688073394495414,0.06769230769230769,0.14678899082568808,0.03545641208288629,0.0003074078995268792,0.036033548414707184,0.01970219984650612
0.26361031518624645,0.08069164265129683,0.1776504297994269,0.03243893213860986,0.07995576411485672,0.22395244240760803,0.15231770277023315
0.07051282051282051,0.012903225806451613,0.0641025641025641,0.0023991240880214108,-0.22761590778827667,-0.005159777123481035,-0.11713181436061859
0.21599999999999997,0.024193548387096774,0.128,0.005163263740771988,0.003584184916689992,0.19610337913036346,0.09947336465120316
0.24548736462093865,0.06545454545454546,0.1660649819494585,0.02436960975084266,0.008266760967671871,0.052695732563734055,0.031958334147930145
0.34653465346534656,0.04975124378109452,0.14356435643564355,0.027482658628086697,0.06240415573120117,0.0996006429195404,0.08242765069007874
0.36231884057971014,0.11678832116788322,0.2101449275362319,0.04614731222203855,0.10073250532150269,0.18934299051761627,0.146043062210083
0.18844984802431614,0.018348623853211007,0.0972644376899696,0.0037282680880689157,-0.039108723402023315,0.06139947474002838,0.012244478799402714
0.3313609467455621,0.07738095238095238,0.18934911242603553,0.045478538538542744,0.17032696306705475,0.16290102899074554,0.1679648905992508
0.3582089552238806,0.065,0.18407960199004977,0.03086715031431048,0.1412990242242813,0.1725318878889084,0.15823809802532196
0.3754045307443366,0.12377850162866448,0.22006472491909385,0.07653794787998604,0.22583337128162384,-0.0587182454764843,0.0810125321149826
0.17613636363636365,0.028571428571428567,0.11363636363636363,0.008089625932930024,-0.12913855910301208,-0.02360614947974682,-0.0751931294798851
0.26666666666666666,0.05750798722044728,0.17142857142857143,0.025630181519727662,-0.013872267678380013,0.09254737943410873,0.04033250734210014
0.17182130584192443,0.06228373702422145,0.12371134020618556,0.007736783049310465,-0.049073830246925354,0.14056122303009033,0.04549644514918327
0.21305841924398622,0.01384083044982699,0.12371134020618556,0.004083918023692286,0.04061215743422508,0.1364477574825287,0.08955657482147217
0.1875,0.013986013986013984,0.10416666666666666,0.0016408383634172667,-0.022107545286417007,0.047578755766153336,0.014096459373831749
0.17567567567567566,0.0,0.08783783783783783,0.0015442295633157673,-0.10675119608640671,0.0005794005119241774,-0.05196107178926468
0.3050847457627119,0.10238907849829351,0.1423728813559322,0.014197678293788056,-0.005914683453738689,0.11140654981136322,0.0535990372300148
0.1208053691275168,0.006756756756756756,0.06711409395973154,0.002870006675538242,-0.11656348407268524,0.08630838990211487,-0.015561375766992569
0.2591362126245847,0.09364548494983277,0.1794019933554817,0.02446403951541339,0.030518988147377968,0.09708283841609955,0.06510258466005325
0.2879581151832461,0.02105263157894737,0.13089005235602094,0.004668379735133375,0.0323687419295311,0.13734374940395355,0.085797518491745
0.18248175182481752,0.07352941176470588,0.16058394160583941,0.040255451095538235,0.048849910497665405,0.16400748491287231,0.10722632706165314
0.3292383292383293,0.07407407407407407,0.1818181818181818,0.03310171391521967,-0.002666206331923604,0.01820407062768936,0.009359851479530334
0.3092783505154639,0.09688581314878893,0.18556701030927836,0.047217354568371506,0.08783482015132904,0.3180781304836273,0.20168161392211914
0.24183006535947715,0.026315789473684206,0.130718954248366,0.008564612896013806,0.012768570333719254,0.12037806212902069,0.06751468032598495
0.03636363636363636,0.007326007326007326,0.02909090909090909,0.003634447880545283,-0.27648845314979553,0.20327159762382507,-0.04664139449596405
0.20786516853932585,0.07344632768361582,0.11797752808988764,0.007144013859344739,0.02918393909931183,0.2761416435241699,0.1510530263185501
0.06557377049180327,0.0,0.05737704918032786,0.001277700980088867,-0.11715636402368546,0.1854732483625412,0.031134406104683876
0.2397003745318352,0.0830188679245283,0.17977528089887637,0.02726212108935977,0.10344363749027252,0.2123725712299347,0.1586972177028656
0.17333333333333334,0.006711409395973154,0.08666666666666667,0.003355148087313626,-0.07497073709964752,-0.0026914887130260468,-0.037407975643873215
0.381294964028777,0.17391304347826084,0.22302158273381298,0.06883031603090632,0.16170716285705566,0.28826555609703064,0.2254737913608551
0.1776061776061776,0.04669260700389105,0.13899613899613902,0.026926497652926627,-0.04088525101542473,-0.35298365354537964,-0.2001294642686844
0.16835016835016836,0.006779661016949153,0.09427609427609428,0.0014985711977027528,-0.11440950632095337,0.07904006540775299,-0.017925795167684555
0.294314381270903,0.09427609427609428,0.1806020066889632,0.06289446200187877,0.11990994960069656,-0.05266319215297699,0.03369341790676117
0.43768996960486317,0.23853211009174316,0.3161094224924012,0.09163304809635024,0.2349933534860611,0.39180633425712585,0.3133489489555359
0.28975265017667845,0.08540925266903913,0.18374558303886926,0.047948863121715216,0.10909053683280945,0.17769767343997955,0.14455555379390717
0.3157894736842105,0.058823529411764705,0.17543859649122806,0.03186680241718106,0.1154661551117897,0.2137545645236969,0.16549734771251678
0.017937219730941707,0.0,0.017937219730941707,0.0010413638965244398,-0.2984067499637604,-0.004509278107434511,-0.15408667922019958
0.12734082397003746,0.052830188679245285,0.0898876404494382,0.030064724054359556,-0.0856253057718277,0.09015125036239624,0.00232627778314054
0.08727272727272728,0.0,0.08727272727272728,0.002435768828540641,-0.17043663561344147,0.00859125703573227,-0.0808098167181015
0.2509225092250923,0.10408921933085502,0.16236162361623616,0.05749205567791527,0.07637406140565872,0.20579753816127777,0.141660675406456
0.3164179104477612,0.12612612612612611,0.18507462686567164,0.0868731540774458,0.05033883824944496,0.09782706946134567,0.07547636330127716
0.12587412587412586,0.028169014084507046,0.07692307692307693,0.003989965977321137,-0.08311686664819717,-0.03963587433099747,-0.05974758788943291
0.0933852140077821,0.00784313725490196,0.0622568093385214,0.0023982225565143795,-0.191102996468544,0.09301606565713882,-0.051455698907375336
0.303951367781155,0.11620795107033641,0.20060790273556228,0.061904897563332346,0.1182950884103775,-0.08329571783542633,0.017042890191078186
0.39590443686006827,0.26116838487972505,0.33447098976109213,0.1163184259724109,0.19147832691669464,0.34154385328292847,0.2666259706020355
0.25862068965517243,0.06358381502890173,0.14942528735632185,0.02679561386089824,0.09134259074926376,0.16260072588920593,0.12814128398895264
0.08029197080291972,0.0,0.05109489051094891,0.0012937764898498364,-0.15679429471492767,0.1298532783985138,-0.01598411053419113
0.3910614525139665,0.12359550561797751,0.20670391061452514,0.07894048832097442,0.22867362201213837,0.1529306024312973,0.19183582067489624
0.21379310344827587,0.020833333333333332,0.11724137931034484,0.004178883260439064,-0.01774298958480358,0.1018407791852951,0.04289116710424423
0.22222222222222224,0.0,0.10035842293906809,0.004242828258023358,-0.038693420588970184,0.05163279175758362,0.0076742093078792095
0.18118466898954702,0.007017543859649123,0.0975609756097561,0.003599858796249826,-0.053236041218042374,0.16419459879398346,0.05465463921427727
0.33519553072625696,0.15168539325842695,0.22346368715083798,0.07893766287644483,0.16644315421581268,0.2489628791809082,0.2086615115404129
0.27676240208877284,0.03674540682414698,0.1566579634464752,0.008120549242383283,0.026156555861234665,0.13418179750442505,0.08108563721179962
0.18450184501845016,0.03717472118959108,0.11808118081180811,0.00808408926865716,0.02865048684179783,0.2539999186992645,0.14022861421108246
0.3103448275862069,0.07920792079207922,0.1625615763546798,0.02737289699037865,0.01030152477324009,0.058902181684970856,0.03605253994464874
0.2348993288590604,0.07432432432432433,0.1409395973154362,0.05103098047744014,0.028850708156824112,0.1615200936794281,0.09578529745340347
0.32876712328767127,0.12413793103448276,0.19863013698630136,0.05971207436786398,0.1850372701883316,0.19796891510486603,0.19280877709388733
0.17665615141955837,0.025396825396825397,0.10094637223974763,0.00694259853338373,-0.044356588274240494,-0.07243108004331589,-0.0567149855196476
0.12903225806451613,0.008130081300813009,0.08064516129032258,0.003181128683590533,-0.06668310612440109,0.1883263885974884,0.05910412594676018
0.21374045801526717,0.12307692307692308,0.17557251908396948,0.06909892915165296,0.042072076350450516,0.08683544397354126,0.06587459146976471
0.17956656346749225,0.03738317757009346,0.1238390092879257,0.02666170086893809,-0.03533775731921196,0.07125140726566315,0.018982455134391785
0.23404255319148937,0.08571428571428572,0.15602836879432624,0.03850171310835952,0.040581732988357544,-0.2022581696510315,-0.0821203961968422
0.23762376237623764,0.0664451827242525,0.1386138613861386,0.04181279596553107,0.08593766391277313,0.08402085304260254,0.08646535128355026
0.2975778546712803,0.1602787456445993,0.2422145328719723,0.07364020741517431,0.082218699157238,0.28966912627220154,0.18517376482486725
0.4116331096196868,0.11235955056179776,0.18791946308724833,0.06218626670557185,0.14873801171779633,0.1410716474056244,0.14629098773002625
0.132404181184669,0.014035087719298248,0.0975609756097561,0.0028555732036044733,-0.10169152170419693,0.13361124694347382,0.014772765338420868
0.1751412429378531,0.056818181818181816,0.1016949152542373,0.016100092699213524,-0.034633442759513855,0.24030829966068268,0.1005561575293541
0.2899408284023669,0.09523809523809522,0.1834319526627219,0.03207624898638621,0.10794898867607117,0.3085413873195648,0.20758295059204102
0.212624584717608,0.0668896321070234,0.13953488372093023,0.04568285813258163,-0.059515442699193954,0.00046903849579393864,-0.028031878173351288
0.3176470588235294,0.07692307692307693,0.17647058823529413,0.0376716716694409,0.08971428871154785,0.07974503189325333,0.0862114280462265
0.25165562913907286,0.06,0.13245033112582782,0.021260065253528096,-0.03323224186897278,0.21801023185253143,0.09073542803525925
0.2433460076045627,0.17624521072796934,0.18250950570342203,0.07806167372193624,0.07163877785205841,0.3971068859100342,0.23050881922245026
0.2982456140350877,0.08823529411764705,0.1695906432748538,0.02932988251317075,0.13051393628120422,-0.06369585543870926,0.033079974353313446
0.19169329073482427,0.0707395498392283,0.14696485623003194,0.023640000977487915,-0.02535354532301426,0.19933712482452393,0.08597127348184586
0.17730496453900707,0.0071428571428571435,0.09929078014184398,0.003340112559175762,-0.036736126989126205,0.1926683485507965,0.07684910297393799
0.15810276679841898,0.03984063745019921,0.11857707509881424,0.007506508786413585,0.04367951303720474,-0.17962582409381866,-0.0688008964061737
0.2777777777777778,0.10055865921787709,0.1888888888888889,0.05033150614411237,0.056867629289627075,0.28505444526672363,0.16976813971996307
0.28571428571428575,0.08306709265175719,0.16507936507936508,0.03631183711608174,0.11957813054323196,0.17166101932525635,0.14687547087669373
0.2624113475177305,0.07857142857142856,0.1631205673758865,0.012484671109828227,0.08368393033742905,0.23355995118618011,0.1588914543390274
0.16153846153846155,0.03875968992248062,0.09999999999999999,0.023251286372806216,-0.04327588528394699,0.25210005044937134,0.10155242681503296
0.44568245125348194,0.19607843137254902,0.2618384401114206,0.1722376144636614,0.20603439211845398,0.2401045560836792,0.22427621483802795
0.25507246376811593,0.05830903790087463,0.12753623188405797,0.02763913973854312,0.019972315058112144,-0.22050151228904724,-0.10146837681531906
0.27564102564102566,0.14193548387096772,0.19871794871794868,0.071223316871769,0.06117983162403107,0.23185783624649048,0.14647887647151947
0.12549019607843137,0.03162055335968379,0.10196078431372549,0.0038044998383504713,0.01821913570165634,0.2962194085121155,0.15480677783489227
0.06140350877192983,0.04424778761061947,0.06140350877192983,0.006258698304844201,-0.0634784922003746,0.34546488523483276,0.13417470455169678
0.10731707317073172,0.06896551724137931,0.09756097560975609,0.03098197276997064,-0.0819268599152565,0.3791642189025879,0.1395738422870636
0.2931034482758621,0.13872832369942195,0.21264367816091956,0.09114143617543233,0.07970283925533295,0.27859294414520264,0.17855551838874817
0.07346938775510203,0.0,0.0489795918367347,0.0014359175076032618,-0.14897042512893677,-0.07254745066165924,-0.10925453901290894
0.2592592592592593,0.031055900621118012,0.15432098765432098,0.009293895807696677,-0.06723176687955856,-0.06704138219356537,-0.06540276855230331
0.22485207100591714,0.023809523809523808,0.1301775147928994,0.019232308186153693,0.07654279470443726,0.1379249095916748,0.10849912464618683
0.2611111111111111,0.09497206703910614,0.15555555555555559,0.04736618074137999,0.06833228468894958,0.3033868968486786,0.18449462950229645
0.12903225806451613,0.12195121951219512,0.12903225806451613,0.0521736821422418,-0.0223084744066,0.5428431034088135,0.2461365908384323
0.4338983050847458,0.14334470989761092,0.24406779661016953,0.04840010250558226,0.15242266654968262,0.2874576449394226,0.22032751142978668
0.09375,0.007874015748031496,0.0625,0.0012775397784389163,-0.19442258775234222,0.1147807240486145,-0.04299888014793396
0.3238636363636364,0.0742857142857143,0.19318181818181818,0.015211549180471217,0.07699382305145264,0.21324697136878967,0.1456005573272705
0.27611940298507465,0.11278195488721802,0.17910447761194032,0.048868897792711814,0.12093723565340042,0.3172879219055176,0.21851861476898193
0.2114285714285714,0.011494252873563218,0.10285714285714284,0.003621437255672516,-0.022867750376462936,0.023194413632154465,0.0016817572759464383
0.27891156462585037,0.04794520547945205,0.16326530612244897,0.01266762732679569,0.053718555718660355,0.1276760995388031,0.09190475195646286
0.14946619217081852,0.03584229390681004,0.11387900355871886,0.007271871086848464,-0.09452032297849655,0.04056157171726227,-0.02623569592833519
0.24761904761904763,0.025559105431309903,0.13333333333333333,0.019658072254484227,0.035516753792762756,0.08742226660251617,0.06286106258630753
0.3427230046948357,0.08962264150943396,0.16901408450704225,0.013567471248388021,0.01805570349097252,0.0574844554066658,0.03925606980919838
0.2343324250681199,0.016438356164383564,0.12534059945504086,0.004595706001582959,-0.12086719274520874,-0.08057628571987152,-0.09901637583971024
0.12230215827338131,0.028985507246376815,0.07194244604316546,0.005344908529189413,-0.06672237068414688,0.1265392303466797,0.02961157076060772
0.21582733812949637,0.043478260869565216,0.14388489208633093,0.008465468602123865,-0.03610468655824661,0.08300884813070297,0.024327561259269714
0.33451957295373663,0.12903225806451613,0.20640569395017794,0.05925438897617252,0.12965254485607147,0.2180173099040985,0.17479786276817322
0.17142857142857143,0.022988505747126436,0.09714285714285716,0.005697615629680165,-0.04305514693260193,0.09882988035678864,0.028457438573241234
0.21574344023323616,0.052785923753665684,0.13994169096209913,0.008867856726473586,0.006180348806083202,0.07077635079622269,0.03983313962817192
0.27076923076923076,0.09287925696594426,0.17846153846153845,0.04039056013666837,0.16152320802211761,0.18814103305339813,0.17613881826400757
0.1993127147766323,0.04152249134948097,0.14432989690721648,0.009245533729236498,-0.04283652827143669,0.1559167504310608,0.056102603673934937
0.2127659574468085,0.10300429184549355,0.15319148936170213,0.03597665533349318,0.052868496626615524,0.3046535849571228,0.1770065426826477
0.27564102564102566,0.05161290322580646,0.141025641025641,0.02487034669119678,-0.007447477895766497,0.1379525065422058,0.06571955978870392
0.12734082397003746,0.06037735849056603,0.11235955056179776,0.015178357116378896,-0.08338819444179535,-0.36276379227638245,-0.22523115575313568
0.27636363636363637,0.04395604395604395,0.16,0.004868069127138085,0.0030086354818195105,0.1426680088043213,0.0733761116862297
0.18571428571428572,0.04316546762589928,0.09999999999999999,0.021778448099615176,-0.020412379875779152,0.17708750069141388,0.07789728790521622
0.17931034482758623,0.06249999999999999,0.1310344827586207,0.027271414188203984,0.004144877195358276,0.1268618255853653,0.06627260893583298
0.40247678018575855,0.16822429906542055,0.2105263157894737,0.08067004915947723,0.16689418256282806,-0.00727717112749815,0.0797891765832901
0.14671814671814673,0.007782101167315175,0.09266409266409267,0.006731624413231659,-0.013360746204853058,0.15280397236347198,0.06986002624034882
0.26196473551637284,0.030379746835443037,0.14105793450881612,0.007712027775015041,-0.045140497386455536,0.049210842698812485,0.0032088295556604862
0.1606425702811245,0.04048582995951417,0.12048192771084337,0.024731482975177996,0.08219605684280396,0.1688673049211502,0.12658420205116272
0.19863013698630136,0.034482758620689655,0.11643835616438357,0.019114520628955217,0.07603374868631363,0.20550961792469025,0.14134636521339417
0.33128834355828224,0.10493827160493828,0.16564417177914112,0.05038688001071398,0.13675759732723236,-0.11433892697095871,0.009628254920244217
0.23321554770318023,0.0711743772241993,0.12014134275618374,0.012340212172356353,0.03754904121160507,0.1902255415916443,0.11417832225561142
0.16149068322981366,0.012499999999999999,0.09316770186335403,0.004430829271632933,-0.12099312990903854,-0.30055463314056396,-0.21051490306854248
0.23648648648648649,0.006802721088435375,0.10810810810810811,0.0037819754155469574,-0.06325598061084747,0.0695301815867424,0.003868536092340946
0.026905829596412554,0.0,0.017937219730941704,0.001006612636196497,-0.25051620602607727,-0.22310881316661835,-0.23484210669994354
0.23050847457627116,0.04778156996587031,0.1288135593220339,0.010614354125192939,0.029675651341676712,0.04345928132534027,0.0381234809756279
0.22435897435897434,0.03870967741935484,0.12179487179487179,0.009927859640791976,0.005266261752694845,0.0798504427075386,0.043836936354637146
0.17605633802816903,0.07092198581560284,0.1267605633802817,0.02572745150866628,-0.04519108310341835,0.2696394920349121,0.10877176374197006
0.19259259259259257,0.07462686567164178,0.14074074074074075,0.026539021350962116,0.003484427696093917,0.14061887562274933,0.0726252868771553
0.23794212218649516,0.019417475728155338,0.12861736334405144,0.009514021270337923,0.029569527134299278,0.08116205781698227,0.056768666952848434
0.16593886462882093,0.07048458149779736,0.13973799126637557,0.03713515513700718,0.0797162801027298,0.4443018436431885,0.256832093000412
0.19424460431654675,0.028985507246376815,0.11510791366906475,0.004580514959842063,-0.02715412899851799,0.0756421834230423,0.025300169363617897
0.16176470588235292,0.014814814814814815,0.08823529411764705,0.003285067900209359,0.0032300823368132114,0.18458327651023865,0.0937507301568985
0.18726591760299627,0.05283018867924529,0.11235955056179775,0.018349391794991964,-0.07363887131214142,-0.0009550557588227093,-0.03587913513183594
0.2558139534883721,0.078125,0.1627906976744186,0.057342925810904256,0.1191638931632042,0.19871845841407776,0.1599993258714676
0.24354243542435425,0.104089219330855,0.16974169741697415,0.052465516051805196,0.1325702667236328,-0.1828659474849701,-0.028548553586006165
0.3147540983606557,0.1188118811881188,0.19672131147540983,0.08384513055226947,0.07831826061010361,0.2519649267196655,0.1650262326002121
0.12448132780082986,0.01673640167364017,0.08298755186721993,0.003350244747042881,-0.09787987917661667,0.135604128241539,0.01771531067788601
0.15444015444015444,0.05447470817120622,0.12355212355212357,0.018145700876855117,-0.05130881816148758,0.3144263029098511,0.12638819217681885
0.16722408026755853,0.006734006734006734,0.10033444816053513,0.0034994848247483974,-0.06531374156475067,-0.0387222059071064,-0.05034394562244415
0.2697947214076246,0.035398230088495575,0.1466275659824047,0.010260100462378173,0.06153145805001259,0.23074854910373688,0.14612464606761932
0.2662337662337662,0.0588235294117647,0.14285714285714288,0.042309718486195996,0.02814851701259613,0.012661917135119438,0.02198433317244053
0.25149700598802394,0.03614457831325301,0.13173652694610777,0.0042041062929963225,0.018195079639554024,0.07432102411985397,0.04765108600258827
0.12307692307692307,0.024767801857585137,0.08,0.005719559566863391,-0.1160215437412262,-0.008405198343098164,-0.061078302562236786
0.2462462462462463,0.012084592145015104,0.13213213213213212,0.0049506257135776095,-0.07884535193443298,-0.03937235102057457,-0.05746686831116676
0.2375,0.10691823899371071,0.16875,0.05925252593085478,0.035724759101867676,0.05273888632655144,0.04577085003256798
0.30645161290322576,0.05405405405405405,0.17741935483870966,0.02731654084604486,0.08575371652841568,0.19163796305656433,0.13954594731330872
0.17777777777777778,0.053811659192825115,0.15111111111111114,0.02328358099035666,0.03711074963212013,0.2589191496372223,0.1469881236553192
0.1653543307086614,0.0873015873015873,0.14173228346456693,0.03633394154205456,0.05327637121081352,0.3602951467037201,0.20350569486618042
0.22598870056497175,0.08522727272727273,0.14124293785310735,0.027121592300441217,0.0724453255534172,0.21182499825954437,0.1425771415233612
0.2698412698412699,0.03191489361702128,0.11111111111111113,0.008036679513841967,-0.02739255502820015,0.05417995899915695,0.01466293167322874
0.18,0.006711409395973154,0.08666666666666666,0.003238187307101797,-0.12868079543113708,0.12180781364440918,-0.004975698888301849
0.0676328502415459,0.0,0.03864734299516908,0.001381402975467638,-0.11916353553533554,-0.04203660413622856,-0.07914818823337555
0.2724795640326975,0.07671232876712329,0.16893732970027248,0.0401408718649051,0.05760767310857773,0.09968200325965881,0.0800551101565361
0.14342629482071712,0.13654618473895583,0.14342629482071712,0.05152546163875748,-0.00803753174841404,0.47923991084098816,0.22539184987545013
0.1222707423580786,0.08810572687224669,0.11353711790393013,0.04380667619843628,-0.04902253672480583,0.3354325592517853,0.13734115660190582
0.32898172323759794,0.05774278215223097,0.17754569190600525,0.053255620719252036,0.028744583949446678,0.09984082728624344,0.06556204706430435
0.19108280254777069,0.0,0.12101910828025476,0.003446075456653298,-0.11430444568395615,-0.01677573099732399,-0.06429383903741837
0.21902017291066284,0.04057971014492754,0.10951008645533142,0.013847867514548503,-0.013673107139766216,0.14762544631958008,0.06719718873500824
0.2109090909090909,0.08058608058608059,0.14545454545454548,0.03899357235331039,0.054643962532281876,0.2894119620323181,0.17068494856357574
0.21192052980132448,0.04666666666666667,0.1456953642384106,0.022278984738409873,0.013140006922185421,0.1577865332365036,0.0859123021364212
0.23948220064724918,0.05211726384364821,0.13592233009708737,0.009448505534183348,-0.05342565104365349,0.0804135724902153,0.014196404255926609
0.39513677811550146,0.1345565749235474,0.2553191489361702,0.08280349958554489,0.17229239642620087,0.2565881013870239,0.21537405252456665
0.2096069868995633,0.06167400881057269,0.1572052401746725,0.029351833708914355,-0.0539378821849823,0.24659858644008636,0.09332481771707535
0.20202020202020202,0.006779661016949153,0.10774410774410774,0.003393362050294382,-0.0792192593216896,0.1131666824221611,0.016709858551621437
0.29126213592233013,0.1237785016286645,0.21359223300970875,0.06968143364106467,0.07810743153095245,0.26159825921058655,0.1695597767829895
0.18118466898954705,0.03508771929824562,0.11149825783972127,0.008864539437625905,-0.04129135236144066,0.13820648193359375,0.048394136130809784
0.1064638783269962,0.06896551724137931,0.09125475285171102,0.034825100096009365,-0.07932503521442413,0.20981019735336304,0.06259513646364212
0.2112676056338028,0.08510638297872342,0.11267605633802816,0.013445854902659477,0.052705418318510056,0.09522755444049835,0.07538206875324249
0.36120401337792646,0.1548821548821549,0.274247491638796,0.06857093420586244,0.17734287679195404,0.26530352234840393,0.22221551835536957
0.30670926517571884,0.09003215434083603,0.18530351437699685,0.03557855496564407,0.06319619715213776,0.19663608074188232,0.13045521080493927
0.08835341365461848,0.06477732793522267,0.08032128514056225,0.015739175096910165,-0.08193852752447128,-0.5652769804000854,-0.3341159522533417
0.22857142857142856,0.03194888178913738,0.11428571428571428,0.010171516671369644,-0.004197231959551573,0.0737953931093216,0.03606348857283592
0.24633431085043989,0.05899705014749263,0.15835777126099704,0.019051424511741438,-0.007830942049622536,0.03979611396789551,0.017468096688389778
0.10980392156862745,0.00790513833992095,0.06274509803921569,0.002780057888617549,-0.11415303498506546,-0.014054176397621632,-0.06288578361272812
0.0931899641577061,0.01444043321299639,0.06451612903225808,0.012766290835243443,-0.13449573516845703,0.034186750650405884,-0.04989825561642647
0.22292993630573246,0.01282051282051282,0.1337579617834395,0.003922665697685214,-0.02220270223915577,-0.011999744921922684,-0.015453660860657692
0.37,0.07537688442211056,0.14,0.047846203051544946,0.020843245089054108,0.04917193204164505,0.03653566539287567
0.14769230769230768,0.018575851393188854,0.09846153846153846,0.013377382977388403,-0.10334140807390213,-0.3206058442592621,-0.21250461041927338
0.23487544483985764,0.04301075268817204,0.17081850533807827,0.0049984953221625175,0.057722289115190506,0.20347392559051514,0.13096728920936584
0.3186813186813187,0.04419889502762431,0.13736263736263737,0.03185739615095596,0.0574796162545681,-0.15275020897388458,-0.04819566011428833
0.3100775193798449,0.03125,0.13953488372093023,0.0050592666982542545,0.04237630218267441,0.05602887645363808,0.050738073885440826
0.35099337748344367,0.07333333333333333,0.2185430463576159,0.032647512101153006,0.10368207097053528,0.1749732941389084,0.14047758281230927
0.18505338078291814,0.03584229390681004,0.11387900355871886,0.007430052920043442,-0.12756861746311188,-0.005068162456154823,-0.06535191833972931
0.28289473684210525,0.026490066225165566,0.14473684210526316,0.009167964380162668,0.05121542885899544,0.06876401603221893,0.061501745134592056
0.24,0.058981233243967826,0.16,0.020324527018749358,-0.030523233115673065,0.13516338169574738,0.05248940363526344
0.2786377708978328,0.07476635514018691,0.1671826625386997,0.049351061604787944,0.11906236410140991,0.0978344976902008,0.10987398773431778
0.1865671641791045,0.07518796992481203,0.15671641791044777,0.010302933015453842,-0.010775548405945301,-0.26063331961631775,-0.1371123045682907
0.37209302325581395,0.06432748538011696,0.19186046511627908,0.011177605353352079,0.13104385137557983,0.1269976645708084,0.13043472170829773
0.3132530120481927,0.10909090909090909,0.1506024096385542,0.05821928939274241,0.10332760959863663,-0.08479055762290955,0.009087210521101952
0.21399176954732513,0.049792531120331954,0.11522633744855966,0.009614477712577745,0.05252571403980255,-0.22399134933948517,-0.08791190385818481
0.20553359683794464,0.12749003984063745,0.17391304347826086,0.05208274357580174,0.055497560650110245,0.3591289222240448,0.2041332721710205
0.24316109422492402,0.12844036697247707,0.15197568389057753,0.055509800664390055,0.01776527613401413,0.30857640504837036,0.1603969782590866
0.09885931558935361,0.0,0.06844106463878326,0.0024453398137897265,-0.17451535165309906,0.0262470543384552,-0.07445360720157623
0.3206997084548105,0.09384164222873899,0.18658892128279883,0.05805195338636393,0.05775129422545433,0.09432343393564224,0.07747278362512589
0.348993288590604,0.11486486486486486,0.2080536912751678,0.06388665733456715,0.0712340846657753,0.21932607889175415,0.1455945521593094
0.2885906040268456,0.08783783783783784,0.1946308724832215,0.047659323258269826,-0.0024914543610066175,0.10159211605787277,0.0505547821521759
0.34594594594594597,0.08695652173913043,0.17297297297297298,0.04433885584061383,0.09022793173789978,0.17126166820526123,0.13183535635471344
0.3050847457627119,0.07954545454545454,0.1864406779661017,0.043256830885050196,0.10473694652318954,-0.08365722745656967,0.010351530276238918
0.10370370370370371,0.007462686567164179,0.05925925925925926,0.0028116904226274343,-0.2104385644197464,0.0725884810090065,-0.07128997892141342
0.2564102564102564,0.06451612903225806,0.16025641025641024,0.00824351221005205,0.029360106214880943,0.0991574302315712,0.06553732603788376
0.29629629629629634,0.13278008298755184,0.18930041152263374,0.06829176451792522,0.05676504224538803,0.3259103000164032,0.18913058936595917
0.3987341772151899,0.12738853503184713,0.24050632911392403,0.07667639446610759,0.20341381430625916,0.18760478496551514,0.1968037486076355
0.052830188679245285,0.0,0.045283018867924525,0.0011386678735041992,-0.1673717498779297,0.04793814197182655,-0.060363151133060455
0.06872852233676977,0.0,0.03436426116838488,0.001088589818548732,-0.1700131893157959,0.08198411017656326,-0.045552950352430344
0.25545171339563866,0.06896551724137931,0.1370716510903427,0.03263029443400646,0.06794705241918564,0.23593273758888245,0.15193699300289154
0.2582781456953643,0.15333333333333335,0.20529801324503313,0.08227165440800806,0.09955310821533203,-0.06966601312160492,0.01509590819478035
0.2849002849002849,0.034383954154727794,0.14245014245014245,0.02552768752230216,0.039952412247657776,0.08198481798171997,0.06240689754486084
0.1780821917808219,0.0,0.10958904109589042,0.003570885500770652,-0.03555496037006378,0.019459085538983345,-0.00656210258603096
0.35777126099706746,0.11209439528023599,0.18181818181818182,0.054761870638431194,0.11929760873317719,0.15365079045295715,0.13781969249248505
0.29090909090909084,0.07317073170731707,0.15757575757575756,0.04148076938425904,0.013109584338963032,0.08945582807064056,0.052534256130456924
0.3372781065088757,0.15476190476190477,0.1893491124260355,0.07478910928168046,0.03375791385769844,0.2750525176525116,0.15292902290821075
0.3193717277486911,0.057894736842105256,0.14659685863874347,0.009969793709113326,0.07121215015649796,0.13112279772758484,0.10245122760534286
0.20833333333333337,0.027972027972027975,0.11805555555555554,0.017190577441758677,-0.031331904232501984,0.16412173211574554,0.06600985676050186
0.24832214765100674,0.013513513513513513,0.12751677852348994,0.004397478977668656,0.04440080747008324,0.16309063136577606,0.10450662672519684
0.24691358024691357,0.07444168734491315,0.14814814814814814,0.011248617666065906,-0.06676411628723145,-0.016029726713895798,-0.03983525559306145
0.1276595744680851,0.0,0.07801418439716312,0.003261612275012836,-0.17327722907066345,-0.11807071417570114,-0.14397001266479492
0.3052959501557632,0.13166144200626959,0.19314641744548286,0.06806842882592604,0.02333151549100876,0.15951518714427948,0.09198138862848282
0.26523297491039427,0.09386281588447654,0.1720430107526882,0.0514112355507038,0.07545926421880722,0.0813799500465393,0.07991525530815125
0.22222222222222218,0.03731343283582089,0.14814814814814814,0.004181632417023789,-0.033203236758708954,-0.03682270646095276,-0.033332131803035736
0.22641509433962262,0.06962025316455696,0.12578616352201258,0.010986518488706104,0.0470963753759861,0.14300934970378876,0.09606888145208359
0.13545816733067728,0.04819277108433735,0.10358565737051792,0.021424353931811246,-0.07379381358623505,0.17775356769561768,0.05035877600312233
0.22147651006711408,0.02027027027027027,0.12080536912751676,0.004536053227420027,0.01270914077758789,0.13472548127174377,0.07448326796293259
0.1619718309859155,0.03546099290780142,0.08450704225352114,0.006091040454036839,-0.00765760475769639,0.20873664319515228,0.09968490898609161
0.23241590214067281,0.03692307692307692,0.17125382262996944,0.011585410621651861,0.05421203747391701,0.0619017630815506,0.05958442762494087
0.16842105263157894,0.0353356890459364,0.0982456140350877,0.008919001963731911,-0.018335165455937386,0.21166159212589264,0.09551230072975159
0.2948717948717949,0.0903225806451613,0.2051282051282051,0.03534469938030352,0.0796409323811531,0.12242364883422852,0.10240284353494644
0.3566433566433566,0.08450704225352113,0.1888111888111888,0.04366942335738412,0.11309214681386948,0.17501503229141235,0.1452569216489792
0.3054755043227666,0.04637681159420289,0.14985590778097985,0.005126820570406436,0.035914015024900436,0.14925257861614227,0.09342264384031296
0.15254237288135594,0.017094017094017096,0.11016949152542371,0.00320743366783369,-0.015918351709842682,-0.38611385226249695,-0.20630061626434326
0.20477815699658702,0.07560137457044674,0.13651877133105803,0.036060995776705226,0.02308318391442299,0.2865160405635834,0.15277574956417084
0.16842105263157894,0.04946996466431095,0.11228070175438597,0.0068625348746358,-0.10553853958845139,0.038649339228868484,-0.03282075375318527
0.2894736842105263,0.13245033112582782,0.2105263157894737,0.06918734766794964,0.10316488891839981,0.2118002474308014,0.1582755446434021
0.1818181818181818,0.07860262008733623,0.14718614718614717,0.04068933928841554,-0.006120211910456419,0.18996377289295197,0.09149260818958282
0.26440677966101694,0.11604095563139932,0.18983050847457628,0.05400000290608003,0.1267489790916443,0.18038032948970795,0.1548004299402237
0.28252788104089216,0.08988764044943821,0.1784386617100372,0.047356072511939636,0.043794482946395874,0.2753666341304779,0.15832392871379852
0.2873900293255132,0.05309734513274336,0.1466275659824047,0.012907589496855523,0.030343882739543915,0.008522634394466877,0.021002188324928284
0.09384164222873902,0.02359882005899705,0.07038123167155425,0.0023348173446810713,-0.20776280760765076,0.16925710439682007,-0.02480538934469223
0.13821138211382114,0.016393442622950817,0.08130081300813007,0.004268942923748527,0.006760497577488422,0.07889362424612045,0.04412299767136574
0.3230769230769231,0.14728682170542637,0.2153846153846154,0.05728907963916986,0.1532377004623413,0.2260744422674179,0.1907159388065338
0.30857142857142855,0.09195402298850575,0.18857142857142858,0.05663614812994228,0.09585855156183243,0.06116070970892906,0.07994633167982101
0.1411764705882353,0.03162055335968379,0.09411764705882351,0.007022176015987673,-0.16014748811721802,0.13349062204360962,-0.016047678887844086
0.24161073825503357,0.1081081081081081,0.16778523489932887,0.06128925143646742,0.05987803265452385,0.258407324552536,0.15858207643032074
0.2397476340694006,0.05714285714285714,0.1577287066246057,0.034236543897581476,-0.09499187022447586,0.11644570529460907,0.010083126835525036
0.22222222222222224,0.02586206896551724,0.11965811965811968,0.008902656139715097,0.05272452160716057,0.10243044048547745,0.0789543017745018
0.13793103448275862,0.034722222222222224,0.09655172413793103,0.009003539619598223,-0.06729897856712341,0.06358513981103897,-0.0010926831746473908
0.15267175572519084,0.007692307692307693,0.10687022900763357,0.00564727039900643,-0.16905701160430908,0.09780054539442062,-0.0375668965280056
0.10958904109589042,0.034482758620689655,0.07534246575342465,0.011843182946931586,-0.1438898891210556,0.09249432384967804,-0.026866797357797623
0.10491803278688525,0.0264026402640264,0.07868852459016393,0.006121489088837755,-0.02424348145723343,0.15748481452465057,0.06649333238601685
0.17605633802816903,0.02836879432624113,0.11971830985915492,0.007536354410431242,-0.05272912234067917,0.07123619318008423,0.010090543888509274
0.29201101928374656,0.055401662049861494,0.1487603305785124,0.00862918076373205,0.04425577074289322,0.07606135308742523,0.061635591089725494
0.14901960784313725,0.039525691699604744,0.10980392156862744,0.021623367117653412,-0.007855704054236412,0.30290302634239197,0.14417307078838348
0.264026402640264,0.11960132890365448,0.18481848184818483,0.03946020643764759,0.026169998571276665,0.11131599545478821,0.069896399974823
0.43870967741935485,0.15584415584415587,0.2516129032258065,0.10570211252793908,0.2688177525997162,0.08354438841342926,0.1758393496274948
0.31309904153354634,0.13504823151125403,0.22364217252396162,0.06588449408514542,0.06450577825307846,0.18235339224338531,0.12417139112949371
0.13636363636363635,0.032679738562091505,0.0909090909090909,0.014235123037511623,-0.1231541782617569,0.015997184440493584,-0.05285351350903511
0.1987577639751553,0.056249999999999994,0.13664596273291926,0.03179335050272343,0.0007478254265151918,0.03181927651166916,0.017833620309829712
0.22602739726027396,0.041379310344827586,0.136986301369863,0.02760487119833981,0.07993807643651962,0.23623906075954437,0.1582631766796112
0.1987179487179487,0.03225806451612903,0.10256410256410256,0.007214651271244327,-0.11310664564371109,0.06924048066139221,-0.021957844495773315
0.2476780185758514,0.01869158878504673,0.13003095975232198,0.018971340680351185,-0.024085355922579765,0.036732859909534454,0.007752964738756418
0.22598870056497175,0.011363636363636364,0.12429378531073447,0.003884259384198779,-0.1039845198392868,-0.012786074541509151,-0.05708933621644974
0.3227848101265823,0.08280254777070063,0.17088607594936708,0.06122401128073682,0.17787951231002808,0.13574950397014618,0.15809649229049683
0.2631578947368421,0.0794701986754967,0.1381578947368421,0.011894638249156349,0.020350826904177666,0.09769406914710999,0.06025402247905731
0.3746397694524496,0.11014492753623187,0.2017291066282421,0.014568222869251364,0.018691036850214005,0.1754041314125061,0.09730000793933868
0.2874617737003058,0.07384615384615384,0.14678899082568808,0.05404053265041096,0.08066574484109879,0.11878064274787903,0.10111451148986816
0.25575447570332477,0.03598971722365038,0.12787723785166238,0.04230299934091213,-0.11781681329011917,-0.11269304156303406,-0.11344445496797562
0.2180685358255452,0.05642633228840126,0.13084112149532712,0.017434393933820628,-0.019421175122261047,0.0037968773394823074,-0.006201170850545168
0.18881118881118883,0.014084507042253521,0.1048951048951049,0.0037057061752971314,-0.033179182559251785,0.10073503851890564,0.03444989025592804
0.28481012658227844,0.07643312101910828,0.1772151898734177,0.02470825939717034,0.06069024279713631,0.07853741943836212,0.07110986858606339
