rouge1_f,rouge2_f,rougeL_f,bleu,bert_p,bert_r,bert_f1
0.3062200956937799,0.11538461538461538,0.15789473684210528,0.03798842303740369,0.04849262163043022,0.14693427085876465,0.09870100021362305
0.12849162011173185,0.08426966292134831,0.11731843575418993,0.03709152669890301,-0.09136488288640976,0.19285617768764496,0.04825075343251228
0.2819148936170213,0.08556149732620322,0.15425531914893617,0.04061391852316881,-0.004506408702582121,0.22775745391845703,0.11040619760751724
0.23728813559322032,0.05460750853242321,0.1288135593220339,0.010346168639668312,-0.016903895884752274,0.1837654709815979,0.08292172104120255
0.15864022662889518,0.07977207977207977,0.12464589235127477,0.023923771801099933,-0.10095465928316116,0.25601083040237427,0.07268991321325302
0.053388090349075976,0.0,0.04106776180698152,0.0007208331186670852,-0.3415903151035309,-0.24223610758781433,-0.29034221172332764
0.25733634311512416,0.07256235827664399,0.17155756207674944,0.009300401196127725,-0.08476003259420395,0.09703048318624496,0.006084980443120003
0.2763819095477387,0.17676767676767677,0.15075376884422112,0.04172563491762602,0.05963607132434845,0.3175383508205414,0.1866711676120758
0.25539568345323743,0.1660649819494585,0.20503597122302158,0.0799745339372664,0.018838902935385704,0.30809709429740906,0.1607377827167511
0.21710526315789475,0.046357615894039736,0.13815789473684212,0.0076568170556781875,-0.013631010428071022,0.1874084770679474,0.08636823296546936
0.0923076923076923,0.015503875968992248,0.06923076923076923,0.0028851776875236323,-0.19600065052509308,0.057202890515327454,-0.07094388455152512
0.16289592760180993,0.09132420091324202,0.12669683257918551,0.025516731883064324,0.07814811170101166,-0.27013328671455383,-0.10047775506973267
0.2713043478260869,0.1082024432809773,0.16347826086956524,0.04975654300880377,-0.0024886243045330048,0.12423719465732574,0.06160098314285278
0.1778975741239892,0.01084010840108401,0.11320754716981132,0.0037411171164236866,-0.1704210638999939,-0.06060288846492767,-0.11432170867919922
0.1316872427983539,0.05371900826446281,0.0823045267489712,0.012288688568542616,-0.11126326024532318,0.17449966073036194,0.02909454144537449
0.07236842105263158,0.013245033112582781,0.05921052631578948,0.002239781062114958,-0.1593780815601349,0.05757465213537216,-0.05159449204802513
0.29896907216494845,0.13989637305699484,0.211340206185567,0.07779544319364262,0.08254732936620712,0.25530338287353516,0.16882024705410004
0.3140877598152425,0.06960556844547564,0.13856812933025403,0.009965159345372338,0.06949717551469803,0.12338153272867203,0.09776441752910614
0.1762295081967213,0.0617283950617284,0.13114754098360654,0.025407025323051478,-0.15651731193065643,0.08311036974191666,-0.03793913125991821
0.25263157894736843,0.09523809523809523,0.1631578947368421,0.05720042042943872,0.07641898095607758,0.13749584555625916,0.10822506994009018
0.29940119760479045,0.12048192771084337,0.2215568862275449,0.05284709849703277,0.05225014314055443,0.13509157299995422,0.0948045626282692
0.2440318302387268,0.112,0.16976127320954906,0.04702928590851292,0.0621512271463871,-0.10249835252761841,-0.019896792247891426
0.338368580060423,0.12158054711246201,0.1933534743202417,0.04860194364709029,0.14246144890785217,0.2147432267665863,0.17968350648880005
0.26688102893890675,0.08709677419354839,0.14790996784565916,0.04941055938514782,-0.04056970402598381,0.18528330326080322,0.0713263526558876
0.11650485436893203,0.013029315960912053,0.08414239482200647,0.0052395653134397245,-0.051903825253248215,0.10985546559095383,0.02924145758152008
0.3451536643026004,0.11876484560570072,0.17494089834515367,0.060580666444761434,0.05279102548956871,-0.04995047673583031,0.002506743650883436
0.3859649122807018,0.12941176470588237,0.18713450292397657,0.09612484161048318,0.19582943618297577,0.19513168931007385,0.19678784906864166
0.13930348258706465,0.024999999999999998,0.08955223880597014,0.005438231235378382,-0.07183404266834259,-0.2981005012989044,-0.1857384741306305
0.2005012531328321,0.06045340050377834,0.13032581453634084,0.02049405833222196,-0.019501829519867897,0.1664205938577652,0.07324650138616562
0.08024691358024691,0.031055900621118012,0.0617283950617284,0.005580870096471308,-0.2510160505771637,0.07145373523235321,-0.09335907548666
0.33251833740831294,0.14250614250614252,0.2200488997555012,0.04872899566066358,0.13478049635887146,0.13191017508506775,0.13475318253040314
0.14180929095354525,0.02457002457002457,0.08801955990220048,0.005039686907511692,-0.2391771376132965,0.003872574307024479,-0.1188909187912941
0.23417721518987344,0.06369426751592357,0.13924050632911392,0.04550897436497722,0.05157943442463875,-0.1749209463596344,-0.06257924437522888
0.3282828282828283,0.18274111675126903,0.25252525252525254,0.12016707307496494,-0.00013053338625468314,0.2121589183807373,0.10524014383554459
0.25418060200668896,0.06734006734006732,0.18060200668896323,0.023287470878387572,0.07575393468141556,0.24211442470550537,0.15894795954227448
0.37714285714285717,0.14942528735632185,0.2057142857142857,0.10545046792336915,0.14901359379291534,0.16356851160526276,0.1576518565416336
0.29508196721311475,0.10699588477366256,0.17622950819672134,0.04600126944256244,0.01780206523835659,0.09424136579036713,0.05726486071944237
0.3522388059701492,0.22222222222222224,0.28059701492537314,0.11578399399030134,0.10890906304121017,0.2811489701271057,0.1948973685503006
0.22058823529411767,0.04433497536945813,0.12745098039215685,0.007856464841117131,-0.027799366042017937,0.02898276038467884,0.00205399002879858
0.33237822349570206,0.1671469740634006,0.24068767908309457,0.09513948375017124,0.07097160071134567,0.18173155188560486,0.12716832756996155
0.05225653206650832,0.014319809069212411,0.04275534441805226,0.0036187047617002245,-0.21576142311096191,-0.47481411695480347,-0.3467584252357483
0.21025641025641023,0.04639175257731959,0.12820512820512822,0.009670187988090752,0.028970275074243546,0.16308674216270447,0.09660816192626953
0.2153846153846154,0.07505518763796909,0.14065934065934066,0.022820990911900596,-0.017718227580189705,0.2776874303817749,0.1271047592163086
0.3544303797468355,0.14649681528662423,0.189873417721519,0.09547513914162929,0.04346337169408798,0.24693675339221954,0.1445590853691101
0.25465838509316774,0.0625,0.14285714285714285,0.013938935657729025,0.03461964800953865,0.13998465240001678,0.0882357507944107
0.4204081632653061,0.18852459016393444,0.2693877551020408,0.11735020488606408,0.11515980958938599,0.14611858129501343,0.13200487196445465
0.0421455938697318,0.0,0.02681992337164751,0.0006305770583002298,-0.2966907024383545,0.074475958943367,-0.11642125248908997
0.4419642857142857,0.15246636771300448,0.20982142857142855,0.08072101624742055,0.17575277388095856,0.050162360072135925,0.11361608654260635
0.3169398907103825,0.13736263736263737,0.20218579234972675,0.07544010382434353,0.021167634055018425,0.23630131781101227,0.12787358462810516
0.36402569593147743,0.1032258064516129,0.18415417558886507,0.040890115524905596,0.14631518721580505,0.012296166270971298,0.07990431040525436
0.3693181818181818,0.13714285714285715,0.2159090909090909,0.0818760164395421,0.20359988510608673,0.18148110806941986,0.19382800161838531
0.1963824289405685,0.04155844155844156,0.12403100775193798,0.008942743858514802,-0.009849079884588718,0.04530395567417145,0.019171398133039474
0.22795698924731184,0.06047516198704104,0.12473118279569893,0.029064800146596015,-0.06575734168291092,0.08744066208600998,0.01126833911985159
0.13615023474178403,0.009433962264150943,0.07981220657276995,0.0042854334843806735,-0.15531103312969208,0.04617270082235336,-0.0549272820353508
0.09663865546218486,0.012658227848101266,0.07983193277310925,0.0020188554193875732,-0.30869659781455994,0.009661627002060413,-0.152927964925766
0.18085106382978725,0.026737967914438502,0.11702127659574468,0.0038594525091079786,-0.02448473870754242,0.1328631192445755,0.054490771144628525
0.02643171806167401,0.0,0.02643171806167401,0.0006147748724878553,-0.41752323508262634,-0.01233295351266861,-0.22162573039531708
0.12048192771084336,0.02424242424242424,0.07831325301204818,0.005246596862854899,-0.2285912036895752,0.07133559137582779,-0.08149176836013794
0.30051813471502586,0.08854166666666667,0.18134715025906736,0.053645985802439594,0.12747310101985931,0.19886738061904907,0.16428177058696747
0.36458333333333326,0.18848167539267013,0.23958333333333334,0.12075912434294994,0.22908750176429749,0.26548144221305847,0.24844449758529663
0.16909620991253643,0.08797653958944282,0.12244897959183673,0.03860674654129408,-0.026229428127408028,0.30649226903915405,0.13609132170677185
0.3726708074534162,0.11226611226611227,0.1987577639751553,0.08145198848988781,0.06698343902826309,-0.01139133982360363,0.029064876958727837
0.27697841726618705,0.039711191335740074,0.14028776978417268,0.004174215389658566,-0.03005203977227211,0.08645801991224289,0.029101958498358727
0.2349869451697128,0.03674540682414699,0.12010443864229764,0.023839155028403662,-0.007420946843922138,0.08844877779483795,0.04161413386464119
0.4187725631768953,0.14545454545454545,0.20216606498194947,0.08860049670562112,0.18006956577301025,-0.07474089413881302,0.05094820633530617
0.09401709401709402,0.03862660944206008,0.0811965811965812,0.012350476939941452,-0.1846233755350113,0.2556648850440979,0.027363695204257965
0.2663755458515284,0.061403508771929814,0.1572052401746725,0.010468622597243996,-0.08144540339708328,-0.03515772521495819,-0.05669061839580536
0.23631123919308358,0.15652173913043477,0.19596541786743515,0.10173725951919123,0.0441107340157032,0.22974716126918793,0.1366397738456726
0.3888888888888889,0.14720812182741116,0.202020202020202,0.05763562257934732,0.10960877686738968,0.17672069370746613,0.14433693885803223
0.2979942693409742,0.05763688760806916,0.16045845272206305,0.034687064891633805,0.03786281868815422,0.11101285368204117,0.07567660510540009
0.32207792207792213,0.11488250652741513,0.1922077922077922,0.06919302800467764,0.03099725767970085,0.2904961407184601,0.15881764888763428
0.15677966101694915,0.0723404255319149,0.13983050847457626,0.024966479126701926,-0.08734098821878433,0.1291886270046234,0.020158132538199425
0.05741626794258373,0.0,0.038277511961722493,0.0008302841810391109,-0.4100800156593323,-0.2301960289478302,-0.3197387158870697
0.19230769230769232,0.10729613733905578,0.1581196581196581,0.041069835716682754,-0.03832339867949486,-0.1188046932220459,-0.07714646309614182
0.11920529801324505,0.0,0.09271523178807947,0.0012736586093140697,-0.13980939984321594,0.04878142103552818,-0.045626405626535416
0.42424242424242425,0.2487309644670051,0.3282828282828283,0.19621665034079075,0.1920938491821289,0.2847742736339569,0.23925910890102386
0.29081632653061223,0.10256410256410257,0.16836734693877548,0.03401584689799819,0.14125092327594757,-0.14739270508289337,-0.005664717871695757
0.14150943396226415,0.03317535545023696,0.09433962264150944,0.00544561484689628,-0.10165508836507797,0.10251462459564209,-4.9442674935562536e-05
0.22343324250681199,0.043835616438356165,0.1307901907356948,0.016509077903993863,-0.053494278341531754,0.04550239443778992,-0.002858139807358384
0.10152284263959391,0.030612244897959183,0.07106598984771574,0.006086754781048379,-0.14638204872608185,0.045194655656814575,-0.05075749754905701
0.11740890688259109,0.008130081300813007,0.07692307692307691,0.00218233635938026,-0.15050853788852692,-0.024789711460471153,-0.08669278770685196
0.17358490566037735,0.06439393939393939,0.12075471698113209,0.044941513556449895,-0.17700433731079102,-0.2476622313261032,-0.21062932908535004
0.45833333333333337,0.21338912133891216,0.2458333333333333,0.1119807499756664,0.1961364895105362,0.29994693398475647,0.24874679744243622
0.2793017456359102,0.12030075187969926,0.1945137157107232,0.04403588588731938,0.13713929057121277,-0.10165012627840042,0.01646123267710209
0.0213903743315508,0.0,0.0213903743315508,0.0006897567206256679,-0.33569544553756714,0.03052605874836445,-0.1577027142047882
0.26737967914438504,0.08602150537634408,0.19786096256684488,0.05204441779929655,0.07783786952495575,0.18697375059127808,0.133231058716774
0.17777777777777778,0.0335195530726257,0.12777777777777777,0.003358146140016003,-0.12347786128520966,0.12461355328559875,-0.0009150426485575736
0.11931818181818181,0.07428571428571429,0.11363636363636363,0.024426277320375202,0.03120596893131733,0.33314502239227295,0.17906442284584045
0.20551378446115287,0.050377833753148624,0.12531328320802007,0.007879737684511823,-0.04318603500723839,0.010363416746258736,-0.014904141426086426
0.1801801801801802,0.030211480362537766,0.1021021021021021,0.007610294604305671,-0.15810705721378326,0.015044604428112507,-0.07132458686828613
0.07971014492753624,0.014598540145985401,0.06521739130434782,0.002597154454399529,-0.13546252250671387,0.15249128639698029,0.005945834796875715
0.18823529411764706,0.029585798816568046,0.13529411764705881,0.009522030874295059,0.01169458869844675,0.20932841300964355,0.11002901941537857
0.1710914454277286,0.0771513353115727,0.1238938053097345,0.04105286239264009,0.06611675024032593,0.3280995190143585,0.19508066773414612
0.055248618784530384,0.005555555555555556,0.04419889502762431,0.0008224424002425025,-0.3045492470264435,0.05532107502222061,-0.12949778139591217
0.24040920716112532,0.07197943444730076,0.13810741687979539,0.02935934683956346,0.01742461510002613,0.1908116489648819,0.10408848524093628
0.3374233128834355,0.09876543209876543,0.15337423312883436,0.02809743649306775,0.2109946608543396,0.2206362783908844,0.2170851230621338
0.19999999999999998,0.024193548387096774,0.12000000000000001,0.004548987213073244,0.009621619246900082,0.05450715497136116,0.033536966890096664
0.22277227722772278,0.06965174129353234,0.11881188118811882,0.035685705524528356,0.039910316467285156,0.09068537503480911,0.06668898463249207
0.1518987341772152,0.05732484076433121,0.08860759493670886,0.024595726352780407,-0.04419775679707527,0.2957744002342224,0.12151596695184708
0.12109375,0.03529411764705882,0.0703125,0.004520175381464379,-0.1518460512161255,0.20023557543754578,0.019549280405044556
0.3093525179856115,0.16666666666666669,0.20863309352517986,0.08664582321797333,0.1971234530210495,0.24468812346458435,0.22206330299377441
0.3304843304843305,0.02865329512893983,0.14814814814814814,0.006435539206638718,-0.0219320859760046,-0.2762502431869507,-0.15060415863990784
0.14736842105263157,0.08480565371024736,0.1192982456140351,0.03922362528325968,-0.04200097545981407,0.08308136463165283,0.02134687453508377
0.2537764350453172,0.0911854103343465,0.14501510574018128,0.03313465883591828,0.11659390479326248,0.1992044746875763,0.15893453359603882
0.10227272727272728,0.08571428571428572,0.10227272727272728,0.03350346503362829,-0.10300499200820923,0.41721612215042114,0.1452212631702423
0.1165644171779141,0.024691358024691357,0.07975460122699386,0.007192748607059661,-0.05978252366185188,-0.4161117970943451,-0.24269290268421173
0.15163934426229508,0.06995884773662552,0.11065573770491804,0.019542669840270692,-0.11824662238359451,0.2000679224729538,0.03739384934306145
0.3042505592841164,0.10786516853932585,0.18791946308724833,0.0671959716770424,0.026810990646481514,0.10147573798894882,0.06538758426904678
0.017738359201773836,0.0044543429844098,0.017738359201773836,0.0009173636340732457,-0.44014832377433777,0.03088933415710926,-0.2143675535917282
0.2826086956521739,0.12408759124087591,0.18840579710144928,0.06239935370859698,0.13711418211460114,0.20967577397823334,0.17448249459266663
0.3081081081081081,0.125,0.2108108108108108,0.0527763809580727,0.15324266254901886,0.16864445805549622,0.16229593753814697
0.18478260869565216,0.04371584699453552,0.125,0.006736136905237026,-0.014237690716981888,0.08498051017522812,0.036446668207645416
0.35244161358811044,0.11087420042643922,0.17409766454352443,0.07609764212345392,0.12963415682315826,-0.02234264649450779,0.05402389168739319
0.2901023890784983,0.09246575342465754,0.16382252559726965,0.02604728396269937,-0.03691123425960541,0.1042913869023323,0.03426165506243706
0.2587268993839836,0.11134020618556702,0.18069815195071867,0.0489627692540704,0.025613198056817055,0.1789848804473877,0.10259531438350677
0.13818181818181818,0.029304029304029304,0.10181818181818182,0.003265748833011913,-0.04949337989091873,0.21859104931354523,0.08246861398220062
0.40404040404040403,0.13793103448275862,0.22626262626262622,0.10424496738742649,0.13157305121421814,0.07483533769845963,0.10450027137994766
0.2,0.06542056074766356,0.10697674418604651,0.010658537263000745,-0.12341560423374176,0.044815462082624435,-0.03905017673969269
0.24050632911392403,0.038216560509554146,0.11392405063291139,0.017554815680355766,0.005772829987108707,0.05746889114379883,0.03306090459227562
0.22714681440443216,0.033426183844011144,0.1329639889196676,0.030807320886776995,-0.07610273361206055,-0.057856570929288864,-0.0652625635266304
0.2741935483870968,0.15447154471544716,0.1532258064516129,0.055957865171966284,0.16512438654899597,0.21173091232776642,0.18964196741580963
0.13548387096774192,0.01948051948051948,0.09032258064516129,0.008342436837568329,-0.13484735786914825,-0.04831627383828163,-0.09019191563129425
0.27607361963190186,0.154320987654321,0.23926380368098155,0.08445944489798973,0.14580437541007996,0.3826873004436493,0.262752503156662
0.10874704491725769,0.019002375296912115,0.07565011820330969,0.0042605168150447095,-0.21192537248134613,-0.03291546553373337,-0.12225443124771118
0.273972602739726,0.09655172413793103,0.17808219178082194,0.048836099913271876,0.15056760609149933,-0.11284160614013672,0.01695459894835949
0.2066869300911854,0.024464831804281346,0.0972644376899696,0.008461725513530522,-0.011935138143599033,0.14631029963493347,0.06745746731758118
0.18732782369146003,0.04986149584487535,0.1046831955922865,0.00742648794398702,-0.0512210875749588,0.117686927318573,0.03337416052818298
0.17123287671232879,0.08275862068965517,0.13013698630136986,0.02305701464026928,0.020955029875040054,0.24706408381462097,0.1329040229320526
0.1348973607038123,0.017699115044247787,0.093841642228739,0.002143568995330871,-0.05442039296030998,0.05481242015957832,0.0012194683076813817
0.31759656652360513,0.07758620689655173,0.19742489270386265,0.038670938184428065,0.09827890247106552,0.05560547113418579,0.07835004478693008
0.08983451536643026,0.009501187648456056,0.07092198581560283,0.0021906281244223696,-0.21336548030376434,0.09797811508178711,-0.06092820689082146
0.2871287128712871,0.1442786069651741,0.1782178217821782,0.06131199476940761,0.026880325749516487,-0.16614539921283722,-0.06981058418750763
0.42239185750636127,0.20460358056265984,0.2442748091603053,0.06576207782583961,0.09831321984529495,0.23396602272987366,0.16659709811210632
0.330188679245283,0.05687203791469194,0.13679245283018868,0.01120880979564379,0.1174471527338028,0.1137520968914032,0.11703575402498245
0.24068767908309452,0.028818443804034578,0.10888252148997137,0.004960337907094599,0.0727449506521225,-0.1698414534330368,-0.049856580793857574
0.2398373983739837,0.06938775510204082,0.15040650406504064,0.02528052278542053,-0.08612055331468582,0.2032960057258606,0.05593732371926308
0.3793911007025761,0.10352941176470588,0.17798594847775176,0.03225489544860597,0.16525915265083313,0.2522479295730591,0.209673672914505
0.3806970509383378,0.11320754716981132,0.19839142091152814,0.06436531188168484,0.13116836547851562,0.22706486284732819,0.18000347912311554
0.2669683257918552,0.09545454545454546,0.17194570135746606,0.011332775185760138,0.04649217054247856,0.08491648733615875,0.06714951246976852
0.21962616822429903,0.04694835680751174,0.11214953271028036,0.009532318692227152,-0.054955970495939255,-0.0005465041613206267,-0.02623075246810913
0.24375,0.16981132075471697,0.1875,0.08250961475936495,0.06264293938875198,0.3419715166091919,0.1998186856508255
0.11713665943600868,0.008714596949891067,0.0737527114967462,0.0019242083690819787,-0.19734737277030945,0.0584140419960022,-0.07107843458652496
0.31999999999999995,0.11494252873563218,0.2057142857142857,0.06456294388489815,0.09260724484920502,0.23562711477279663,0.1644774228334427
0.186046511627907,0.04013377926421405,0.12624584717607973,0.004828144576242281,-0.09547509253025055,0.07460400462150574,-0.010255823843181133
0.14153846153846153,0.06191950464396284,0.11076923076923079,0.013006834142005718,-0.07770061492919922,0.2269463688135147,0.07150894403457642
0.18918918918918917,0.07608695652173914,0.13513513513513514,0.03599291040163717,-0.09728274494409561,0.2092888057231903,0.05284362658858299
0.3312101910828026,0.14102564102564102,0.21656050955414013,0.09134663723024801,0.08785180002450943,0.20325568318367004,0.14629028737545013
0.25316455696202533,0.07124681933842239,0.1518987341772152,0.010415903460083612,-0.02003103867173195,0.1857827603816986,0.08226378262042999
0.18448637316561844,0.10105263157894738,0.12578616352201258,0.042369429229665974,-0.08288799226284027,0.21700918674468994,0.06409536302089691
0.06666666666666667,0.0,0.046153846153846156,0.0009342531033648374,-0.30269667506217957,0.0012465246254578233,-0.15366747975349426
0.10408921933085502,0.05243445692883895,0.07434944237918216,0.024349953335727634,-0.052142251282930374,0.22764639556407928,0.08535077422857285
0.37889688249400477,0.13493975903614458,0.23021582733812945,0.06806885620593,0.08199548721313477,0.139717236161232,0.11213739961385727
0.11666666666666665,0.11173184357541899,0.11666666666666665,0.050681822539718126,-0.041304443031549454,0.43947917222976685,0.18916203081607819
0.13664596273291924,0.01875,0.09316770186335405,0.0029762904059566454,-0.14704780280590057,0.12842458486557007,-0.011510254815220833
0.29516539440203565,0.11764705882352941,0.18829516539440205,0.029302542992933764,0.014635303989052773,0.2522348165512085,0.1320684552192688
0.3632075471698114,0.07109004739336493,0.16037735849056603,0.01573701918092943,0.02717110887169838,0.0012712853495031595,0.015788106247782707
0.3488943488943489,0.15308641975308643,0.23587223587223582,0.0835481434023512,0.16475895047187805,0.05926722288131714,0.11290305852890015
0.07407407407407406,0.004132231404958678,0.05761316872427984,0.0016116766650715432,-0.2885357439517975,0.016529185697436333,-0.13899041712284088
0.4277777777777778,0.12849162011173185,0.2944444444444445,0.09453315320029201,0.17357544600963593,0.23931504786014557,0.2075260877609253
0.21411192214111924,0.06845965770171149,0.12165450121654502,0.0361951295505033,-0.06939954310655594,0.12855298817157745,0.0291881300508976
0.1253012048192771,0.01937046004842615,0.09156626506024096,0.005239745872767009,-0.17833654582500458,0.08781278133392334,-0.0471729040145874
0.270509977827051,0.066815144766147,0.15077605321507762,0.037135601482626825,-0.05510171502828598,0.11985950171947479,0.032417088747024536
0.29714285714285715,0.06896551724137931,0.18285714285714286,0.04206160951154178,0.10637480765581131,0.022715825587511063,0.0657135546207428
0.18823529411764706,0.03550295857988166,0.13529411764705881,0.026616534366458996,-0.03333483263850212,0.13345135748386383,0.050212569534778595
0.005970149253731343,0.0,0.005970149253731343,0.0004799696374452772,-0.3357718288898468,-0.0005602993769571185,-0.17214350402355194
0.19166666666666665,0.04184100418410042,0.11666666666666667,0.01253545429755341,-0.14645740389823914,-0.05276117101311684,-0.09827402979135513
0.12237762237762238,0.028070175438596492,0.08041958041958043,0.01039025201728433,-0.1448347568511963,0.0067320819944143295,-0.0684887021780014
0.24022346368715083,0.15168539325842695,0.19553072625698323,0.0863199344974474,0.09291748702526093,0.3206504285335541,0.20556040108203888
0.3684210526315789,0.14423076923076922,0.23923444976076558,0.09917754858196669,0.161809042096138,0.17461815476417542,0.16955730319023132
0.17682926829268295,0.01840490797546012,0.0975609756097561,0.0031911078420070915,-0.06781121343374252,-0.24579598009586334,-0.1565835326910019
0.08444444444444446,0.022321428571428572,0.05777777777777778,0.004730832435911058,-0.17888981103897095,0.06957121193408966,-0.05609695240855217
0.2393509127789047,0.04480651731160896,0.12981744421906694,0.02111860723515405,-0.05825715512037277,0.07063380628824234,0.006966826040297747
0.01839080459770115,0.004618937644341802,0.01839080459770115,0.0010404229598045436,-0.4004923403263092,0.098469078540802,-0.16211830079555511
0.21725239616613418,0.1157556270096463,0.16613418530351437,0.04725575885493126,0.010766704566776752,0.2405976504087448,0.12450265884399414
0.19999999999999996,0.08045977011494254,0.14285714285714285,0.01911284211859312,0.008334680460393429,0.2737855017185211,0.13899677991867065
0.24623115577889446,0.12121212121212123,0.19095477386934673,0.06734875755733086,0.029593227431178093,0.20334482192993164,0.11641701310873032
0.1910828025477707,0.07675906183368869,0.12314225053078556,0.024944071363145796,-0.056265901774168015,0.1745276004076004,0.05800296738743782
0.3170731707317074,0.16176470588235295,0.2292682926829268,0.0844955538248302,0.06659643352031708,0.24751296639442444,0.1568240374326706
0.20046620046620048,0.05152224824355972,0.11655011655011654,0.0071596294328213185,-0.07740700244903564,0.1914862096309662,0.054962947964668274
0.2,0.07655502392344497,0.12380952380952381,0.03283691081180629,-0.08973091095685959,0.12470339983701706,0.016770249232649803
0.2381930184804928,0.032989690721649485,0.135523613963039,0.006636236247435827,-0.06713767349720001,0.11023961007595062,0.021560538560152054
0.1989795918367347,0.041025641025641026,0.1377551020408163,0.032428437840859664,-0.015229248441755772,0.07111203670501709,0.02914786897599697
0.2509090909090909,0.08759124087591241,0.16363636363636364,0.05617027723353077,-0.020066412165760994,0.14756885170936584,0.06387322396039963
0.1032258064516129,0.019480519480519484,0.08387096774193549,0.0027393039750654912,-0.06752786040306091,0.14568562805652618,0.0383639857172966
0.2376237623762376,0.06467661691542288,0.1386138613861386,0.03764907819233766,0.0014924671268090606,0.2801083028316498,0.13838545978069305
0.31264367816091954,0.09237875288683603,0.17011494252873563,0.027334036608735984,0.07680775225162506,0.13942328095436096,0.10937213897705078
0.415,0.21608040201005027,0.25,0.09036467493886392,0.17538627982139587,0.23925350606441498,0.20841147005558014
0.2260869565217391,0.1107871720116618,0.16811594202898553,0.0623185230181625,0.11897428333759308,0.24707435071468353,0.18355417251586914
0.19999999999999996,0.02941176470588235,0.10243902439024391,0.008576122550165917,-0.0466931015253067,0.06819240003824234,0.011693545617163181
0.2335766423357664,0.06356968215158924,0.15571776155717762,0.029582804188528076,0.044197048991918564,0.12609848380088806,0.08630254119634628
0.3149171270718232,0.20555555555555555,0.26519337016574585,0.10007485784634983,0.13863778114318848,0.006803180556744337,0.07335774600505829
0.1804123711340206,0.031088082901554407,0.10824742268041238,0.021248518573537496,-0.05382185056805611,0.1895424872636795,0.06642552465200424
0.23587223587223585,0.05432098765432098,0.14250614250614252,0.016271574807475667,0.018654245883226395,0.10482727736234665,0.06289602816104889
0.1856540084388186,0.09322033898305086,0.13502109704641352,0.0336784333368774,-0.1166936606168747,0.22171619534492493,0.048327744007110596
0.14285714285714285,0.005319148936170213,0.11111111111111109,0.0027631450940335278,-0.17670153081417084,-0.020884593948721886,-0.09825672209262848
0.16966580976863754,0.03617571059431524,0.12339331619537275,0.006348105294626903,-0.13160347938537598,0.13229185342788696,-0.0015472025843337178
0.13725490196078433,0.019704433497536946,0.09313725490196079,0.006218102981317417,-0.1920853555202484,-0.015536989085376263,-0.10362372547388077
0.3452768729641694,0.17049180327868854,0.24104234527687296,0.0970915760187293,0.20693574845790863,0.20484744012355804,0.2071814090013504
0.24032586558044808,0.05316973415132926,0.13441955193482688,0.006864908920241437,-0.1830279678106308,-0.008554469794034958,-0.09557657688856125
0.24401913875598089,0.14423076923076922,0.20574162679425836,0.07519263922752717,-0.004754386842250824,0.2825058400630951,0.1362219899892807
0.14555256064690025,0.03252032520325203,0.10781671159029649,0.005747838763289578,-0.09943141788244247,0.06244862079620361,-0.01816312037408352
0.21969696969696975,0.08396946564885495,0.1590909090909091,0.039045661643151035,0.06388530135154724,0.147109717130661,0.10660970956087112
0.18604651162790697,0.03501945525291828,0.10852713178294573,0.018420568176252622,-0.09331969916820526,0.073053278028965,-0.009890301153063774
0.38721804511278196,0.16981132075471697,0.22556390977443608,0.09829583496420459,0.0747489333152771,0.0033052004873752594,0.04033039137721062
0.1523809523809524,0.0430622009569378,0.10952380952380951,0.025659728762412567,-0.08059923350811005,0.060939986258745193,-0.0092009287327528
0.4664536741214057,0.1987179487179487,0.2715654952076677,0.14892833924058066,0.08939167112112045,0.10907585918903351,0.10067835450172424
0.19026548672566373,0.053333333333333344,0.12389380530973451,0.015422948349870754,-0.11738806962966919,-0.011624443344771862,-0.06334736943244934
0.23204419889502761,0.027777777777777773,0.13812154696132597,0.007445952451898305,-0.07126521319150925,-0.08150799572467804,-0.07464325428009033
0.1672727272727273,0.08029197080291972,0.12363636363636363,0.03890606715035566,-0.07493819296360016,0.11576973646879196,0.02018038183450699
0.35741444866920147,0.18702290076335876,0.21673003802281368,0.09948155009480203,0.1295524388551712,0.34015196561813354,0.23395885527133942
0.34757834757834755,0.16045845272206302,0.19373219373219372,0.10124193451955163,0.16992369294166565,0.012219761498272419,0.0913093164563179
0.15160349854227406,0.05278592375366569,0.09329446064139942,0.00720275233175333,-0.09637078642845154,0.23654679954051971,0.06607907265424728
0.32380952380952377,0.11089866156787764,0.15999999999999998,0.03923336801905832,0.004199708346277475,0.01484899502247572,0.011128133162856102
0.27745664739884396,0.15116279069767444,0.19075144508670522,0.08143784965795603,0.08579934388399124,0.39038681983947754,0.23486118018627167
0.21631878557874765,0.08000000000000002,0.14421252371916507,0.038790925743730095,0.010322042740881443,0.2977825105190277,0.1513807624578476
0.17222222222222222,0.0223463687150838,0.12222222222222223,0.008096282943571164,-0.0917900875210762,-0.3024435341358185,-0.1975153684616089
0.25263157894736843,0.12698412698412698,0.15789473684210528,0.05963726528393719,0.04588796943426132,-0.0590086504817009,-0.00548495864495635
0.3575757575757576,0.22560975609756098,0.26666666666666666,0.13789254464007727,0.2415129393339157,0.286571204662323,0.2651412785053253
0.1990521327014218,0.07619047619047618,0.1279620853080569,0.039195130299211144,-0.12954607605934143,0.24297043681144714,0.051314786076545715
0.38951310861423216,0.12781954887218047,0.19850187265917604,0.07041887338053615,0.10539031773805618,0.07405714690685272,0.09115321934223175
0.21321961620469082,0.13276231263383298,0.16631130063965885,0.056261789500383796,0.002043608110398054,0.34047314524650574,0.16701382398605347
0.24543080939947778,0.026246719160104987,0.13054830287206265,0.0066649192059546,-0.08196824789047241,0.0962151512503624,0.007137403357774019
0.11616161616161617,0.03045685279187817,0.07575757575757575,0.012295246502068424,-0.1612221747636795,0.12478122115135193,-0.020711537450551987
0.2585034013605442,0.04794520547945206,0.14285714285714285,0.004006173228001009,-0.03671136498451233,-0.03081151470541954,-0.03208335116505623
0.1309090909090909,0.05474452554744525,0.08727272727272727,0.01132743347170741,-0.1695260852575302,0.15898849070072174,-0.009091801941394806
0.2651162790697674,0.07476635514018692,0.1674418604651163,0.0352372259471176,0.012723290361464024,0.14772766828536987,0.08081582188606262
0.18658892128279883,0.046920821114369494,0.13411078717201164,0.014292280653946202,-0.05387809872627258,0.1512313187122345,0.04811973124742508
0.1462140992167102,0.06299212598425197,0.11488250652741513,0.02476665663896614,-0.10387450456619263,0.3000410199165344,0.09146718680858612
0.21188630490956073,0.06753246753246753,0.13953488372093023,0.04287525649981962,0.039611753076314926,0.2385665625333786,0.13854508101940155
0.3903743315508022,0.15591397849462366,0.21925133689839577,0.018498499189723103,0.2228756695985794,0.03426174074411392,0.1282263994216919
0.36266666666666664,0.13404825737265416,0.18666666666666668,0.05866765005707465,0.09612174332141876,-0.09908244013786316,-0.0017859400250017643
0.2432432432432432,0.021739130434782608,0.12432432432432433,0.0031729911750202383,-0.08036646991968155,0.08190275728702545,0.0010640770196914673
0.2641509433962264,0.021680216802168018,0.11859838274932616,0.0038455201631967923,-0.022324038669466972,0.07255629450082779,0.0262491162866354
0.09954751131221719,0.02727272727272727,0.08144796380090498,0.012141759166660321,-0.2181057184934616,0.26490628719329834,0.013254168443381786
0.24578313253012044,0.1016949152542373,0.15421686746987953,0.05519332441414269,0.02393076755106449,-0.12230444699525833,-0.048578135669231415
0.24649859943977592,0.07887323943661971,0.17366946778711484,0.0398437509934018,0.005761510226875544,0.2321188747882843,0.11784626543521881
0.31336405529953915,0.125,0.20276497695852538,0.08320197797632398,0.027135025709867477,0.11603856831789017,0.07270333170890808
0.26666666666666666,0.03937007874015748,0.15294117647058822,0.00879726369792347,-0.09872038662433624,-0.08383408933877945,-0.08951525390148163
0.15246636771300448,0.022522522522522525,0.1031390134529148,0.005541699911580901,-0.07272690534591675,0.20168159902095795,0.062244441360235214
0.2543640897755611,0.10025062656641603,0.1745635910224439,0.046974352525762694,-0.018680423498153687,0.2109636813402176,0.09499915689229965
0.23849372384937242,0.0546218487394958,0.15481171548117154,0.011270868614533832,-0.020179612562060356,0.1230706125497818,0.05196283757686615
0.2338461538461539,0.018575851393188854,0.11692307692307695,0.01747728922856989,-0.028681617230176926,0.034280844032764435,0.004220991861075163
0.11188811188811189,0.07494145199063232,0.10256410256410257,0.023137022595791108,-0.1334083080291748,0.10995309799909592,-0.013080412521958351
0.28109854604200324,0.06158833063209077,0.15508885298869143,0.0303651076811127,-0.11923464387655258,-0.0323459692299366,-0.07442782819271088
0.3584070796460177,0.10222222222222221,0.18584070796460173,0.057719216410956904,0.06736548244953156,0.13521786034107208,0.10252504050731659
0.20689655172413796,0.07331975560081466,0.1460446247464503,0.042752579912821484,-0.05548093467950821,0.13388963043689728,0.03897036239504814
0.19498607242339833,0.022408963585434174,0.12256267409470753,0.007223032930710755,-0.023061959072947502,0.06082997843623161,0.020125288516283035
0.2566844919786096,0.10215053763440861,0.16042780748663102,0.04675229907239704,0.11527583748102188,0.2075842022895813,0.16237716376781464
0.2611111111111111,0.05027932960893855,0.15555555555555556,0.010566926494906361,0.010189739987254143,0.041723910719156265,0.027490127831697464
0.2898550724637681,0.0970873786407767,0.1739130434782609,0.041132364295940534,-0.016413601115345955,-0.13515879213809967,-0.07476580142974854
0.31336405529953915,0.1111111111111111,0.1889400921658986,0.05730278896573608,0.09327760338783264,0.15130524337291718,0.12355300784111023
0.26666666666666666,0.07262569832402234,0.16666666666666666,0.03600147006307235,-0.014653345569968224,0.05034523457288742,0.01923002302646637
0.375,0.07441860465116279,0.19444444444444445,0.058836832569374116,0.09088484197854996,-0.0040784417651593685,0.044502999633550644
0.16720257234726688,0.012944983818770224,0.0707395498392283,0.0037999985434012057,-0.08668725937604904,0.0071087987162172794,-0.03854621574282646
0.22739018087855298,0.04155844155844156,0.12919896640826872,0.006987313014396125,-0.04304913431406021,0.16918636858463287,0.06234615296125412
0.4261363636363636,0.14285714285714285,0.2272727272727273,0.11309472361669218,0.16529028117656708,0.14868378639221191,0.158342644572258
0.1291759465478842,0.05369127516778524,0.11581291759465479,0.017227542336578024,-0.13074669241905212,0.16188053786754608,0.012856154702603817
0.23295454545454544,0.12,0.16477272727272727,0.0588600245138131,-0.03742629289627075,0.2243843376636505,0.09155582636594772
0.23931623931623935,0.034383954154727794,0.11965811965811968,0.008175612603427536,-0.0025048968382179737,0.10242938250303268,0.05095703527331352
0.23001949317738787,0.07436399217221135,0.14814814814814814,0.03027330649481801,-0.09889832139015198,0.06424129754304886,-0.017022760584950447
0.22222222222222224,0.1116504854368932,0.12077294685990339,0.04291017349119517,-0.008448587730526924,0.3881721794605255,0.1835252046585083
0.24309392265193372,0.05555555555555555,0.13812154696132597,0.03498983450336565,-0.04427275061607361,0.11567565053701401,0.03598720580339432
0.2142857142857143,0.055248618784530384,0.14835164835164838,0.019016802311203392,0.05946556478738785,0.08224515616893768,0.07233957946300507
0.15473887814313345,0.027184466019417475,0.0851063829787234,0.00443441852927416,-0.1602620929479599,-0.30357545614242554,-0.2310110181570053
0.29059829059829057,0.14163090128755365,0.16666666666666669,0.07614207729571598,0.04483415186405182,0.18628574907779694,0.11601123213768005
0.13291139240506328,0.025477707006369428,0.09493670886075949,0.005008600558608044,-0.1603919267654419,0.022593790665268898,-0.06887540966272354
0.11210762331838564,0.013513513513513514,0.07174887892376683,0.002809347587320396,-0.231026753783226,0.056398164480924606,-0.08979389816522598
0.19373219373219372,0.09169054441260745,0.14245014245014243,0.03212162811794448,-0.05873966962099075,0.0887664183974266,0.015520055778324604
0.16763005780346824,0.03488372093023256,0.09826589595375722,0.013676307730674799,-0.04705534130334854,0.021230535581707954,-0.011501425877213478
0.2651162790697674,0.07476635514018691,0.17674418604651163,0.04182606534722527,0.0465225949883461,0.08216734230518341,0.06580255180597305
0.18978102189781024,0.014669926650366748,0.097323600973236,0.003367727882231507,-0.18755100667476654,0.059747230261564255,-0.06530071049928665
0.3164556962025316,0.13983050847457626,0.21940928270042195,0.0676718756705706,0.018504256382584572,0.19083429872989655,0.10465707629919052
0.10505050505050505,0.008113590263691683,0.06868686868686869,0.0014068922005501866,-0.23361550271511078,-0.41889169812202454,-0.32596319913864136
0.2222222222222222,0.07106598984771574,0.13636363636363635,0.02251931914526037,-0.013263819739222527,0.2441554069519043,0.11361397057771683
0.22276029055690072,0.09245742092457421,0.1598062953995157,0.04191096360110906,0.007042788900434971,0.17469491064548492,0.09095403552055359
0.06971677559912853,0.0175054704595186,0.06100217864923747,0.0012509412391068996,-0.21627117693424225,0.16026826202869415,-0.03353413939476013
0.13842482100238662,0.03357314148681056,0.09546539379474939,0.005014006765323725,-0.1475384533405304,0.11418364197015762,-0.01849544607102871
0.23456790123456792,0.08074534161490683,0.16666666666666669,0.038377571175839995,0.0622495673596859,0.3077957332134247,0.18341289460659027
0.38567493112947654,0.11080332409972299,0.17079889807162535,0.05426015396514296,0.1331026703119278,0.2622848451137543,0.19818884134292603
0.10215053763440861,0.0,0.05913978494623656,0.0010386826217740782,-0.19394607841968536,0.0061173089779913425,-0.09419571608304977
0.32558139534883723,0.11214953271028039,0.18139534883720929,0.06788440720251528,0.019365636631846428,0.1338609755039215,0.07746325433254242
0.2733812949640288,0.12048192771084336,0.17266187050359713,0.042993010430384095,-0.07189170271158218,0.18209660053253174,0.05341680720448494
0.28143712574850305,0.1144578313253012,0.19760479041916168,0.04248613298010634,0.09749428927898407,0.33411458134651184,0.2143707275390625
0.18579234972677594,0.03290676416819013,0.10564663023679419,0.005111909182038525,-0.08586691319942474,0.061821114271879196,-0.011480942368507385
0.03174603174603175,0.005319148936170213,0.03174603174603175,0.0012940143571924126,-0.280933678150177,-0.6530551314353943,-0.4723576605319977
0.20224719101123598,0.06037735849056604,0.14981273408239698,0.02743414566986506,0.05845702439546585,0.22879987955093384,0.14359742403030396
0.36619718309859156,0.1303116147308782,0.21971830985915491,0.02948709897746404,0.15168438851833344,0.32542499899864197,0.23833946883678436
0.12499999999999999,0.005988023952095809,0.07738095238095238,0.0048413562944378905,-0.15066523849964142,-0.038137853145599365,-0.09327360987663269
0.10526315789473684,0.011764705882352941,0.07017543859649122,0.00229238541808975,-0.2358136922121048,-0.062255486845970154,-0.14873450994491577
0.27314814814814814,0.08372093023255814,0.1574074074074074,0.04218253383339222,0.05210581421852112,0.17384420335292816,0.11368636786937714
0.1293800539083558,0.016260162601626015,0.08086253369272238,0.006771364542181616,-0.17004220187664032,-0.36316490173339844,-0.2665451169013977
0.37254901960784315,0.11822660098522167,0.19117647058823528,0.06161553721797509,0.08763707429170609,0.13086599111557007,0.11060750484466553
0.276056338028169,0.08498583569405098,0.16901408450704222,0.03615299153583513,0.0352652408182621,0.009910649619996548,0.024142857640981674
0.1852731591448931,0.06205250596658712,0.11876484560570072,0.029123374988546284,-0.08395914733409882,0.03480435535311699,-0.02362653613090515
0.24550898203592814,0.09036144578313254,0.16167664670658682,0.02454045959179834,0.07975943386554718,0.29242250323295593,0.18521402776241302
0.3357314148681055,0.13012048192771083,0.2014388489208633,0.08478156017693875,0.06190218776464462,0.1705973744392395,0.11710426956415176
0.1032258064516129,0.02591792656587473,0.07311827956989247,0.012492276502127813,-0.16764625906944275,0.11130856722593307,-0.03044997714459896
0.3314711359404097,0.11588785046728972,0.1787709497206704,0.05329127960201706,0.03738242760300636,0.2172076255083084,0.12712277472019196
0.03048780487804878,0.0,0.024390243902439022,0.0007154707201082071,-0.3336019515991211,-0.07464432716369629,-0.2056981325149536
0.3716814159292035,0.13777777777777778,0.2345132743362832,0.08615120002893514,0.12609100341796875,0.19897030293941498,0.16363300383090973
0.18448637316561847,0.10105263157894737,0.13417190775681345,0.03720728022846706,-0.1535235345363617,0.2003590315580368,0.01870875433087349
0.2,0.100418410041841,0.15,0.0387302488598106,-0.08329550921916962,0.07209008932113647,-0.005187949165701866
0.22716049382716047,0.15384615384615383,0.1679012345679012,0.06690432398951228,-0.013190239667892456,0.41273337602615356,0.19226278364658356
0.13242009132420093,0.12844036697247707,0.13242009132420093,0.0532132345953888,-0.1900537759065628,0.2898753583431244,0.039932731539011
0.20521739130434782,0.11867364746945899,0.17043478260869566,0.0566932492645118,0.002213053870946169,0.29563644528388977,0.14608685672283173
0.25806451612903225,0.06481481481481481,0.152073732718894,0.03729653606766529,0.09454862028360367,0.12426407635211945,0.11081022024154663
0.17787418655097614,0.03921568627450981,0.10845986984815618,0.005005325281036734,-0.1714441031217575,0.011816869489848614,-0.07978140562772751
0.47777777777777775,0.2639405204460966,0.3259259259259259,0.13106313374426065,0.19507524371147156,0.11931264400482178,0.1582801342010498
0.37974683544303794,0.14012738853503187,0.21518987341772153,0.09970044314948666,0.19457964599132538,0.2290552705526352,0.21304106712341309
0.3325842696629213,0.09029345372460497,0.16179775280898875,0.023796442219631234,0.008936760947108269,0.27285096049308777,0.1388707011938095
0.13680781758957652,0.03934426229508197,0.11726384364820847,0.009021907268225346,-0.07413306087255478,0.004763252101838589,-0.03331906720995903
0.3380855397148676,0.11451942740286299,0.1955193482688391,0.05128370530406835,0.09702026844024658,0.07993745803833008,0.08994505554437637
0.16893732970027248,0.043835616438356165,0.10899182561307903,0.0064844312719553494,-0.019146312028169632,-0.21653519570827484,-0.11804862320423126
0.2,0.032467532467532464,0.1032258064516129,0.009494762154893279,-0.04146433621644974,-0.004393610171973705,-0.02133592776954174
0.2739130434782609,0.09170305676855896,0.17391304347826086,0.04646239689276159,0.0391073077917099,0.161291241645813,0.1009237989783287
0.16358839050131926,0.09549071618037136,0.1266490765171504,0.039918738758328576,-0.1235988438129425,0.3004361391067505,0.08097545057535172
0.28493150684931506,0.1212121212121212,0.1972602739726027,0.07044705504223994,0.015581582672894001,0.17051778733730316,0.09333541244268417
0.17676767676767677,0.03045685279187817,0.11616161616161617,0.0035642067570914792,-0.14480043947696686,0.18032726645469666,0.0140396011993289
0.17301038062283736,0.13937282229965156,0.15224913494809686,0.06130696806326356,-0.11102660745382309,0.4787209928035736,0.1682269424200058
0.24943310657596374,0.0683371298405467,0.15419501133786848,0.03240822350682881,-0.03357113525271416,0.12294397503137589,0.04501437768340111
0.20567375886524822,0.08896797153024912,0.1524822695035461,0.03765025640493834,-0.06534557789564133,0.1604475975036621,0.04655027762055397
0.17105263157894735,0.039735099337748346,0.125,0.019165951406233655,-0.017711151391267776,0.1408834606409073,0.06185808405280113
0.17757009345794392,0.051643192488262914,0.11682242990654204,0.018994038638960088,-0.04312165081501007,-0.061554405838251114,-0.05064625293016434
0.06358381502890173,0.005813953488372094,0.05202312138728324,0.0017255117830214013,-0.23869498074054718,0.06941381096839905,-0.08775580674409866
0.15884476534296027,0.029090909090909094,0.10830324909747292,0.0073132718204443874,-0.09082965552806854,0.025450821965932846,-0.03169699385762215
0.1265206812652068,0.039119804400977995,0.09732360097323602,0.004896135113264758,-0.17392706871032715,-0.02094401977956295,-0.09685643762350082
0.11282051282051282,0.015463917525773196,0.08717948717948718,0.0032041430843290147,-0.06360230594873428,0.07461320608854294,0.006159497890621424
0.12790697674418605,0.02339181286549707,0.09302325581395349,0.00506856098726005,-0.15697011351585388,0.06173409894108772,-0.04835352301597595
0.14713896457765666,0.03287671232876713,0.08719346049046321,0.0022587845892087935,-0.19070397317409515,0.08418498188257217,-0.05540546029806137
0.14018691588785046,0.01408450704225352,0.09345794392523364,0.002366533995357626,-0.16567446291446686,0.06461554020643234,-0.05152668431401253
0.2357142857142857,0.07913669064748202,0.16428571428571428,0.03295777721037071,-0.07433611154556274,0.12274589389562607,0.023840198293328285
0.17042606516290726,0.03526448362720403,0.11027568922305762,0.0029714943462352474,-0.0852941945195198,0.107125423848629,0.010658781044185162
0.35914332784184516,0.15206611570247933,0.23393739703459634,0.06911889696052105,0.046209171414375305,-0.07424143701791763,-0.013107606209814548
0.2356164383561644,0.03856749311294766,0.14246575342465756,0.008035897067881013,-0.07177284359931946,0.00045135230175219476,-0.03424187749624252
0.05700712589073633,0.0047732696897374695,0.04275534441805225,0.0012853557975308627,-0.2819322943687439,0.1102597787976265,-0.09197962284088135
0.3905325443786982,0.1904761904761905,0.2603550295857988,0.08538781705003963,0.17495399713516235,0.3181244730949402,0.24677933752536774
0.3380281690140845,0.11320754716981132,0.20187793427230047,0.06454109652669508,0.1009129211306572,0.16683021187782288,0.13506609201431274
0.2749445676274945,0.11135857461024501,0.18181818181818182,0.05024517107864129,0.06131850183010101,0.2654559910297394,0.16271090507507324
0.17891373801916932,0.07073954983922828,0.12779552715654952,0.018940054739071618,0.005097169429063797,0.2274596244096756,0.11527630686759949
0.13333333333333336,0.021598272138228944,0.09462365591397849,0.004807638678305362,-0.24384132027626038,-0.06595473736524582,-0.1546694040298462
0.08571428571428572,0.014388489208633094,0.05714285714285715,0.0021716721048012553,-0.16782772541046143,-0.5167994499206543,-0.3467612564563751
0.06666666666666668,0.012195121951219514,0.048484848484848485,0.002315698045019746,-0.17095275223255157,0.08965355902910233,-0.042415812611579895
0.3003003003003003,0.1148036253776435,0.21021021021021022,0.047168818931252264,0.082025907933712,0.1076623797416687,0.09628289937973022
0.2816399286987522,0.08586762075134169,0.13190730837789663,0.010855708014174547,-0.052730534225702286,0.09264111518859863,0.02048657275736332
0.30406852248394006,0.05161290322580645,0.1498929336188437,0.01104800359114187,-0.01008503045886755,-0.03785062953829765,-0.022343851625919342
0.12110091743119265,0.05156537753222836,0.09541284403669725,0.029551606460373674,-0.1879277527332306,0.29592013359069824,0.04383163899183273
0.21658986175115208,0.009259259259259259,0.09216589861751151,0.003681343913019032,-0.08351306617259979,-0.024880263954401016,-0.0526585690677166
0.3735632183908046,0.1329479768786127,0.20689655172413793,0.08709850500518838,0.11976774036884308,0.19115300476551056,0.15658460557460785
0.29208924949290066,0.12219959266802444,0.17849898580121706,0.05771945485877472,0.004349697846919298,0.10567691922187805,0.056037623435258865
0.16384180790960454,0.022727272727272724,0.10169491525423728,0.008640197122907919,-0.08747399598360062,0.021273691207170486,-0.03202119469642639
0.348051948051948,0.0835509138381201,0.2077922077922078,0.014688982097586427,0.047801751643419266,0.09168252348899841,0.07115825265645981
0.3092269326683292,0.11027568922305764,0.17456359102244393,0.04760810946397836,0.07505740225315094,0.07324181497097015,0.07565364986658096
0.43060498220640575,0.14285714285714285,0.2099644128113879,0.0384703191010872,0.05155927315354347,0.08744844794273376,0.07095200568437576
0.15442561205273067,0.07183364839319471,0.11299435028248586,0.03322412835583343,-0.062300506979227066,0.17940688133239746,0.05716809257864952
0.09029345372460497,0.02267573696145125,0.07223476297968398,0.008357333837829845,-0.2369718700647354,0.17920808494091034,-0.03601192682981491
0.12691466083150985,0.035164835164835165,0.07877461706783369,0.004806606606028088,-0.1344829946756363,0.1402149200439453,0.00067842414136976
0.18357487922705315,0.05339805825242718,0.12077294685990339,0.003600233289109511,-0.1398150473833084,0.06961154192686081,-0.03564922884106636
0.12080536912751678,0.060810810810810814,0.10067114093959732,0.025160193722090336,-0.028253579512238503,0.32561954855918884,0.14392586052417755
0.29256594724220625,0.163855421686747,0.22541966426858515,0.08784556280757216,0.13278146088123322,0.16613726317882538,0.1507870852947235
0.14328358208955225,0.09009009009009009,0.13134328358208955,0.048845667074033025,-0.038416787981987,0.12221883982419968,0.0421675369143486
0.21596244131455403,0.056603773584905655,0.13615023474178406,0.021636121889702094,-0.05478015914559364,0.16199655830860138,0.05279947817325592
0.07901234567901234,0.009925558312655087,0.0691358024691358,0.0016102794821121343,-0.2592064142227173,0.11242421716451645,-0.07872863113880157
0.1590909090909091,0.011428571428571429,0.08522727272727273,0.0062001679918448765,-0.10545717924833298,0.18877314031124115,0.03887995332479477
0.3402985074626866,0.13813813813813813,0.22089552238805968,0.07111334219623246,0.10875978320837021,0.2848712205886841,0.19661585986614227
0.39119804400978,0.12285012285012285,0.19070904645476774,0.07295124265693387,0.11583936214447021,0.19315968453884125,0.15558196604251862
0.18791946308724836,0.0472972972972973,0.11409395973154361,0.019396213226595262,-0.06881868839263916,0.07066281139850616,0.001564860693179071
0.1407035175879397,0.0606060606060606,0.12060301507537688,0.021789673066352686,-0.05901382490992546,0.1842164695262909,0.061175066977739334
0.1295774647887324,0.005665722379603399,0.10140845070422534,0.0027763060953212336,-0.13609962165355682,0.018482806161046028,-0.05830739438533783
0.18397626112759646,0.04776119402985075,0.11275964391691394,0.00827885112872135,-0.09355529397726059,0.1858757883310318,0.04380373656749725
0.11820330969267141,0.019002375296912115,0.07092198581560283,0.0025264695422356894,-0.19111184775829315,0.053565189242362976,-0.07010158896446228
0.22404371584699453,0.0934065934065934,0.1639344262295082,0.03441200433873246,-0.04859768599271774,0.159066304564476,0.054617203772068024
0.16113744075829384,0.0619047619047619,0.11374407582938388,0.01906572433965672,-0.09933661669492722,0.15328679978847504,0.025352085009217262
0.0881542699724518,0.0110803324099723,0.05509641873278237,0.0021640119974938206,-0.21043714880943298,0.028105169534683228,-0.09231971949338913
0.07633587786259542,0.020460358056265986,0.06106870229007633,0.003918582740934595,-0.21238736808300018,0.007728877477347851,-0.10303500294685364
0.16766467065868262,0.018072289156626505,0.10179640718562875,0.0035419378370948173,-0.035801876336336136,-0.12576386332511902,-0.07944519817829132
0.2795180722891566,0.04358353510895884,0.14457831325301207,0.004456554740573972,-0.11858692765235901,-0.06398307532072067,-0.0896642878651619
0.22641509433962262,0.06940063091482651,0.11006289308176101,0.030525807458929934,0.07855138182640076,-0.49902868270874023,-0.2259117066860199
0.18711018711018712,0.020876826722338204,0.0997920997920998,0.002780360536433606,-0.15245026350021362,0.022871816530823708,-0.06463005393743515
0.021857923497267763,0.005494505494505495,0.021857923497267763,0.0006490006005592684,-0.3913755416870117,-0.0020551385823637247,-0.20274533331394196
0.19417475728155342,0.08966861598440545,0.12815533980582525,0.04161649744205444,-0.06260119378566742,0.17767751216888428,0.05618877336382866
0.26373626373626374,0.08118081180811809,0.1758241758241758,0.051817494554244385,0.1123453825712204,-0.12924380600452423,-0.009773757308721542
0.17209302325581396,0.014018691588785047,0.1116279069767442,0.002434668716088262,-0.09645073115825653,0.0533168725669384,-0.02104315534234047
0.2,0.04891304347826088,0.12972972972972974,0.004072944398760049,-0.020194822922348976,0.1275646835565567,0.05413337051868439
0.13304721030042918,0.012931034482758619,0.07725321888412016,0.0045530070854566266,-0.2082339972257614,-0.08700204640626907,-0.14651630818843842
0.0835509138381201,0.05249343832020998,0.07310704960835508,0.018949268846444288,-0.18666592240333557,-0.525584876537323,-0.3601934313774109
0.19170984455958548,0.0625,0.11398963730569947,0.04045631400435551,-0.09529503434896469,-0.06508740782737732,-0.07848212122917175
0.35820895522388063,0.16216216216216217,0.23880597014925375,0.08763838445015311,0.1616930216550827,0.17779460549354553,0.1710808426141739
0.3567251461988304,0.17647058823529413,0.2573099415204679,0.0960640340900984,0.15923729538917542,-0.04277588799595833,0.05771620199084282
0.14835164835164832,0.0055248618784530384,0.0879120879120879,0.002213698326549268,-0.20167125761508942,0.08970166742801666,-0.05860510841012001
0.15697674418604649,0.011695906432748537,0.0872093023255814,0.002826011916688348,-0.09883464127779007,0.0769934132695198,-0.010841012932360172
0.16181229773462782,0.0065146579804560255,0.07766990291262135,0.0028265625326322694,-0.12688729166984558,0.01318790577352047,-0.05613332986831665
0.07912087912087912,0.004415011037527594,0.052747252747252754,0.0018375875473777355,-0.29305487871170044,-0.028372231870889664,-0.16248346865177155
0.30769230769230776,0.12646370023419204,0.20979020979020976,0.06885496698706917,0.15249377489089966,0.016821008175611496,0.08522610366344452
0.17745803357314147,0.028915662650602414,0.10071942446043165,0.0054126515713323175,-0.2027997076511383,0.0027364117559045553,-0.10041984170675278
0.18421052631578946,0.14159292035398233,0.1754385964912281,0.06743438771772137,0.041990362107753754,0.3366660177707672,0.18642254173755646
0.06094182825484765,0.016713091922005572,0.055401662049861494,0.004572337726932019,-0.20150427520275116,0.02686324343085289,-0.08823327720165253
0.22727272727272727,0.12547528517110268,0.18181818181818182,0.05868869674693303,-0.05239836499094963,0.19557490944862366,0.07003661245107651
0.18817204301075266,0.07567567567567567,0.14516129032258066,0.03788229414527118,-0.07548543810844421,0.09211902320384979,0.00851402897387743
0.2431865828092243,0.10947368421052632,0.1509433962264151,0.03788296855064957,0.010967280715703964,0.19493430852890015,0.10273587703704834
0.18589743589743588,0.06451612903225806,0.12820512820512817,0.021046766806283958,-0.041250672191381454,0.2753482460975647,0.11353874951601028
0.015424164524421594,0.0,0.015424164524421594,0.000646210878099957,-0.43739262223243713,-0.006869327276945114,-0.22995081543922424
0.32432432432432434,0.05434782608695651,0.1783783783783784,0.010739578543562556,0.1272559016942978,0.17662377655506134,0.15319953858852386
0.22169811320754715,0.03791469194312796,0.1320754716981132,0.032391561494961536,-0.04330878332257271,0.18245668709278107,0.06854908913373947
0.19068736141906875,0.022271714922049,0.11086474501108645,0.013772155301033043,-0.1056213229894638,0.03556910529732704,-0.034356653690338135
0.12025316455696204,0.07006369426751592,0.08860759493670885,0.025582640061414818,-0.025805283337831497,-0.39768558740615845,-0.2170950174331665
0.2214983713355049,0.039344262295081964,0.12377850162866448,0.016604046405532265,0.04928679019212723,0.1474308967590332,0.09934834390878677
0.12531328320802004,0.020151133501259445,0.09022556390977444,0.0045114411640036845,-0.1838614046573639,0.18786513805389404,-0.003353626001626253
0.2832369942196532,0.09883720930232558,0.19075144508670525,0.03278022650126734,0.13434043526649475,0.10145168751478195,0.11927515268325806
0.1595092024539877,0.07407407407407407,0.12883435582822084,0.027375296814313756,-0.03199483081698418,0.0681527778506279,0.019171398133039474
0.1306930693069307,0.03578528827037773,0.07920792079207921,0.012146069080010046,-0.19989649951457977,0.08337637037038803,-0.06064073368906975
0.3241758241758242,0.1712707182320442,0.2032967032967033,0.08254697602007527,0.12204942107200623,0.3184368312358856,0.21964731812477112
0.16155988857938716,0.022408963585434174,0.0947075208913649,0.006411278871685375,-0.0870594009757042,0.034894909709692,-0.025168441236019135
0.31788079470198677,0.09999999999999999,0.19205298013245034,0.07026479105771095,0.1168019101023674,0.18198058009147644,0.1505660116672516
0.10096153846153846,0.06280193236714976,0.09134615384615384,0.03097238823736115,-0.08942845463752747,0.28594088554382324,0.0927424505352974
0.13551401869158877,0.03286384976525821,0.08411214953271029,0.0053545364783766205,-0.1802757978439331,0.16481292247772217,-0.012118400074541569
0.22085889570552145,0.10677618069815197,0.1554192229038855,0.050985050375948845,-0.035788435488939285,0.2613152861595154,0.10984679311513901
0.22368421052631574,0.06607929515418502,0.13157894736842105,0.010795201427118527,-0.1073065772652626,0.19000941514968872,0.038482293486595154
0.3487858719646799,0.08425720620842572,0.17218543046357612,0.02403254009661891,-0.006794457323849201,0.06370009481906891,0.02978285402059555
0.3917808219178083,0.11813186813186814,0.17534246575342466,0.04506277963685083,0.09557802975177765,-0.03885449841618538,0.02902814745903015
0.12470023980815348,0.0048192771084337345,0.05755395683453237,0.002551618980263247,-0.16837462782859802,-0.019846059381961823,-0.09346678853034973
0.20527859237536655,0.08849557522123894,0.1466275659824047,0.03664392093259414,-0.09511886537075043,0.18210932612419128,0.04120270162820816
0.18354430379746833,0.01910828025477707,0.12025316455696203,0.0035261734407322195,-0.09501698613166809,0.043288081884384155,-0.025167027488350868
0.10655737704918032,0.0205761316872428,0.0901639344262295,0.00899849429287729,-0.1582910120487213,0.03644705191254616,-0.06113516166806221
0.18144329896907216,0.045548654244306416,0.10309278350515465,0.007261281472112886,-0.1103551909327507,0.0664357990026474,-0.021882975473999977
0.16231884057971013,0.06413994169096209,0.11594202898550723,0.008132960198332265,-0.004146999679505825,0.15198758244514465,0.07421381026506424
0.37590361445783127,0.20823244552058112,0.24578313253012046,0.13910022800722405,0.13320772349834442,0.1290987879037857,0.13256393373012543
0.17233560090702946,0.02277904328018223,0.10430839002267572,0.01362959892953743,-0.21749408543109894,-0.02509957365691662,-0.12138953804969788
0.2141327623126338,0.07741935483870968,0.15417558886509636,0.03373275796179344,-0.11969982087612152,0.07447737455368042,-0.022860880941152573
0.2431865828092243,0.07157894736842103,0.13836477987421383,0.008490502317835748,-0.07881563156843185,-0.18730837106704712,-0.1318357139825821
0.07782101167315175,0.01568627450980392,0.054474708171206226,0.004729688410021377,-0.14900793135166168,-0.14955537021160126,-0.1474144011735916
0.2182741116751269,0.10204081632653061,0.15736040609137053,0.038536679314572254,-0.0291096530854702,0.2617132365703583,0.1135648787021637
0.2603036876355748,0.065359477124183,0.13882863340563992,0.01012138891240395,-0.05030841752886772,0.16537533700466156,0.056744299829006195
0.07932011331444759,0.034188034188034185,0.06798866855524079,0.014886792804584239,-0.2509152293205261,0.1481362283229828,-0.05781014263629913
0.2833787465940054,0.12602739726027398,0.19073569482288827,0.06451956092568721,0.09109992533922195,0.29601988196372986,0.19283102452754974
0.21874999999999997,0.08176100628930819,0.1375,0.030089324752290886,0.04926344007253647,-0.20770977437496185,-0.08087056130170822
0.22173913043478263,0.026200873362445413,0.10434782608695654,0.013629345474277771,-0.1395493894815445,-0.004133623093366623,-0.07103782147169113
0.08196721311475409,0.0,0.06557377049180327,0.002528186408511297,-0.3040798306465149,-0.04728799685835838,-0.17722585797309875
0.19664268585131894,0.09638554216867469,0.14868105515587532,0.043972954940255306,-0.0751529186964035,0.14131712913513184,0.03230372443795204
0.24390243902439024,0.04411764705882353,0.1317073170731707,0.0076470875425366834,-0.06566961109638214,0.012775816954672337,-0.02509039267897606
0.05790645879732739,0.0,0.044543429844097995,0.0007469894294101923,-0.3525020480155945,-0.0378994420170784,-0.19846290349960327
0.17674418604651163,0.037383177570093455,0.11162790697674418,0.008579725200648442,-0.08820873498916626,0.12075583636760712,0.01567544788122177
0.2152777777777778,0.09090909090909093,0.11805555555555555,0.0335014587864514,0.08297501504421234,0.3110641539096832,0.1957993507385254
0.21108179419525067,0.09018567639257295,0.1741424802110818,0.04415506393473196,0.004767121747136116,0.31525611877441406,0.15666088461875916
0.21511627906976744,0.046783625730994156,0.13372093023255813,0.00707672649381042,0.03551533818244934,0.1844446212053299,0.11033203452825546
0.3961813842482101,0.14388489208633096,0.2100238663484487,0.10749688257096807,0.1359814703464508,0.1728367954492569,0.15571723878383636
0.2233766233766234,0.031331592689295036,0.11948051948051948,0.007542058590978411,-0.04773206263780594,0.018117761239409447,-0.01337636262178421
0.26143790849673204,0.11184210526315788,0.1503267973856209,0.050425653590938584,0.05275069922208786,-0.13826166093349457,-0.04292754456400871
0.3008474576271186,0.055319148936170216,0.15677966101694915,0.03776506349117393,-0.005809620022773743,0.05223093926906586,0.024629514664411545
0.24664879356568364,0.04851752021563342,0.1447721179624665,0.009281480841119004,-0.06160857528448105,-0.2582283318042755,-0.1600600630044937
0.29050279329608936,0.07303370786516854,0.16201117318435754,0.03794836183784271,0.0022073937579989433,0.2536246180534363,0.12622256577014923
0.2328358208955224,0.07207207207207207,0.14925373134328357,0.03765019696502967,0.08021648228168488,0.20435753464698792,0.14292606711387634
0.08391608391608392,0.00468384074941452,0.06526806526806526,0.001602247604661455,-0.23448748886585236,0.049086328595876694,-0.09506343305110931
0.26344086021505375,0.043243243243243246,0.15591397849462363,0.00469739770274936,0.05334888771176338,0.16981811821460724,0.1123591884970665
0.1411192214111922,0.06356968215158926,0.09732360097323602,0.00806276052502252,-0.0862312763929367,-0.011728792451322079,-0.04755784943699837
0.10602409638554217,0.014527845036319613,0.07228915662650602,0.001618280932428008,-0.09054170548915863,0.15975996851921082,0.03303653746843338
0.04477611940298508,0.0,0.029850746268656716,0.0009548184475304762,-0.18130308389663696,0.06747079640626907,-0.05835966020822525
0.16143497757847533,0.04054054054054054,0.10313901345291479,0.016062908063771014,-0.09461229294538498,0.04794486239552498,-0.022700544446706772
0.075,0.010050251256281407,0.060000000000000005,0.003298361760204775,-0.212384894490242,0.05812186375260353,-0.07913476973772049
0.17309697601668406,0.037578288100208766,0.07403545359749739,0.00025192310190273596,0.05860206112265587,-0.15696731209754944,-0.04985728859901428
0.2540322580645161,0.07287449392712551,0.1532258064516129,0.027959973540361237,-0.09338726103305817,0.13684818148612976,0.02065609022974968
0.38857142857142857,0.1724137931034483,0.22857142857142854,0.09432598525973496,0.12392888963222504,0.18117655813694,0.15377025306224823
0.23384615384615387,0.05572755417956656,0.16000000000000003,0.0046904122086722545,0.048934455960989,0.20063847303390503,0.12507690489292145
0.21428571428571427,0.058823529411764705,0.1168831168831169,0.02163169066164528,-0.007781417109072208,0.09120500087738037,0.04277992248535156
0.07727272727272727,0.0091324200913242,0.05454545454545454,0.0033031478176907044,-0.2679082751274109,0.1348482221364975,-0.07310346513986588
0.189873417721519,0.07006369426751592,0.1329113924050633,0.03969549387866573,-0.032857976853847504,0.1917964220046997,0.07845810800790787
0.16802168021680217,0.021798365122615803,0.0975609756097561,0.006623156341438123,-0.1969752311706543,-0.02894420363008976,-0.11260887235403061
0.2037533512064343,0.09703504043126684,0.128686327077748,0.03638221208739827,-0.1338731348514557,0.15848267078399658,0.009604239836335182
0.2765273311897106,0.11650485436893203,0.14790996784565918,0.06369317491505326,0.08596950024366379,0.22607620060443878,0.15643486380577087
0.3682539682539682,0.1853035143769968,0.24126984126984125,0.1063123296609872,0.17200514674186707,0.3882945477962494,0.27908554673194885
0.09836065573770493,0.01411764705882353,0.07494145199063232,0.0016410902528049337,-0.13041841983795166,0.08783259242773056,-0.022047901526093483
0.21658986175115205,0.07407407407407407,0.1336405529953917,0.029225691965324506,-0.07987228035926819,0.09982597082853317,0.009959520772099495
0.20155038759689922,0.015584415584415584,0.10852713178294576,0.015209398800223765,-0.10464002192020416,0.07088424265384674,-0.01678508147597313
0.09418282548476453,0.022284122562674095,0.07202216066481995,0.004128794440898756,-0.15055805444717407,0.11937984824180603,-0.01762949302792549
0.24533333333333332,0.11260053619302948,0.18133333333333335,0.07042678591337233,-0.04552820697426796,0.08530806005001068,0.02062324620783329
0.2689655172413793,0.06944444444444445,0.13793103448275865,0.011787383497375797,-0.07732988893985748,-0.02373773418366909,-0.04897261783480644
0.16216216216216214,0.07065217391304347,0.13513513513513514,0.04336200881202735,-0.03181653842329979,-0.0062404051423072815,-0.017405234277248383
0.39401496259351626,0.15538847117794488,0.2394014962593516,0.08171448889369798,0.15206679701805115,0.06903744488954544,0.11165392398834229
0.16,0.04522613065326633,0.12999999999999998,0.018206230358791087,-0.06087985262274742,0.15277567505836487,0.045215681195259094
0.15568862275449102,0.03614457831325301,0.11377245508982035,0.006361280540993516,-0.06524547189474106,0.0787903368473053,0.007341531105339527
0.2474747474747475,0.05583756345177665,0.15151515151515152,0.019664262027983687,-0.054150838404893875,0.15681272745132446,0.050649430602788925
0.2962962962962963,0.07906976744186045,0.16666666666666666,0.012966882957181038,0.021156666800379753,0.21823979914188385,0.1192154735326767
0.19923371647509577,0.030888030888030885,0.12260536398467434,0.009289687450057956,0.002274252474308014,0.12812568247318268,0.06593145430088043
0.13636363636363638,0.03319502074688796,0.08677685950413223,0.016409470787733534,-0.13700062036514282,0.019669905304908752,-0.058198265731334686
0.1226993865030675,0.01851851851851852,0.09202453987730062,0.006692754700731671,-0.09680376946926117,-0.345153272151947,-0.22226707637310028
0.34911242603550297,0.125,0.1893491124260355,0.07244336337130144,0.11292057484388351,0.23934051394462585,0.17669151723384857
0.019867549668874173,0.0,0.019867549668874173,0.0008683852162309794,-0.2872657775878906,0.08189001679420471,-0.10792594403028488
0.287292817679558,0.11090573012939003,0.16574585635359115,0.07212674576237058,0.02289958856999874,0.08181361854076385,0.05372370406985283
0.08778625954198473,0.022988505747126436,0.0648854961832061,0.00204754060649395,-0.27009692788124084,0.07569949328899384,-0.10157644748687744
0.393939393939394,0.13478260869565217,0.19480519480519481,0.08735416098207793,0.139568492770195,0.18597765266895294,0.16402889788150787
0.23364485981308414,0.10328638497652584,0.14953271028037385,0.034862048960325374,-0.011345084756612778,0.18433213233947754,0.08607899397611618
0.3241590214067278,0.11692307692307694,0.19571865443425077,0.07608680150834769,0.056757260113954544,0.21760980784893036,0.13731607794761658
0.16746411483253587,0.01923076923076923,0.10047846889952153,0.0026023530405876716,-0.22790776193141937,0.03566107526421547,-0.09791909903287888
0.06896551724137931,0.006944444444444444,0.05517241379310345,0.002125547365201019,-0.19392839074134827,0.021706296131014824,-0.08673445880413055
0.1509433962264151,0.016260162601626018,0.0862533692722372,0.0027458415780957333,-0.05510631576180458,0.19993066787719727,0.07068289816379547
0.11738148984198646,0.03628117913832199,0.08577878103837472,0.0051700626750587125,-0.1638130396604538,0.15087051689624786,-0.009843329899013042
0.21258134490238612,0.04357298474945533,0.12581344902386118,0.0269654745560219,-0.1560652256011963,0.05672465264797211,-0.050273310393095016
0.17088607594936708,0.012738853503184714,0.12025316455696201,0.003551641744977372,-0.06582242995500565,0.11654014885425568,0.025273330509662628
0.16129032258064516,0.03238866396761133,0.07661290322580645,0.005692980653735529,-0.17756891250610352,0.060544878244400024,-0.059688255190849304
0.19383259911894274,0.01327433628318584,0.1013215859030837,0.003118397302166461,-0.11180343478918076,-0.013551534153521061,-0.06144276633858681
0.28078817733990147,0.10396039603960397,0.1724137931034483,0.05027457182842294,0.09668809920549393,0.28124624490737915,0.18863016366958618
0.1887640449438202,0.05869074492099323,0.1303370786516854,0.028563005294885965,-0.05864521861076355,-0.22166986763477325,-0.1396925151348114
0.2760416666666667,0.05759162303664921,0.15104166666666666,0.00790588535228257,0.020703868940472603,0.16866284608840942,0.0950712040066719
0.12009237875288684,0.10208816705336426,0.11547344110854503,0.039305671789952375,-0.15359464287757874,0.2784748077392578,0.054649341851472855
0.0671462829736211,0.01927710843373494,0.05275779376498801,0.0020001489845413597,-0.387066513299942,-0.5982129573822021,-0.49272558093070984
0.07633587786259541,0.03580562659846548,0.07124681933842239,0.013409084254952236,-0.11540460586547852,0.2654305100440979,0.06929885596036911
0.2645161290322581,0.012987012987012986,0.14193548387096774,0.005211135457079827,0.021847538650035858,0.04748643562197685,0.03620333969593048
0.2073732718894009,0.0462962962962963,0.0967741935483871,0.006602315251934379,-0.10527145862579346,0.09456148743629456,-0.005738528911024332
0.2857142857142857,0.08839779005524862,0.17032967032967034,0.02885624275327156,0.008343170396983624,0.19061286747455597,0.09929819405078888
0.1597938144329897,0.0466321243523316,0.0979381443298969,0.01915070954390963,-0.1596706360578537,-0.047869518399238586,-0.10261968523263931
0.25846153846153846,0.018575851393188854,0.12923076923076923,0.00779746834905302,-0.045607443898916245,0.07611582428216934,0.016109835356473923
0.18435754189944134,0.033707865168539325,0.10614525139664804,0.016152905480518526,-0.10102257877588272,0.031447865068912506,-0.03399678319692612
0.06896551724137931,0.05202312138728324,0.06896551724137931,0.016178574043899878,-0.09242258965969086,0.2858368754386902,0.09108611941337585
0.20103986135181975,0.11130434782608693,0.14211438474870017,0.04462826252247389,-0.12370780110359192,0.32051458954811096,0.09009267389774323
0.15527950310559008,0.025,0.09316770186335405,0.006783599925566595,-0.07124469429254532,0.04870925843715668,-0.010351177304983139
0.06403940886699508,0.009900990099009901,0.04433497536945813,0.0017072324473112201,-0.30087944865226746,0.06060854718089104,-0.1250804364681244
0.25268817204301075,0.06486486486486487,0.12903225806451613,0.027621020890728105,-0.025885937735438347,0.19277341663837433,0.082559734582901
0.11428571428571428,0.005221932114882507,0.05714285714285714,0.0025339572029943274,-0.19454532861709595,0.11763244867324829,-0.041729263961315155
0.14093959731543623,0.027027027027027025,0.087248322147651,0.006011728358224204,-0.15238551795482635,0.08119954913854599,-0.036684345453977585
0.1282051282051282,0.05806451612903226,0.10897435897435898,0.023536917639684105,-0.014100082218647003,0.1009635478258133,0.04432465136051178
0.2087378640776699,0.0878048780487805,0.15048543689320387,0.04645789573603723,-0.06190218776464462,0.1416545808315277,0.03936237469315529
0.27111111111111114,0.06696428571428571,0.13333333333333333,0.011887962159392137,-0.003565082559362054,0.12995903193950653,0.06383226066827774
0.2,0.06097560975609756,0.16363636363636364,0.02704326973453354,0.033810269087553024,-0.238705575466156,-0.10449956357479095
0.3771186440677966,0.2127659574468085,0.2584745762711864,0.08789935531680113,0.19278648495674133,0.08075562864542007,0.13755305111408234
0.31443298969072164,0.13989637305699484,0.19072164948453607,0.08913632881012369,0.15905970335006714,0.24967987835407257,0.2052658498287201
0.15694164989939638,0.06868686868686869,0.11267605633802817,0.03523876217357799,-0.17156438529491425,0.09946481138467789,-0.03810229152441025
0.032586558044806514,0.008179959100204498,0.028513238289205704,0.0012774438015364176,-0.37956172227859497,0.01006911788135767,-0.19078832864761353
0.06588235294117648,0.047281323877068564,0.05647058823529412,0.01334117128684277,-0.24222539365291595,0.2656002938747406,0.0002924181171692908
0.15894039735099338,0.03333333333333333,0.10596026490066224,0.022586737274216034,-0.16499385237693787,-0.023882761597633362,-0.0936836302280426
0.22516556291390727,0.16666666666666666,0.2052980132450331,0.09348373633945185,0.160136878490448,0.43934333324432373,0.29716673493385315
0.19148936170212766,0.0213903743315508,0.10638297872340426,0.0029600857574606882,-0.20020177960395813,-0.08637595176696777,-0.1421031951904297
0.32022471910112366,0.096045197740113,0.1797752808988764,0.05605933478187946,-0.08668548613786697,-0.044511258602142334,-0.06395692378282547
0.17727272727272728,0.022831050228310504,0.11363636363636363,0.005541712857510842,-0.16308289766311646,-0.024443767964839935,-0.09297376871109009
0.10932475884244373,0.06472491909385114,0.10289389067524114,0.025246011731366223,-0.1781327873468399,0.2974567115306854,0.04989754781126976
0.2191780821917808,0.07713498622589532,0.16438356164383564,0.01775440241302837,-0.0501718707382679,0.2789265215396881,0.1104697659611702
0.1108433734939759,0.024213075060532687,0.0819277108433735,0.012416330536686915,-0.1284940242767334,-0.3191400170326233,-0.22375953197479248
0.1314285714285714,0.011494252873563218,0.08571428571428572,0.0012374601254266466,-0.17668135464191437,0.049327924847602844,-0.06456012278795242
0.3073286052009456,0.06175771971496437,0.1702127659574468,0.05463166113850374,0.0364396870136261,-0.07549326866865158,-0.018509218469262123
0.2376811594202899,0.05247813411078717,0.1507246376811594,0.02083847791522628,-0.05936438962817192,0.027569277212023735,-0.01462832186371088
0.17558886509635974,0.04301075268817204,0.1113490364025696,0.014910104539572687,-0.0817878320813179,0.11817082017660141,0.017776761204004288
0.2205128205128205,0.03608247422680413,0.14358974358974358,0.008936354623968376,-0.08612161129713058,-0.03441879525780678,-0.058683156967163086
0.2520107238605898,0.04851752021563342,0.1554959785522788,0.029549324404228878,0.011048642918467522,-0.03805225342512131,-0.01197854708880186
0.3027295285359802,0.10972568578553615,0.18858560794044665,0.0685728840129964,0.14698342978954315,0.11720692366361618,0.13346096873283386
0.0829694323144105,0.013157894736842106,0.06986899563318777,0.0018950936006657502,-0.1988709717988968,0.10904154926538467,-0.04804909974336624
0.1342281879194631,0.02247191011235955,0.08053691275167785,0.0047735204126788085,-0.17821308970451355,0.032513637095689774,-0.07338105142116547
0.141025641025641,0.02145922746781116,0.0982905982905983,0.002709602482081098,-0.1771904081106186,0.18606184422969818,-0.0006060259183868766
0.24624624624624625,0.14501510574018128,0.22822822822822825,0.09941739303406212,0.09133622795343399,-0.05788557603955269,0.01719686947762966
0.1780821917808219,0.0689655172413793,0.14383561643835616,0.01875191093486472,-0.022758442908525467,0.27074700593948364,0.12117375433444977
0.30625,0.13836477987421383,0.20625000000000002,0.0711610156600001,0.09990615397691727,-0.12940263748168945,-0.015772566199302673
0.24330900243309,0.09290953545232274,0.15085158150851583,0.03591763878748664,-0.04858424514532089,0.2780216932296753,0.110892154276371
0.09221902017291066,0.023188405797101446,0.069164265129683,0.0027462122928747904,-0.2073093056678772,0.108972929418087,-0.052566394209861755
0.17105263157894737,0.09271523178807946,0.125,0.04548128647352939,-0.019117305055260658,0.2735060453414917,0.12439706176519394
0.13736263736263735,0.022099447513812154,0.09890109890109891,0.005341291052257149,-0.0838494822382927,0.04611893743276596,-0.01806458830833435
0.31288343558282206,0.08641975308641975,0.19631901840490795,0.05481835536605173,0.10081033408641815,0.18003083765506744,0.1415102332830429
0.12820512820512822,0.05172413793103448,0.08547008547008547,0.017067980550428484,-0.0555785670876503,0.3365662693977356,0.13433681428432465
0.29645093945720247,0.09643605870020966,0.17118997912317324,0.06405560146525371,0.0194975845515728,-0.07834853231906891,-0.028242362663149834
0.15434083601286172,0.006472491909385113,0.09646302250803859,0.0014475905808415798,-0.1074410080909729,0.07244203984737396,-0.01748434267938137
0.1497326203208556,0.04838709677419355,0.1283422459893048,0.015922588100798756,-0.15859735012054443,-0.0026996242813766003,-0.08013845235109329
0.13489736070381234,0.04129793510324483,0.10557184750733138,0.0057154454627982906,-0.14283253252506256,0.008599746972322464,-0.06655443459749222
0.203125,0.03664921465968587,0.13541666666666669,0.007302893815645911,-0.07055205851793289,0.09951327741146088,0.014627262018620968
0.32195121951219513,0.053921568627450976,0.16097560975609757,0.01116563800021607,-0.03709588944911957,0.05708545446395874,0.011158152483403683
0.39662447257383965,0.13559322033898305,0.2109704641350211,0.08151156722075904,0.19060951471328735,0.034369274973869324,0.11272082477807999
0.1568627450980392,0.06896551724137931,0.12745098039215688,0.034648395678711814,-0.14712385833263397,0.17979101836681366,0.012551729567348957
0.0964467005076142,0.015306122448979593,0.07106598984771573,0.002293221013105484,-0.1763569712638855,-0.01743931882083416,-0.09641462564468384
0.13333333333333333,0.030927835051546393,0.08717948717948719,0.01652486422176642,-0.1882372796535492,-0.13628186285495758,-0.16051140427589417
0.2335766423357664,0.078239608801956,0.1508515815085158,0.01986498738393587,0.04922488331794739,0.1755470335483551,0.11304184794425964
0.20304568527918784,0.05102040816326531,0.11675126903553301,0.006897252979849853,-0.09523454308509827,0.1866232007741928,0.04327046498656273
0.3478260869565218,0.17508417508417506,0.2341137123745819,0.05049263596612337,0.1646294891834259,0.26042214035987854,0.21336209774017334
0.263681592039801,0.065,0.1492537313432836,0.03614708987579608,-0.02915281057357788,0.12495595961809158,0.048262760043144226
0.05387205387205387,0.006779661016949153,0.04040404040404041,0.0009025039651084111,-0.27901211380958557,0.06775236129760742,-0.1100396141409874
0.16728624535315986,0.05597014925373134,0.137546468401487,0.016807518750468778,-0.03707289695739746,0.16534101963043213,0.06361400336027145
0.21288515406162464,0.05633802816901409,0.15126050420168066,0.009503980458234779,0.011687513440847397,0.14295417070388794,0.07796473801136017
0.16463414634146342,0.03067484662576687,0.11585365853658534,0.0034972008413642766,-0.18741022050380707,-0.01651468314230442,-0.10167603939771652
0.2727272727272727,0.12,0.1534090909090909,0.03485244424183807,0.12918595969676971,0.23941196501255035,0.1850346177816391
0.23920265780730895,0.1137123745819398,0.17275747508305647,0.03060401336357002,0.11222086101770401,-0.11729464679956436,-0.0035796496085822582
0.09166666666666666,0.016806722689075633,0.06666666666666667,0.002248776036466906,-0.00036259274929761887,0.38219350576400757,0.18511231243610382
0.14606741573033707,0.02824858757062147,0.0898876404494382,0.002749216943089658,-0.08777114748954773,0.02538396790623665,-0.030167095363140106
0.24999999999999994,0.1048951048951049,0.18055555555555552,0.06774630346677465,0.0038222582079470158,0.09322051703929901,0.0496690534055233
0.054054054054054064,0.04081632653061225,0.054054054054054064,0.01674878994521641,-0.08691153675317764,-0.4988977909088135,-0.29994186758995056
0.1648351648351648,0.022099447513812157,0.1043956043956044,0.005776416283895795,-0.1818036437034607,-0.0956067442893982,-0.13723944127559662
0.27,0.09547738693467336,0.15000000000000002,0.03860984449622149,0.04609420523047447,0.16600850224494934,0.10679440945386887
0.10246679316888047,0.01523809523809524,0.06451612903225806,0.0020473214933317235,-0.30941399931907654,-0.20363806188106537,-0.2550782859325409
0.1858585858585859,0.020283975659229205,0.08888888888888889,0.005398499204967214,-0.2081572413444519,-0.03202514350414276,-0.11987482756376266
0.3194888178913738,0.10932475884244372,0.2108626198083067,0.04392376353917648,0.121584951877594,-0.0564381368458271,0.03254811465740204
0.2846975088967972,0.13620071684587812,0.1779359430604982,0.06942752568767695,0.07573731243610382,0.15114854276180267,0.11460423469543457
0.26378896882494,0.08192771084337351,0.1870503597122302,0.05750004794570597,0.014133334159851074,0.2145111858844757,0.11378101259469986
0.0975609756097561,0.01634877384196185,0.05420054200542006,0.0027610912535915902,-0.25845080614089966,0.018378810957074165,-0.12218203395605087
0.25728155339805825,0.14146341463414636,0.16504854368932037,0.061959196930272936,-0.038126714527606964,0.3282738924026489,0.13987509906291962
0.32298136645962733,0.05625000000000001,0.1739130434782609,0.023362327102017803,0.08796782791614532,0.13936740159988403,0.11497823148965836
0.24615384615384614,0.10077519379844961,0.1769230769230769,0.06339622032398361,-0.011356051079928875,0.13710851967334747,0.06330180913209915
0.06845965770171149,0.0,0.04400977995110024,0.0018553280160239197,-0.29389360547065735,0.04215262457728386,-0.12989403307437897
0.13164556962025317,0.07633587786259541,0.11139240506329115,0.03104517981172811,-0.0922609269618988,0.31926560401916504,0.10657898336648941
0.3227383863080685,0.08353808353808355,0.1662591687041565,0.027967493255923508,0.05818463861942291,0.14653173089027405,0.10343160480260849
0.33670033670033667,0.13559322033898305,0.24242424242424243,0.0833796843382588,0.15261828899383545,0.07640304416418076,0.11566054075956345
0.43564356435643564,0.19933554817275748,0.2772277227722772,0.1063009638371301,0.20608922839164734,0.3413624167442322,0.27403178811073303
0.13807531380753138,0.08403361344537814,0.12970711297071127,0.04502851600154988,-0.10914748907089233,0.18308348953723907,0.034252118319272995
0.11262135922330097,0.023391812865497075,0.07378640776699029,0.011364147768951558,-0.1838260293006897,0.10517533868551254,-0.04188818857073784
0.21551724137931036,0.09956709956709957,0.15948275862068967,0.056388526799109336,-0.028749536722898483,0.27525627613067627,0.12012451142072678
0.16111111111111112,0.02793296089385475,0.11666666666666667,0.004871075528550654,-0.08003818988800049,0.19059057533740997,0.053154055029153824
0.4238683127572017,0.18181818181818185,0.24279835390946503,0.1425864611024332,0.10085278004407883,-0.010354926809668541,0.0461776927113533
0.29581993569131837,0.05825242718446603,0.17363344051446944,0.03278164298248527,0.08374123275279999,0.2864926755428314,0.18444165587425232
0.2577962577962578,0.0709812108559499,0.13721413721413722,0.007068503356038841,-0.11713302135467529,0.14044979214668274,0.00992243830114603
0.23463687150837992,0.08224299065420561,0.1527001862197393,0.0530738880732384,-0.11557511240243912,-0.16738590598106384,-0.13976702094078064
0.09312638580931262,0.008908685968819599,0.07095343680709534,0.0016327196728730235,-0.24800246953964233,0.019549284130334854,-0.11611612141132355
0.17886178861788618,0.043596730245231606,0.13008130081300812,0.005409271453423203,-0.0602908581495285,0.05578869953751564,-0.0013017549645155668
0.19472616632860043,0.03258655804480652,0.10953346855983774,0.006798751390019263,-0.1273372620344162,0.11141857504844666,-0.009203754365444183
0.19791666666666669,0.03664921465968587,0.13020833333333334,0.0034251386543631157,-0.08028262853622437,0.06448430567979813,-0.007319634780287743
0.07095343680709534,0.022271714922048998,0.048780487804878044,0.0034095306013206877,-0.23158815503120422,0.14182542264461517,-0.05029202997684479
0.19548872180451127,0.04534005037783376,0.12030075187969924,0.0036049992380635084,-0.03158094361424446,0.25443747639656067,0.10883215814828873
0.34782608695652173,0.09836065573770492,0.20652173913043478,0.03816594782915391,0.1835303008556366,0.34480413794517517,0.2641178369522095
0.3011764705882353,0.08037825059101655,0.16941176470588235,0.053448268350488916,0.12400423735380173,-0.1137828677892685,0.0038642981089651585
0.20863309352517986,0.13043478260869565,0.18705035971223022,0.0643288114499456,-0.024965129792690277,0.18655741214752197,0.08006817102432251
0.24908424908424912,0.03690036900369004,0.15384615384615385,0.005701648087657839,0.09048439562320709,0.16858573257923126,0.13065050542354584
0.16129032258064516,0.006493506493506494,0.09677419354838708,0.003150981139297371,-0.11953568458557129,-0.03360522910952568,-0.07519877701997757
0.20626151012891347,0.09242144177449167,0.143646408839779,0.03837332600563394,-0.1430380642414093,0.18003615736961365,0.014842337928712368
0.09824561403508772,0.0353356890459364,0.08421052631578947,0.00995594208422921,-0.11376391351222992,0.37198927998542786,0.11890892684459686
0.25,0.06748466257668712,0.14634146341463414,0.04114650154670141,0.04268158599734306,-0.17771854996681213,-0.06828068941831589
0.1,0.024096385542168676,0.08,0.004113574974902814,-0.24683579802513123,-0.015335366129875183,-0.13202641904354095
0.16216216216216217,0.03401360544217687,0.10810810810810811,0.0071657796462853765,0.010601150803267956,0.13522174954414368,0.07364662736654282
0.20385674931129474,0.11080332409972297,0.15977961432506885,0.05566091492683006,-0.03839379549026489,0.26397600769996643,0.10971859097480774
0.13953488372093023,0.05140186915887851,0.10232558139534884,0.02645427173287086,-0.1016664057970047,0.01502338144928217,-0.04231834039092064
0.18036072144288576,0.02414486921529175,0.1002004008016032,0.0028159192055197883,-0.1414681226015091,-0.24900144338607788,-0.19390463829040527
0.4276094276094276,0.16554054054054052,0.23232323232323232,0.13458682295502253,0.208685040473938,0.17367370426654816,0.19243265688419342
0.15950920245398773,0.049281314168377825,0.08588957055214723,0.021348439683950688,-0.14867009222507477,-0.04463576897978783,-0.09542718529701233
0.16811594202898547,0.02915451895043732,0.0927536231884058,0.022503961395862977,-0.09576976299285889,0.08935820311307907,-0.0033059492707252502
0.24778761061946902,0.04262877442273535,0.15575221238938053,0.010276036600223226,-0.11968425661325455,0.04870395362377167,-0.03524838760495186
0.19095477386934673,0.06060606060606061,0.1407035175879397,0.04589824318472883,-0.0993397980928421,0.11040197312831879,0.004929434508085251
0.1366120218579235,0.03846153846153846,0.09836065573770492,0.011768824107847563,-0.169515460729599,0.0890876054763794,-0.04192773997783661
0.10132158590308371,0.01769911504424779,0.07488986784140969,0.008945705786742596,-0.1690000593662262,0.022130057215690613,-0.07356186956167221
0.1826923076923077,0.10628019323671498,0.12019230769230771,0.04071844160148424,-0.19765903055667877,0.30330589413642883,0.041815437376499176
0.24324324324324326,0.027173913043478264,0.14054054054054052,0.006022439947578004,-0.05919671431183815,-0.010931144468486309,-0.03349953144788742
0.2682926829268293,0.16176470588235292,0.1951219512195122,0.07804726320451291,0.07163099199533463,0.3165663182735443,0.19249410927295685
0.3626062322946175,0.17663817663817666,0.23229461756373937,0.09714385538832977,0.12778298556804657,0.20840555429458618,0.16912996768951416
0.33047210300429186,0.10344827586206896,0.19742489270386265,0.06439136244573022,-0.013348011299967766,0.2125038057565689,0.09851735830307007
0.20295983086680763,0.055201698513800426,0.12262156448202959,0.01847804054382593,-0.09927859902381897,0.08566567301750183,-0.006898665800690651
0.25806451612903225,0.08441558441558443,0.14838709677419354,0.044438325600220915,0.05657578632235527,0.0778115764260292,0.06868717819452286
0.311377245508982,0.1144578313253012,0.19161676646706585,0.015915351389974644,0.07936642318964005,0.2533685266971588,0.1662442833185196
0.27586206896551724,0.07466666666666667,0.1697612732095491,0.03957354277630101,0.027085501700639725,0.08846080303192139,0.05911719426512718
0.22976501305483027,0.047244094488188976,0.10443864229765014,0.031816280679998886,0.006485280580818653,-0.12843731045722961,-0.06018798053264618
0.1836734693877551,0.06164383561643835,0.13605442176870747,0.020100079547133557,-0.05243869125843048,0.15227799117565155,0.04936956986784935
0.1278772378516624,0.02056555269922879,0.09207161125319693,0.005003523484792238,-0.2293033003807068,0.02152695693075657,-0.1053386777639389
0.3026315789473684,0.1324503311258278,0.18421052631578946,0.07242175377133961,0.13192680478096008,0.26616448163986206,0.19947364926338196
0.2874251497005988,0.0963855421686747,0.17365269461077845,0.030274066638669356,0.0751345232129097,0.18438944220542908,0.13059011101722717
0.14983713355048858,0.09180327868852459,0.13680781758957655,0.05764290550664636,0.08873086422681808,0.2195315957069397,0.1546694040298462
0.17721518987341772,0.0050890585241730275,0.10632911392405062,0.002360467569107138,-0.2699115574359894,-0.14660672843456268,-0.20709559321403503
0.1597222222222222,0.027972027972027972,0.10416666666666667,0.0061405925813339405,-0.0788382738828659,0.13109803199768066,0.025499707087874413
0.14776632302405496,0.05517241379310345,0.10309278350515463,0.01142679988429061,-0.09436856210231781,0.19072075188159943,0.04565854370594025
0.303448275862069,0.08775981524249422,0.13793103448275862,0.0406399645482022,0.031102674081921577,0.1587253212928772,0.09557905048131943
0.2955326460481099,0.09688581314878893,0.19931271477663232,0.013641318283378185,0.16538262367248535,0.11853905022144318,0.143245667219162
0.30952380952380953,0.09580838323353294,0.1726190476190476,0.06039400574406092,0.12424267083406448,0.17760995030403137,0.15216724574565887
0.08577878103837472,0.009070294784580497,0.05869074492099323,0.00189977339115918,-0.2596903443336487,-0.04900532588362694,-0.1547848880290985
0.1650485436893204,0.04878048780487805,0.12135922330097086,0.030054250525728715,-0.1813420057296753,-0.011103054508566856,-0.09593220800161362
0.2608695652173913,0.08735632183908046,0.17848970251716245,0.053385039327501424,-0.0034055416472256184,0.028995847329497337,0.014346498064696789
0.2995169082125604,0.10194174757281553,0.15942028985507245,0.03942536917064687,0.01311170682311058,0.09542280435562134,0.055466558784246445
0.21479713603818615,0.052757793764988015,0.12410501193317422,0.017909473543929397,-0.019854871556162834,0.1151379868388176,0.04827935993671417
0.08425720620842571,0.0,0.057649667405764965,0.001540761006076569,-0.17151132225990295,-0.05088607966899872,-0.11014309525489807
0.130879345603272,0.03285420944558521,0.07770961145194273,0.006047521031801919,-0.20087602734565735,0.046972472220659256,-0.07835216075181961
0.25065274151436034,0.07874015748031495,0.1671018276762402,0.051517679490615705,0.0611695721745491,0.09032705426216125,0.0772082656621933
0.13612565445026178,0.021015761821366025,0.09424083769633507,0.011990295214172764,-0.10059560835361481,0.06596853584051132,-0.017064785584807396
0.30265848670756645,0.1026694045174538,0.18404907975460122,0.05797458708915789,0.06887422502040863,0.11791366338729858,0.09474840760231018
0.25853658536585367,0.05392156862745099,0.14146341463414633,0.02668664936044342,-0.08194348216056824,0.00820640567690134,-0.03559590131044388
0.22093023255813954,0.0760233918128655,0.15697674418604649,0.031263654432002734,-0.005237607751041651,0.24785536527633667,0.11958029121160507
0.1197411003236246,0.051948051948051945,0.08414239482200647,0.018470264080054727,-0.04535168409347534,0.22910338640213013,0.08961731940507889
0.07166123778501628,0.0,0.05211726384364821,0.001963707303235515,-0.21499520540237427,0.10381845384836197,-0.05906492471694946
0.20800000000000002,0.03217158176943699,0.11733333333333335,0.006696833348695888,-0.04083713889122009,-0.161073699593544,-0.09991658478975296
0.28770301624129935,0.10722610722610723,0.16705336426914152,0.046801165772973004,0.0195962805300951,0.16448961198329926,0.09247899055480957
0.2978723404255319,0.09785932721712537,0.1762917933130699,0.053927395900505576,0.1719326376914978,-0.08436467498540878,0.042037926614284515
0.2825484764542936,0.13370473537604455,0.17174515235457066,0.07580810254507887,0.17274519801139832,-0.08518743515014648,0.04199095815420151
0.24719101123595508,0.096045197740113,0.1741573033707865,0.008501459439807282,0.08095475286245346,0.09168535470962524,0.08779924362897873
0.1370967741935484,0.020242914979757082,0.0685483870967742,0.002479531486444031,-0.14726819097995758,0.07165925204753876,-0.03855610266327858
0.27505827505827507,0.1451990632318501,0.15850815850815853,0.03748946961388962,0.012532266788184643,0.29731982946395874,0.15232864022254944
0.3069544364508393,0.14457831325301204,0.22541966426858512,0.05934583230558086,0.07841236144304276,-0.04076390340924263,0.01969972811639309
0.09649122807017545,0.02643171806167401,0.07456140350877193,0.0051944114160928844,-0.28349196910858154,0.013920115306973457,-0.1375339776277542
0.12598425196850394,0.005277044854881266,0.09448818897637797,0.004987163172936978,-0.15366750955581665,0.13867764174938202,-0.010180247016251087
0.18818380743982493,0.07472527472527472,0.1400437636761488,0.03589927037155178,0.01807551272213459,0.22171585261821747,0.11928257346153259
0.10380622837370242,0.017361111111111112,0.06228373702422146,0.0018496555109844474,-0.23725274205207825,-0.05364300683140755,-0.14533886313438416
0.32941176470588235,0.1952662721893491,0.2529411764705882,0.08634242412760545,0.09756822139024734,0.3834269642829895,0.23779702186584473
0.20970873786407765,0.10526315789473684,0.13980582524271845,0.05726303919297079,-0.022709978744387627,0.08428473025560379,0.031789522618055344
0.3366058906030856,0.11533052039381156,0.1683029453015428,0.07310805034102498,0.009812643751502037,0.1456024944782257,0.07829106599092484
0.18227848101265826,0.04071246819338423,0.12151898734177213,0.005495405900565493,-0.05113689601421356,0.16561374068260193,0.056426454335451126
0.17968750000000003,0.05098039215686274,0.12109375,0.006544337359027886,-0.17841367423534393,-0.09086401015520096,-0.13319149613380432
0.20140515222482439,0.06117647058823529,0.14051522248243561,0.029192145679632214,-0.05087865889072418,0.05867685750126839,0.004913542419672012
0.24317617866004967,0.14463840399002495,0.1588089330024814,0.07848907051102133,0.005016868468374014,0.23567911982536316,0.11915543675422668
0.07468879668049792,0.012499999999999999,0.04564315352697096,0.0032624573927657434,-0.2070142775774002,0.18429888784885406,-0.017467744648456573
0.21294363256784965,0.029350104821802933,0.10438413361169101,0.006068472945800607,-0.10611550509929657,0.05632706731557846,-0.02456665225327015
0.0847457627118644,0.025531914893617023,0.07627118644067797,0.002038741279902546,-0.24199581146240234,0.12286191433668137,-0.06465195119380951
0.14349775784753363,0.01801801801801802,0.08520179372197309,0.002461255811638545,-0.16393119096755981,0.07242082059383392,-0.046902380883693695
0.09341825902335456,0.03837953091684435,0.07218683651804671,0.01148881359736521,-0.15524983406066895,0.29359015822410583,0.060644619166851044
0.2075055187637969,0.06208425720620842,0.1368653421633554,0.02835538128600135,-0.11237084865570068,-0.22871604561805725,-0.16935387253761292
0.0380952380952381,0.0,0.0380952380952381,0.000864730572726513,-0.2677996754646301,-0.21031318604946136,-0.2372174859046936
0.1422594142259414,0.01680672268907563,0.09623430962343098,0.005085280132205659,-0.1297300159931183,0.04457705095410347,-0.042428527027368546
0.24844720496894412,0.0625,0.14285714285714288,0.01875191093486472,-0.11701062321662903,0.09099559485912323,-0.013550824485719204
0.334384858044164,0.10793650793650793,0.22082018927444796,0.05249236370189166,0.17976287007331848,0.2659872770309448,0.22377966344356537
0.39766081871345027,0.11764705882352941,0.22222222222222224,0.06232911419691775,0.08118151128292084,0.108346126973629,0.09619849175214767
0.2617801047120419,0.12631578947368421,0.18324607329842932,0.06699353375711249,0.0394391231238842,0.322680801153183,0.17848311364650726
0.15846994535519124,0.021978021978021976,0.10928961748633881,0.0030410207064229854,-0.09341520816087723,0.06061067059636116,-0.015951266512274742
0.12138728323699423,0.029069767441860465,0.08670520231213873,0.0029545316541946995,-0.17795485258102417,0.19609133899211884,0.003624148201197386
0.09345794392523364,0.025078369905956112,0.08722741433021806,0.010523800430652291,-0.08631192892789841,0.2046051323413849,0.05645223334431648
0.33061224489795915,0.09016393442622951,0.17551020408163265,0.056695839879038167,0.06073622778058052,-0.0653855949640274,-0.001504116808064282
0.3558718861209964,0.13620071684587814,0.22775800711743774,0.05701430395103822,0.1837736815214157,0.25447213649749756,0.22015127539634705
0.19858156028368795,0.07142857142857142,0.1276595744680851,0.043511670123835826,0.07384157180786133,0.27538537979125977,0.17397500574588776
0.37082066869300906,0.1345565749235474,0.2553191489361702,0.08222118735669565,0.1419081836938858,0.1400051712989807,0.1423521786928177
0.13806706114398423,0.011881188118811881,0.08678500986193292,0.0022907110361290515,-0.14259658753871918,0.0578017458319664,-0.04274778440594673
0.29479768786127164,0.11627906976744187,0.2023121387283237,0.07377021266923317,0.15146224200725555,-0.1260765641927719,0.010404151864349842
0.1,0.013422818791946308,0.06666666666666667,0.0027006343962032485,-0.06728624552488327,-0.5142518877983093,-0.29942166805267334
0.23844282238442824,0.05867970660146699,0.11678832116788322,0.0077302855072227325,-0.032853733748197556,0.09712421894073486,0.03286172077059746
0.20081967213114757,0.05761316872427984,0.14754098360655737,0.03524575229470716,-0.09935005754232407,0.1396595686674118,0.01887509413063526
0.18,0.07035175879396985,0.135,0.043571854173629694,-0.06223117187619209,0.07424568384885788,0.006684296298772097
0.21409921671018278,0.06299212598425197,0.16187989556135768,0.025907534180890274,0.03918230161070824,0.22489158809185028,0.13175271451473236
0.3613861386138614,0.15920398009950248,0.24752475247524755,0.026741032865784036,0.15371915698051453,0.31624019145965576,0.23495088517665863
0.3157894736842105,0.1557632398753894,0.25386996904024767,0.09316507810566844,0.14998002350330353,0.2854297459125519,0.21809022128582
0.16438356164383564,0.034482758620689655,0.10273972602739725,0.0037951005759168234,-0.03758194297552109,0.12722615897655487,0.04501649737358093
0.1483375959079284,0.056555269922879174,0.11253196930946291,0.02118697016497243,-0.01466112770140171,0.22442007064819336,0.10350894927978516
0.14598540145985398,0.009779951100244499,0.0875912408759124,0.003000724081731141,-0.09678997844457626,-0.23833665251731873,-0.16671893000602722
0.12413793103448276,0.020833333333333336,0.09655172413793105,0.0035261734407322195,-0.08365456759929657,0.026829639449715614,-0.02735980972647667
0.26229508196721313,0.06593406593406594,0.14754098360655737,0.022079740058677532,0.04667046293616295,-0.15421603620052338,-0.05412948876619339
0.21991701244813278,0.07916666666666666,0.14107883817427389,0.023246406150461963,-0.05579860135912895,0.2759113609790802,0.10606618970632553
0.17109144542772864,0.05341246290801187,0.12979351032448377,0.03390886238665625,-0.00037179020000621676,0.10679186135530472,0.0541764572262764
0.38636363636363635,0.16,0.2443181818181818,0.1087438439780685,0.20924006402492523,0.19440089166164398,0.20310626924037933
0.20491803278688525,0.04132231404958678,0.13934426229508198,0.019677318727225602,0.0645270049571991,0.26480618119239807,0.16406527161598206
0.30601092896174864,0.11538461538461539,0.18579234972677597,0.07809821432030102,0.09845790266990662,0.19456325471401215,0.1474454700946808
0.26991150442477874,0.08888888888888889,0.16814159292035397,0.045994764020563975,0.005370263941586018,0.13368234038352966,0.07021989673376083
0.3304347826086957,0.15283842794759825,0.19999999999999998,0.08163042079944957,0.060290150344371796,0.326969712972641,0.19148512184619904
0.3529411764705882,0.08875739644970412,0.2058823529411765,0.03943248191130932,0.11493057757616043,0.11997906118631363,0.11888773739337921
0.19682539682539682,0.06389776357827476,0.12063492063492064,0.008535608270854552,-0.1321786791086197,0.07981259375810623,-0.026795458048582077
0.26885245901639343,0.0264026402640264,0.12459016393442622,0.00963861534590754,0.04941590875387192,0.19351977109909058,0.12187372148036957
0.1506849315068493,0.09655172413793103,0.13013698630136986,0.04574438773471682,-0.03123214654624462,0.23633208870887756,0.10046716034412384
0.09615384615384616,0.007722007722007722,0.06923076923076922,0.0032736251290777043,-0.1831408143043518,0.020540419965982437,-0.08167152851819992
0.4,0.211340206185567,0.26666666666666666,0.13464315066713378,0.12598487734794617,0.21918034553527832,0.17350423336029053
0.1407035175879397,0.05555555555555555,0.11055276381909547,0.023242737120798662,-0.08330683410167694,0.04680834338068962,-0.01745149865746498
0.13032581453634087,0.015113350125944584,0.08020050125313284,0.0026008226620536875,-0.24203471839427948,-0.10136042535305023,-0.17082726955413818
0.09177820267686423,0.03838771593090211,0.07648183556405354,0.012781726459442774,-0.2314378172159195,0.08168309181928635,-0.07815827429294586
0.17224880382775118,0.0673076923076923,0.12440191387559808,0.03735584527666058,-0.14549201726913452,0.16102099418640137,0.004639488644897938
0.23100303951367782,0.09174311926605504,0.1458966565349544,0.05580504505793542,0.020766835659742355,0.10006190091371536,0.06162852793931961
0.10677618069815195,0.008247422680412371,0.08624229979466119,0.002091637270909038,-0.22124701738357544,-0.3637298047542572,-0.291483998298645
0.06278026905829596,0.0,0.06278026905829596,0.002407600755534126,-0.13705050945281982,0.127149760723114,-0.006844985298812389
0.14885496183206107,0.03065134099616858,0.09541984732824428,0.010393079093123479,-0.1389271467924118,0.07370378077030182,-0.033230774104595184
0.08633093525179857,0.009638554216867469,0.05755395683453237,0.0037187694801704453,-0.18035221099853516,0.026075853034853935,-0.07757273316383362
0.2874251497005988,0.10240963855421686,0.18562874251497005,0.0706065098541066,0.07289741188287735,0.1727292686700821,0.1237490102648735
0.34074074074074073,0.04962779156327544,0.19753086419753088,0.04028872847940879,0.03851725533604622,0.04225732758641243,0.04194575175642967
0.11475409836065573,0.021978021978021976,0.0819672131147541,0.012503675355645595,-0.16786840558052063,0.16585427522659302,-0.005006777122616768
0.11926605504587155,0.02304147465437788,0.09174311926605504,0.004842842038835852,-0.11846205592155457,0.15963226556777954,0.018287433311343193
0.3097345132743363,0.1111111111111111,0.18141592920353983,0.060888981007814265,-0.05865229293704033,0.08839572221040726,0.015385148115456104
0.2590909090909091,0.0410958904109589,0.1272727272727273,0.025746020797706107,-0.06462888419628143,0.11151726543903351,0.023473262786865234
0.1226993865030675,0.012320328542094456,0.08179959100204498,0.0020061922328936353,-0.27192580699920654,0.0102215725928545,-0.13314346969127655
0.32346241457858765,0.13729977116704806,0.20045558086560364,0.06513573335819547,0.1238945797085762,0.14310909807682037,0.13489197194576263
0.3529411764705882,0.24299065420560745,0.2848297213622291,0.12979378551537613,0.046936482191085815,0.20486830174922943,0.12609577178955078
0.417233560090703,0.1184510250569476,0.23582766439909295,0.10124782208703821,0.10827160626649857,-0.0840265154838562,0.01185741275548935
0.20888888888888893,0.0625,0.14666666666666664,0.007180954628042061,-0.025258032605051994,0.0891098901629448,0.03284406289458275
0.17412935323383083,0.030000000000000002,0.08955223880597016,0.006995181357346661,-0.21763771772384644,-0.027534257620573044,-0.12263160943984985
0.12021857923497267,0.016483516483516484,0.09289617486338798,0.003139538968200555,-0.12785232067108154,0.029017778113484383,-0.048965904861688614
0.06263982102908278,0.0,0.04026845637583894,0.0012899337486879064,-0.33666011691093445,-0.10383719950914383,-0.2211298942565918
0.14285714285714285,0.019801980198019806,0.08866995073891626,0.002364221898017785,-0.16498181223869324,0.024751508608460426,-0.07021848857402802
0.1544885177453027,0.07127882599580712,0.12526096033402925,0.031143566844445487,-0.12475984543561935,0.27587246894836426,0.06907211989164352
0.18219461697722567,0.06237006237006237,0.12008281573498965,0.006916199378938384,-0.11661867052316666,0.15911158919334412,0.01901423931121826
0.1706666666666667,0.032171581769437,0.11199999999999999,0.014293104580682378,-0.09185835719108582,-0.028053879737854004,-0.05844089016318321
0.17032967032967034,0.06629834254143646,0.12087912087912087,0.026316475324954396,5.836858690599911e-05,0.23862740397453308,0.11796845495700836
0.15102974828375285,0.05517241379310344,0.10983981693363845,0.02078927423755012,-0.04805963486433029,0.1442997306585312,0.047817423939704895
0.209366391184573,0.08864265927977838,0.15977961432506885,0.05218280603900359,0.039237841963768005,0.2687000036239624,0.15276621282100677
0.13043478260869565,0.021834061135371178,0.0782608695652174,0.002369178496132395,-0.21699848771095276,-0.04119120165705681,-0.12886102497577667
0.25,0.06872852233676977,0.1643835616438356,0.033899087530414374,-0.04815974459052086,0.051556386053562164,0.002819998189806938
0.22818791946308725,0.06081081081081082,0.15436241610738258,0.04649576124161904,-0.007122736424207687,-0.2337467223405838,-0.12128252536058426
0.22754491017964074,0.01807228915662651,0.11976047904191615,0.004404238561639582,-0.01094181090593338,0.030043931677937508,0.011076218448579311
0.34725274725274724,0.1280353200883002,0.2153846153846154,0.0437707809507781,0.01676381193101406,0.2571427524089813,0.1355174332857132
0.35913312693498456,0.17445482866043613,0.24767801857585137,0.10089127056116748,0.14725686609745026,0.17302462458610535,0.16147306561470032
0.2335329341317365,0.048192771084337345,0.11976047904191617,0.003983971379289923,-0.03343671187758446,0.13884317874908447,0.05276098474860191
0.17427385892116184,0.08333333333333333,0.12448132780082986,0.0455186210462752,-0.0720544308423996,0.15120655298233032,0.038640864193439484
0.35672514619883033,0.18235294117647058,0.19883040935672514,0.08046317683729128,0.13064447045326233,0.27779069542884827,0.20446206629276276
0.10062893081761005,0.006329113924050633,0.06289308176100629,0.002111377114978817,-0.17488501965999603,0.12675607204437256,-0.02701759710907936
0.142620232172471,0.07321131447587355,0.10613598673300166,0.043668118887698774,-0.10936575382947922,0.163259357213974,0.02479514852166176
0.15873015873015872,0.026595744680851064,0.09523809523809525,0.006028250584590435,-0.12522892653942108,0.026284903287887573,-0.04893588647246361
0.20754716981132074,0.09478672985781991,0.16037735849056606,0.040116794258397266,-0.04704543575644493,0.1946049928665161,0.0723801925778389
0.12470023980815348,0.00963855421686747,0.07194244604316548,0.002173567504372238,-0.11705802381038666,0.044474825263023376,-0.03593352437019348
0.1380952380952381,0.04784688995215311,0.0857142857142857,0.016826717160756264,-0.13520464301109314,0.23440004885196686,0.044309817254543304
0.2156862745098039,0.02631578947368421,0.13071895424836602,0.00849059021350923,-0.1112109050154686,0.017708856612443924,-0.04589587077498436
0.06736842105263158,0.004228329809725159,0.05052631578947368,0.0012661804131091621,-0.29685449600219727,0.008603991009294987,-0.14711950719356537
0.1676413255360624,0.04696673189823875,0.1208576998050682,0.006601097899728726,-0.157877117395401,0.1365344226360321,-0.013415563851594925
0.30079155672823216,0.08488063660477453,0.18997361477572558,0.057883150725253525,0.08975496888160706,-0.0045987702906131744,0.043685074895620346
0.3006012024048096,0.13682092555331993,0.2084168336673347,0.07095608337191144,0.056491948664188385,0.2311663031578064,0.14372491836547852
0.11343283582089551,0.012012012012012014,0.07761194029850746,0.0026486277180121473,-0.11840581148862839,-0.01071218866854906,-0.06342082470655441
0.2950257289879932,0.08605851979345956,0.15780445969125215,0.0628505332034762,-0.08137323707342148,-0.10475405305624008,-0.09131637960672379
0.10784313725490197,0.0049261083743842365,0.06862745098039216,0.0016371214444252215,-0.2623883783817291,0.048235975205898285,-0.11025857925415039
0.1423487544483986,0.028673835125448036,0.09964412811387899,0.007235871807764288,-0.07053366303443909,0.11308709532022476,0.021173471584916115
0.19960861056751467,0.07072691552062868,0.13307240704500978,0.026633686656605995,-0.09340672194957733,0.07690569013357162,-0.008077873848378658
0.271264367816092,0.11085450346420324,0.15632183908045977,0.05749879152022397,0.05679192766547203,-0.06132165715098381,-0.0013451939448714256
0.11846689895470383,0.014035087719298246,0.08362369337979093,0.006885355602069692,-0.2037583738565445,-0.09387879818677902,-0.14757932722568512
0.16111111111111112,0.0335195530726257,0.1,0.006386913245676779,-0.03523304685950279,0.05497937649488449,0.011073039844632149
0.08620689655172413,0.04844290657439446,0.06896551724137931,0.04614640629642279,-0.0879473090171814,-0.554507851600647,-0.33087074756622314
0.13903743315508021,0.06451612903225806,0.10160427807486633,0.007125260839927532,-0.07297311723232269,0.2850084602832794,0.10113322734832764
0.19815668202764974,0.06481481481481481,0.1382488479262673,0.0077328542758792135,-0.13720262050628662,0.1219528391957283,-0.00938351359218359
0.22222222222222224,0.05111821086261981,0.13968253968253969,0.004642856859181578,0.024776581674814224,0.1018184944987297,0.064524807035923
0.15333333333333332,0.013422818791946308,0.08666666666666667,0.0031926985503789086,-0.08382578194141388,0.04485224932432175,-0.018667789176106453
0.15258855585831063,0.016438356164383564,0.11444141689373297,0.002082800045730496,-0.19424746930599213,0.11293428391218185,-0.04377089440822601
0.21855670103092784,0.04554865424430642,0.1154639175257732,0.029710150785587544,-0.10676711052656174,0.08488748222589493,-0.01115497387945652
0.23225806451612904,0.11038961038961038,0.16774193548387098,0.06411644427879278,0.05604339390993118,0.2326250523328781,0.14419637620449066
0.3263157894736843,0.1164021164021164,0.1736842105263158,0.0703379910637824,0.051613397896289825,0.14248371124267578,0.09810768812894821
0.27672955974842767,0.13052631578947368,0.18867924528301888,0.07033908686354573,0.06801390647888184,0.1809293031692505,0.1252676099538803
0.16577540106951874,0.021505376344086023,0.10695187165775401,0.002825974092101685,-0.12344673275947571,-0.002320785541087389,-0.061905406415462494
0.13999999999999999,0.015075376884422112,0.095,0.0028554094395018847,-0.15262500941753387,0.07071763277053833,-0.041800957173109055
0.32085561497326204,0.12365591397849462,0.17647058823529413,0.08517759170564684,0.05467049404978752,0.06533359736204147,0.06152399256825447
0.08365019011406843,0.007662835249042145,0.0532319391634981,0.002175194887831912,-0.12037336081266403,-0.5369030237197876,-0.335891991853714
0.14285714285714285,0.046153846153846156,0.1020408163265306,0.006218102981317417,-0.09254074096679688,0.1577327698469162,0.031026691198349
0.21413276231263384,0.07311827956989247,0.16702355460385437,0.026520246312330988,-0.006998924072831869,-0.05950174480676651,-0.031712885946035385
0.29154518950437314,0.18768328445747798,0.22157434402332363,0.10199892211546784,0.14110729098320007,0.37822896242141724,0.2581748068332672
0.19078947368421054,0.046357615894039736,0.125,0.007032059519815545,0.10883689671754837,0.2311609983444214,0.1706189066171646
0.2941176470588235,0.18518518518518517,0.21323529411764708,0.0617243892493768,0.17221598327159882,0.443744033575058,0.30560022592544556
0.22465753424657534,0.05509641873278237,0.13698630136986303,0.02288897960158882,0.045895397663116455,0.14206348359584808,0.09499456733465195
0.13636363636363638,0.008298755186721992,0.08264462809917356,0.001803091757200026,-0.1910853087902069,-0.04367859289050102,-0.11668860167264938
0.3296703296703297,0.13812154696132597,0.16483516483516486,0.08437380030413526,0.13031865656375885,-0.04305674508213997,0.04367377609014511
0.2046783625730994,0.047058823529411764,0.13450292397660818,0.02790714444646132,-0.05211678147315979,0.1516639143228531,0.049242787063121796
0.16666666666666666,0.07096774193548387,0.1217948717948718,0.039265573150568445,-0.04286447539925575,0.08439368009567261,0.021542880684137344
0.1183431952662722,0.017857142857142856,0.07692307692307691,0.005555359565307615,-0.11293613910675049,0.01841489039361477,-0.046436913311481476
0.4,0.14035087719298248,0.22524271844660193,0.05863664394454867,0.08644706010818481,0.17533232271671295,0.13191446661949158
0.22393822393822396,0.07003891050583658,0.14671814671814673,0.012611692988361586,-0.004487659782171249,0.1868605613708496,0.09084950387477875
0.22920517560073936,0.07050092764378478,0.14787430683918668,0.03140708807766447,-0.005218151491135359,-0.09658974409103394,-0.04962525889277458
0.17708333333333334,0.031413612565445025,0.109375,0.003439180587493351,-0.15123088657855988,0.061771947890520096,-0.04534246399998665
0.23404255319148937,0.12393162393162392,0.16595744680851063,0.06030741099617915,-0.07346871495246887,0.21369832754135132,0.06751997768878937
0.26823529411764707,0.04728132387706856,0.1223529411764706,0.00783438058660442,0.003491502720862627,0.1911473423242569,0.09704361110925674
0.10880829015544041,0.0,0.07772020725388601,0.002404590026799266,-0.18987973034381866,-0.05712365359067917,-0.12258710712194443
0.1549636803874092,0.0535279805352798,0.12590799031476999,0.021762778421923354,-0.1502007693052292,0.061418578028678894,-0.044974468648433685
0.25846153846153846,0.024767801857585137,0.14769230769230768,0.004490502300268548,-0.044676024466753006,-0.00884134043008089,-0.02515466697514057
0.19199999999999998,0.058981233243967826,0.11733333333333333,0.006783592344711288,-0.0640830472111702,0.03887855261564255,-0.011492243967950344
0.19020172910662825,0.057971014492753624,0.1440922190201729,0.02526061751749298,0.004556640982627869,0.24998584389686584,0.12572459876537323
0.1945288753799392,0.06116207951070336,0.1398176291793313,0.004800850430960918,0.03567912429571152,-0.19618827104568481,-0.0812692791223526
0.20093457943925233,0.04225352112676056,0.11682242990654204,0.007531220297084406,-0.13443134725093842,-0.015743564814329147,-0.07406124472618103
0.26273458445040215,0.08625336927223719,0.1554959785522788,0.04209276203495574,0.011552027426660061,0.13340537250041962,0.07324861735105515
0.016806722689075633,0.0,0.016806722689075633,0.0006490006005592684,-0.35767456889152527,-0.16882343590259552,-0.26309719681739807
0.36253776435045315,0.0851063829787234,0.18731117824773416,0.03983890412484454,0.06043766438961029,0.19194640219211578,0.12676219642162323
0.272,0.0642570281124498,0.172,0.024128090430479282,-0.009516555815935135,0.009139176458120346,0.0014190047513693571
0.29765013054830286,0.1994750656167979,0.23498694516971283,0.10706892602709515,0.0880233645439148,0.372700959444046,0.22770258784294128
0.23399558498896245,0.07982261640798226,0.15894039735099338,0.04951746600817084,-0.07220371067523956,-0.12972770631313324,-0.09934940189123154
0.4558139534883721,0.191588785046729,0.22325581395348837,0.13320379162354928,0.14742843806743622,0.19776445627212524,0.1738182008266449
0.21103117505995206,0.0963855421686747,0.16786570743405277,0.052831276038887924,0.002794263418763876,0.15548449754714966,0.07947839051485062
0.36758893280632404,0.18253968253968253,0.24901185770750986,0.08610218866735231,0.07311072200536728,-0.005066747777163982,0.03528229147195816
0.26666666666666666,0.18120805369127516,0.22000000000000003,0.0797641988223982,0.15989986062049866,0.37472638487815857,0.266294002532959
0.17659137577002054,0.020618556701030927,0.10266940451745381,0.0033215052436168908,-0.12100622057914734,-0.027286650612950325,-0.07284989953041077
0.37994722955145116,0.17506631299734746,0.23218997361477572,0.06719647486919639,0.15004512667655945,0.2885587811470032,0.21964414417743683
0.11133200795228629,0.023952095808383235,0.09145129224652086,0.003946445417347033,-0.25480788946151733,-0.06050879880785942,-0.1577450931072235
0.33125000000000004,0.15723270440251574,0.2125,0.07865087939515704,0.1031457856297493,0.25671476125717163,0.18011543154716492
0.39913232104121477,0.15686274509803924,0.15184381778741865,0.11335677961871632,0.08574416488409042,0.23110651969909668,0.15876078605651855
0.33410672853828305,0.13986013986013987,0.21809744779582368,0.07722991322267016,0.09780417382717133,0.11764978617429733,0.10915742069482803
0.2131979695431472,0.0816326530612245,0.1370558375634518,0.0356172612340506,-0.10937247425317764,0.10357261449098587,-0.003560225712135434
0.2360655737704918,0.04620462046204621,0.12459016393442623,0.010586622953570794,0.006958596874028444,0.22538891434669495,0.11525723338127136
0.12403100775193798,0.0234375,0.09302325581395347,0.0025434407266564435,-0.17774154245853424,0.043512340635061264,-0.06788549572229385
0.25753424657534246,0.0771349862258953,0.13698630136986303,0.057900361689920174,-0.04597322270274162,0.05594433844089508,0.00607968308031559
0.27507163323782235,0.12103746397694526,0.15472779369627507,0.05386331461049065,0.04558975622057915,0.23654751479625702,0.1406753659248352
0.3536345776031434,0.14595660749506906,0.22789783889980353,0.09522160559347927,0.016752492636442184,0.06985879689455032,0.04472019150853157
0.23357664233576644,0.09558823529411764,0.17518248175182483,0.05920086193109502,0.09728628396987915,-0.2781529128551483,-0.09593326598405838
0.16400911161731208,0.041189931350114416,0.1093394077448747,0.006583813966850171,-0.14807403087615967,0.17935098707675934,0.011840460821986198
0.17008797653958943,0.08259587020648967,0.12903225806451615,0.030390376696257528,-0.14128488302230835,0.24237264692783356,0.04472619667649269
0.0293398533007335,0.004914004914004915,0.02444987775061125,0.0011496512647023616,-0.3275769054889679,-0.0056496853940188885,-0.17013436555862427
0.1849462365591398,0.0691144708423326,0.12473118279569892,0.031297833495274326,-0.08314552158117294,-0.030582301318645477,-0.055286798626184464
0.17391304347826086,0.029197080291970802,0.10869565217391304,0.008556354162127371,0.035279035568237305,0.3064459264278412,0.16862106323242188
0.23218997361477572,0.03713527851458886,0.11609498680738786,0.017262244998282734,-0.07125460356473923,0.12322165071964264,0.02566816471517086
0.3352601156069364,0.09302325581395349,0.1907514450867052,0.047665330655210204,0.1375722885131836,0.20829801261425018,0.17403610050678253
0.25954198473282447,0.061302681992337155,0.13740458015267173,0.017468698389726034,-0.06071995571255684,0.15965348482131958,0.04858449101448059
0.3,0.04761904761904762,0.15263157894736842,0.011195512634836449,0.12257722020149231,0.08061520010232925,0.10296755284070969
0.1863799283154122,0.07220216606498195,0.14336917562724016,0.02016104968484936,-0.048288509249687195,0.13449519872665405,0.042987581342458725
0.17821782178217824,0.053156146179401995,0.13861386138613863,0.015447907791670224,0.00786667037755251,0.410806268453598,0.2027527540922165
0.1318181818181818,0.0182648401826484,0.08636363636363636,0.00507174618373152,-0.14530064165592194,0.09459579735994339,-0.026606516912579536
0.10734463276836158,0.017045454545454544,0.07344632768361582,0.002489720335865807,-0.19713547825813293,0.14762580394744873,-0.029123501852154732
0.19727891156462588,0.09589041095890412,0.163265306122449,0.02497433729968654,0.0015625094529241323,0.20516933500766754,0.10277401655912399
0.22222222222222224,0.08244274809160305,0.1461187214611872,0.019719034465578607,0.024277441203594208,0.19988220930099487,0.11200178414583206
0.11527377521613832,0.02898550724637681,0.06916426512968299,0.005473978184962261,-0.1364745944738388,-0.39453426003456116,-0.2670148015022278
0.19314641744548286,0.031347962382445145,0.13084112149532712,0.004569220025929691,-0.04089267924427986,0.12418342381715775,0.041839804500341415
0.2931937172774869,0.042105263157894736,0.16230366492146597,0.01125171204383254,0.0235908143222332,0.1460803747177124,0.0855792686343193
0.1904761904761905,0.033802816901408454,0.10644257703081234,0.0031764526997558255,-0.12142965197563171,0.16817612946033478,0.02074473351240158
0.20069204152249134,0.0,0.10380622837370242,0.003433686297531819,-0.07209157198667526,0.11021272838115692,0.018984220921993256
0.21449275362318843,0.07580174927113703,0.12753623188405797,0.04737505959381552,-0.04034047573804855,0.08295119553804398,0.022133013233542442
0.21606648199445982,0.027855153203342618,0.12188365650969528,0.008113574337415226,-0.08746833354234695,-0.019322900101542473,-0.05191975459456444
0.22102425876010784,0.059620596205962065,0.14555256064690025,0.02994720329286958,-0.04287862405180931,0.1807924062013626,0.06797944009304047
0.26566416040100255,0.060453400503778336,0.14536340852130325,0.020796287083159698,-0.012104230001568794,0.1928374320268631,0.08976282179355621
0.33819241982507287,0.0879765395894428,0.2099125364431487,0.062484853745614674,0.08399593830108643,0.17911186814308167,0.13252155482769012
0.20503597122302158,0.06498194945848376,0.1223021582733813,0.017465333858454165,-0.064316526055336,0.13533954322338104,0.035081345587968826
0.1529745042492918,0.017094017094017092,0.09631728045325778,0.003392873823095862,-0.11785608530044556,-0.04178085923194885,-0.0783592239022255
0.41263940520446096,0.10074626865671642,0.1970260223048327,0.044925696940079744,0.04137872904539108,0.15103110671043396,0.09707927703857422
0.41720430107526885,0.23758099352051837,0.2279569892473118,0.12191419726564916,0.18593119084835052,0.28436291217803955,0.23592419922351837
0.19047619047619047,0.04790419161676647,0.11309523809523811,0.011276178690010605,-0.028313009068369865,0.08165904134511948,0.027648696675896645
0.2828282828282828,0.10659898477157359,0.17676767676767677,0.061816270321097315,0.15142934024333954,0.17507623136043549,0.16458548605442047
0.12825651302605212,0.028169014084507043,0.0841683366733467,0.005747766646188965,-0.21593476831912994,-0.140910342335701,-0.17680099606513977
0.10116731517509726,0.007812500000000002,0.07782101167315175,0.00330600535721484,-0.16754932701587677,0.07576386630535126,-0.04720998555421829
0.29723991507431,0.03411513859275054,0.14012738853503182,0.011465831292443471,-0.050448499619960785,-0.014222903177142143,-0.03072403185069561
0.20673076923076922,0.07246376811594203,0.1201923076923077,0.01117088815258514,0.037868477404117584,0.29373589158058167,0.1639593243598938
0.09109730848861285,0.02079002079002079,0.05383022774327122,0.002047088268387813,-0.19618885219097137,0.09799155592918396,-0.051808152347803116
0.17521367521367523,0.030042918454935626,0.10256410256410256,0.005599573504691567,-0.1323689967393875,0.035926368087530136,-0.04796045273542404
0.13483146067415733,0.011299435028248588,0.09550561797752809,0.0026361265320656137,-0.18475037813186646,0.15929552912712097,-0.01707608811557293
0.25692695214105793,0.0810126582278481,0.12594458438287154,0.031357227047587075,-0.028692936524748802,0.06672868877649307,0.02015530690550804
0.3736842105263158,0.17989417989417988,0.2210526315789474,0.08191537153621431,0.16670846939086914,0.3138101100921631,0.24045315384864807
0.26959247648902823,0.1829652996845426,0.24451410658307204,0.0713838526369308,0.14031349122524261,0.5045679807662964,0.31724998354911804
0.2555066079295154,0.10619469026548672,0.14977973568281938,0.03937838448151953,-0.059778984636068344,0.24237512052059174,0.08824776113033295
0.18181818181818182,0.04761904761904762,0.11462450592885375,0.025240536522161627,-0.13798122107982635,0.09898905456066132,-0.020685402676463127
0.19638242894056848,0.14545454545454545,0.14987080103359174,0.06313633823837375,-0.0012130053946748376,0.5056783556938171,0.24109484255313873
0.11111111111111112,0.07647058823529411,0.11111111111111112,0.03075428942622325,-0.144436776638031,0.4123081862926483,0.12009236961603165
0.25,0.09580838323353293,0.17857142857142858,0.04140489475794336,0.10523396730422974,0.283799409866333,0.19427792727947235
0.15141955835962145,0.05714285714285715,0.10725552050473186,0.031107463527995496,-0.09148196876049042,0.20172052085399628,0.05236120522022247
0.19999999999999998,0.041237113402061855,0.11282051282051284,0.009001861388393062,-0.05232832208275795,0.037198714911937714,-0.006331840995699167
0.13533834586466165,0.005037783375314861,0.09523809523809523,0.002162006398183317,-0.2351861447095871,-0.046498481184244156,-0.14083746075630188
0.19421487603305781,0.07053941908713693,0.1322314049586777,0.03351546058468827,-0.0693238377571106,0.06626318395137787,-0.0008299305918626487
0.27419354838709675,0.10270270270270271,0.15053763440860218,0.04599983719817998,0.09452138096094131,-0.07721272110939026,0.008771483786404133
0.24884792626728108,0.08372093023255814,0.20276497695852536,0.05240503504581874,0.14132662117481232,0.3631737530231476,0.2511020302772522
0.31499999999999995,0.07537688442211056,0.15999999999999998,0.009466587877668345,0.09700611233711243,0.20066535472869873,0.14969369769096375
0.2837837837837837,0.054298642533936646,0.14414414414414414,0.020220219982056684,0.03480324149131775,0.1679776906967163,0.10197480767965317
0.09775967413441955,0.016359918200408996,0.06109979633401221,0.0030476022296789863,-0.20397309958934784,0.0581059493124485,-0.07471000403165817
0.3363636363636363,0.1415525114155251,0.1818181818181818,0.05627551901377265,0.04507505148649216,0.33541417121887207,0.18746119737625122
0.28668941979522183,0.16494845360824742,0.19795221843003413,0.07776429051219656,0.14904825389385223,0.2698145806789398,0.21001094579696655
0.19076923076923075,0.05572755417956657,0.12923076923076923,0.019734230973457247,0.04838331416249275,0.2219284325838089,0.13508233428001404
0.09497206703910614,0.04494382022471911,0.08938547486033518,0.01588733302884674,-0.1812404841184616,-0.022329911589622498,-0.10129567980766296
0.1735357917570499,0.013071895424836602,0.08676789587852494,0.0020882524489484735,-0.15044768154621124,-0.11729323118925095,-0.13208504021167755
0.2566844919786096,0.0913978494623656,0.1657754010695187,0.053247759738636255,-0.012120149098336697,0.05436248332262039,0.02249041385948658
0.3085714285714286,0.16091954022988503,0.2228571428571428,0.08217631798857046,0.14619845151901245,0.24006494879722595,0.19401587545871735
0.1580135440180587,0.018140589569160995,0.09932279909706547,0.0031699430066517366,-0.16621923446655273,0.021329225972294807,-0.07250308990478516
0.1729490022172949,0.08908685968819599,0.0975609756097561,0.03946210320830387,-0.116258904337883,0.16673611104488373,0.02279907651245594
0.12256267409470752,0.028011204481792715,0.0947075208913649,0.0026432155256547285,-0.22431296110153198,0.039719000458717346,-0.0941091850399971
0.12790697674418602,0.01754385964912281,0.0813953488372093,0.012253643337647068,-0.06591971218585968,0.06447157263755798,4.4851571146864444e-05
0.28306264501160094,0.0979020979020979,0.18097447795823665,0.04146720535068087,0.001679954119026661,0.04515645280480385,0.024910632520914078
0.32489451476793246,0.12711864406779663,0.19409282700421943,0.061525584457391494,0.12825028598308563,0.2583461403846741,0.19378773868083954
0.06920415224913495,0.04181184668989548,0.06920415224913495,0.015324525406890225,-0.12773558497428894,0.1667700707912445,0.016747646033763885
0.31309904153354634,0.1414790996784566,0.19808306709265175,0.07338145321761423,0.12681937217712402,0.18542195856571198,0.15732482075691223
0.10762331838565022,0.022522522522522525,0.07174887892376682,0.014272388086532552,-0.18618129193782806,0.10853289067745209,-0.04155692085623741
0.33948339483394835,0.09259259259259259,0.16974169741697417,0.062327002746397124,-0.05327990651130676,0.04929113760590553,-0.0008966782479546964
0.10126582278481013,0.019108280254777066,0.07594936708860758,0.00238706091478442,-0.24443349242210388,0.1112622320652008,-0.07133059203624725
0.03932584269662921,0.01129943502824859,0.03932584269662921,0.0017209753983075512,-0.2515873610973358,0.12153615057468414,-0.07042155414819717
0.1645244215938303,0.03617571059431525,0.09254498714652956,0.007459599925757212,-0.06606297940015793,0.14500895142555237,0.03880331665277481
0.049107142857142856,0.0,0.03571428571428571,0.0012643319075401672,-0.3534129559993744,0.06184092164039612,-0.15290111303329468
0.23419203747072598,0.04705882352941176,0.12646370023419204,0.004097937614927152,-0.14070826768875122,0.052749499678611755,-0.04418833181262016
0.1775147928994083,0.04761904761904761,0.1301775147928994,0.009843687377855792,-0.050506867468357086,0.199013814330101,0.07266131043434143
0.3050847457627119,0.11678832116788321,0.19370460048426152,0.05479604842195761,0.06392315775156021,-0.11866780370473862,-0.027403250336647034
0.1546961325966851,0.049999999999999996,0.11602209944751384,0.015107526832811833,-0.08326367288827896,0.28266963362693787,0.0945354551076889
0.23859649122807017,0.12014134275618372,0.17543859649122806,0.046732888703096276,0.030765198171138763,0.4590036869049072,0.23728422820568085
0.26735218508997427,0.103359173126615,0.17480719794344474,0.04482415023886369,0.10316488891839981,0.20693618059158325,0.15589769184589386
0.3177570093457944,0.16300940438871472,0.22429906542056074,0.07295598476765967,0.0613623671233654,0.3752308189868927,0.21480229496955872
0.19913419913419914,0.030434782608695653,0.11255411255411256,0.0033772238768859084,-0.12364447861909866,-0.23632784187793732,-0.1787388026714325
0.2485549132947977,0.03488372093023256,0.12716763005780346,0.0071765688408772475,0.035276204347610474,0.10853289067745209,0.07314620167016983
0.45702306079664573,0.13473684210526315,0.22641509433962265,0.06915337077547624,0.13570909202098846,0.1273128241300583,0.13291814923286438
0.13486842105263158,0.07920792079207921,0.10855263157894737,0.045126312928874326,-0.012216368690133095,0.21402835845947266,0.09983500093221664
0.16,0.018575851393188854,0.11692307692307691,0.003338921428228672,0.021908029913902283,0.12419545650482178,0.07403898984193802
0.17275747508305647,0.00668896321070234,0.10631229235880399,0.0032409821824692406,-0.0826757401227951,0.09532836079597473,0.006344554480165243
0.37168141592920356,0.11869436201780417,0.20058997050147492,0.04377979797891157,0.1712912917137146,0.11174187809228897,0.14273570477962494
0.0488997555012225,0.0,0.039119804400977995,0.001760012890500353,-0.3379856050014496,-0.0009529334492981434,-0.173509880900383
0.25280898876404495,0.022598870056497175,0.11797752808988765,0.004031100750833861,-0.09910207986831665,0.034974850714206696,-0.03129827231168747
0.12499999999999999,0.041916167664670656,0.1011904761904762,0.0031462971748150216,-0.09892343729734421,0.22839416563510895,0.060913730412721634
0.15754923413566738,0.039560439560439566,0.09628008752735229,0.0045927569899148575,-0.10787894576787949,0.10214003175497055,-0.0034673442132771015
0.10552763819095477,0.04040404040404041,0.06532663316582914,0.01250408391515927,-0.1984723061323166,0.23981910943984985,0.012599405832588673
0.014925373134328356,0.0,0.014925373134328356,0.0007304864585313446,-0.2399154156446457,0.044669728726148605,-0.10001122951507568
0.0308641975308642,0.006211180124223603,0.02469135802469136,0.0029197235853871783,-0.28119897842407227,0.17932835221290588,-0.060055192559957504
0.26282051282051283,0.04516129032258065,0.14102564102564102,0.009569554063803241,0.044216856360435486,0.2058449387550354,0.12516731023788452
0.17857142857142858,0.07623318385650225,0.12946428571428573,0.027549341510934376,-0.013902336359024048,0.2766149342060089,0.12861628830432892
0.2434782608695652,0.04664723032069971,0.1101449275362319,0.0045790402064678735,0.006100401747971773,0.04031927138566971,0.024738643318414688
0.22222222222222224,0.045845272206303724,0.14814814814814817,0.02412110161236026,-0.003828979330137372,0.05689055100083351,0.02792840078473091
0.28488372093023256,0.08771929824561404,0.16279069767441862,0.027691464857504438,0.11194635182619095,0.19714048504829407,0.15556290745735168
0.08562691131498472,0.024615384615384615,0.07339449541284404,0.005135275208293308,-0.23060934245586395,0.009570366702973843,-0.11169382929801941
0.19047619047619047,0.024,0.11904761904761905,0.004209787391547819,-0.023282699286937714,0.16747574508190155,0.07179465144872665
0.26282051282051283,0.06451612903225806,0.14102564102564102,0.02055170714057912,0.028666051104664803,0.08749407529830933,0.05943892523646355
0.35193133047210307,0.06896551724137931,0.14163090128755362,0.029109979549349654,0.0031299712136387825,0.06706507503986359,0.03646150231361389
0.30690537084398983,0.14910025706940874,0.17391304347826086,0.04177044780417012,0.041940838098526,0.20889192819595337,0.12546643614768982
0.1760722347629797,0.013605442176870751,0.10835214446952596,0.00478350555244343,-0.06753245741128922,0.09656108915805817,0.014761463738977909
0.34912718204488774,0.08521303258145363,0.19451371571072318,0.047490709372407264,0.2119278460741043,0.18300318717956543,0.19872847199440002
0.3194675540765391,0.08681135225375626,0.17970049916805325,0.03094744338212602,0.028315840288996696,0.17616994678974152,0.10262180119752884
0.24750499001996007,0.1002004008016032,0.17964071856287425,0.05461559702325398,0.01931292749941349,-0.11693773418664932,-0.04806004464626312
0.125,0.022813688212927754,0.07954545454545456,0.004125794147363681,-0.19325272738933563,-0.03692493215203285,-0.11453855037689209
0.1749502982107356,0.07984031936127745,0.147117296222664,0.04706098782255042,-0.08249320834875107,0.04818574711680412,-0.01636446639895439
0.12,0.06030150753768843,0.095,0.014145712415013709,-0.15044203400611877,0.10504552721977234,-0.024346986785531044
0.16939890710382513,0.03296703296703297,0.11475409836065573,0.006978679195647471,0.02025354653596878,0.1724986433982849,0.0966978669166565
0.22295081967213112,0.033003300330033,0.13114754098360656,0.007045479869147405,-0.010189739987254143,0.05867544189095497,0.025590822100639343
0.18674698795180725,0.012121212121212123,0.0963855421686747,0.0025348611196174993,-0.12175934761762619,0.008520512841641903,-0.05576815828680992
0.2689075630252101,0.09014084507042253,0.1680672268907563,0.023492954272331706,-0.012627070769667625,0.12788480520248413,0.058176372200250626
0.09467455621301774,0.005952380952380953,0.07100591715976332,0.0020925851179606674,-0.18662630021572113,0.07104837149381638,-0.05946188047528267
0.22278481012658227,0.0916030534351145,0.1569620253164557,0.027609707543523033,-0.017063790932297707,0.09600114822387695,0.04039078205823898
0.33409610983981697,0.09195402298850576,0.20594965675057209,0.07564698615316351,0.04656822606921196,0.12570726871490479,0.08731293678283691
0.1722846441947566,0.10526315789473684,0.14606741573033707,0.05170343762318611,-0.07233778387308121,0.3429403603076935,0.1282263994216919
0.2692307692307693,0.07719298245614035,0.16083916083916083,0.01967789863204837,-0.07001364976167679,0.04804602637887001,-0.010044985450804234
0.24742268041237114,0.08808290155440415,0.17010309278350516,0.03625344721268938,-0.009891176596283913,0.2699192762374878,0.12757587432861328
0.20454545454545456,0.0502283105022831,0.12727272727272726,0.017940928448627585,-0.08340305089950562,0.08903312683105469,0.0029361885972321033
0.021447721179624665,0.005390835579514826,0.021447721179624665,0.002742716649419731,-0.35271430015563965,0.19227926433086395,-0.09372000396251678
0.1511879049676026,0.05206073752711496,0.11663066954643628,0.013498355410029876,-0.06923964619636536,0.25437167286872864,0.08884848654270172
0.08333333333333333,0.0,0.05555555555555555,0.0015168975394960996,-0.03821586072444916,0.22485974431037903,0.09136547148227692
0.20121951219512196,0.0736196319018405,0.14634146341463414,0.018890915159574063,0.010664117522537708,0.18243546783924103,0.09655766189098358
0.14463840399002495,0.02506265664160401,0.08478802992518704,0.00523977657395554,-0.11264889687299728,0.042449045926332474,-0.03463953733444214
0.38383838383838387,0.22372881355932203,0.2828282828282829,0.10524604707184383,0.1867218166589737,0.2417762577533722,0.2153797149658203
0.16556291390728478,0.06,0.1324503311258278,0.02748306214506331,-0.08050938695669174,-0.36132094264030457,-0.22311395406723022
0.2708333333333333,0.07853403141361257,0.16666666666666666,0.0442758806946229,0.13769927620887756,-0.042790744453668594,0.047365374863147736
0.3668341708542714,0.1919191919191919,0.221105527638191,0.07046907155993185,0.18436479568481445,0.40936413407325745,0.29559656977653503
0.24456521739130435,0.12021857923497269,0.16847826086956522,0.04392842570994799,0.019242530688643456,0.16098631918430328,0.09059805423021317
0.32160804020100503,0.0909090909090909,0.18592964824120606,0.042583610337298725,0.07817181199789047,0.18355818092823029,0.13173224031925201
0.015189873417721518,0.0,0.010126582278481013,0.0006220250391675484,-0.4401405453681946,0.007138865068554878,-0.22509555518627167
0.12987012987012986,0.0588235294117647,0.11688311688311688,0.03517700627840333,-0.12687845528125763,0.06391091644763947,-0.03165567293763161
0.09245742092457421,0.004889975550122249,0.072992700729927,0.0015851667685939182,-0.2874649465084076,-0.012625129893422127,-0.15210968255996704
0.2148337595907928,0.09768637532133675,0.14833759590792842,0.05035316603291833,-0.025417927652597427,0.14673158526420593,0.06070642173290253
0.31446540880503143,0.12658227848101267,0.20754716981132074,0.08813958237520482,0.1299426257610321,0.09913761913776398,0.11593106389045715
0.12135922330097086,0.01951219512195122,0.07766990291262137,0.00655605343889857,-0.1231234073638916,0.02371085062623024,-0.04909869655966759
0.05347593582887701,0.005376344086021505,0.03743315508021391,0.0016160992166746678,-0.2881055772304535,0.024717550724744797,-0.13493259251117706
0.2590673575129534,0.11458333333333331,0.17098445595854922,0.06960675265372936,0.10752201080322266,-0.06634100526571274,0.020655030384659767
0.3448275862068966,0.1776061776061776,0.24521072796934867,0.0702883631877012,0.1793387234210968,0.277317076921463,0.22911982238292694
0.2120481927710843,0.07748184019370459,0.13012048192771083,0.03170624748531279,0.0406135693192482,0.05220794677734375,0.04795374348759651
0.0646900269541779,0.0,0.0431266846361186,0.0009284227503330686,-0.21981999278068542,0.09418193995952606,-0.06613558530807495
0.3326226012793177,0.1284796573875803,0.18763326226012794,0.08323063877033958,0.11764312535524368,0.16430461406707764,0.14226387441158295
0.1769911504424779,0.017804154302670624,0.10619469026548672,0.0036857742923413496,-0.07301485538482666,0.09500329196453094,0.011180401779711246
0.2251655629139073,0.04666666666666667,0.11920529801324503,0.011959186901351214,-0.01628129929304123,0.12062637507915497,0.052777938544750214
0.1509433962264151,0.02843601895734597,0.08018867924528301,0.003025146224659188,-0.11171853542327881,0.13334877789020538,0.009397286921739578
0.3717277486910995,0.14210526315789473,0.19895287958115185,0.0688112402924397,0.15276792645454407,0.2438349425792694,0.1992027759552002
0.22183098591549294,0.08127208480565372,0.13380281690140844,0.026798006314655447,-0.04395579174160957,0.1419849544763565,0.048832762986421585
0.15135135135135136,0.021739130434782605,0.0972972972972973,0.003166872114724483,-0.05756593123078346,0.2480332851409912,0.0920763909816742
0.2523900573613767,0.04606525911708253,0.13001912045889102,0.006839672507853113,-0.10024751722812653,0.02968384139239788,-0.03445659950375557
0.19021739130434784,0.07650273224043716,0.14130434782608695,0.048576810943830304,0.003719670930877328,0.14115440845489502,0.07300563901662827
0.27469879518072293,0.13559322033898302,0.17349397590361448,0.0635630845196551,0.10571647435426712,0.20864112675189972,0.15803150832653046
0.12523020257826886,0.018484288354898338,0.07366482504604052,0.0042181287442015275,-0.23343579471111298,-0.1296612024307251,-0.18019135296344757
0.0804289544235925,0.005390835579514825,0.04825737265415549,0.0018903852423057567,-0.1962677389383316,0.13224975764751434,-0.03581804037094116
0.19548872180451127,0.12121212121212122,0.17293233082706766,0.06484113555284833,0.06310281157493591,0.08332119137048721,0.07469799369573593
0.26198083067092653,0.08360128617363345,0.14057507987220447,0.03742124306773976,0.05015771836042404,0.12068155407905579,0.08665994554758072
0.1630901287553648,0.07758620689655173,0.12446351931330475,0.030939822069768464,-0.12506194412708282,-0.2149943709373474,-0.16855326294898987
0.33540372670807456,0.17500000000000002,0.2111801242236025,0.10290989777280483,0.11119746416807175,0.12378513067960739,0.11891775578260422
0.2506811989100818,0.12054794520547944,0.17438692098092642,0.04551547860513993,-0.05985964089632034,0.25589409470558167,0.09454569965600967
0.33201581027667987,0.10714285714285715,0.20948616600790515,0.05768509650669889,0.029645582661032677,0.04871385917067528,0.040723107755184174
0.10096153846153845,0.01932367149758454,0.08173076923076923,0.00228026467880079,-0.17090252041816711,0.1597355604171753,-0.009476748295128345
0.17114914425427874,0.04422604422604422,0.1075794621026895,0.01385372172039227,-0.0425545908510685,0.24198955297470093,0.09717287123203278
0.21978021978021978,0.08503937007874016,0.1381475667189953,0.03254071730458407,-0.01233062893152237,0.3305773437023163,0.15473578870296478
0.21917808219178087,0.07713498622589532,0.1041095890410959,0.04551161891734302,-0.055447328835725784,0.07500937581062317,0.010533762164413929
0.2435424354243542,0.06296296296296297,0.14022140221402216,0.017719779500056695,-0.05372421815991402,0.03215213119983673,-0.009515595622360706
0.20865139949109415,0.061381074168797956,0.12213740458015267,0.009946389846638658,-0.06212151050567627,0.1987810730934143,0.06645377725362778
0.1935483870967742,0.13513513513513514,0.15053763440860216,0.056663846859489095,-0.04225921258330345,0.31856876611709595,0.13315759599208832
0.3342776203966006,0.09686609686609686,0.1926345609065156,0.03413420844365812,0.12272614240646362,-0.06703642755746841,0.027608437463641167
0.19373219373219375,0.0974212034383954,0.14814814814814817,0.059188379776961716,-0.004464666359126568,0.23128974437713623,0.11211056262254715
0.14987080103359174,0.025974025974025976,0.09819121447028424,0.005512961834981598,-0.15659619867801666,0.1367742419242859,-0.012624833732843399
0.13219616204690832,0.042826552462526764,0.1023454157782516,0.010861306667165857,-0.05801236256957054,-0.18965744972229004,-0.12291166186332703
0.2300469483568075,0.07547169811320754,0.14553990610328638,0.03353838685122822,-0.0034586042165756226,0.2224791795015335,0.10843661427497864
0.3116883116883117,0.11764705882352942,0.20129870129870128,0.058453118484743834,0.1673869639635086,0.18115003407001495,0.17560096085071564
0.2755102040816326,0.12307692307692307,0.173469387755102,0.053855739581777556,0.01694033294916153,0.2706776559352875,0.1420413851737976
0.16417910447761194,0.030075187969924814,0.10447761194029852,0.0075500901987152905,0.016272101551294327,0.25818976759910583,0.13575828075408936
0.40444444444444444,0.16071428571428573,0.22222222222222218,0.10051934601305407,0.06843876093626022,0.1379793882369995,0.10442787408828735
0.24213075060532685,0.07785888077858881,0.14527845036319614,0.026257815358944073,0.012490523979067802,-0.21266545355319977,-0.100923091173172
0.19157088122605365,0.11923076923076924,0.1724137931034483,0.05699945740195091,-0.022925766184926033,0.2675369381904602,0.119574636220932
0.13026819923371646,0.030888030888030892,0.09195402298850576,0.00340851132986341,0.0424831323325634,0.2740376889705658,0.15700556337833405
0.04844290657439447,0.041811846689895474,0.04844290657439447,0.00502606545193482,-0.14442582428455353,0.3200363516807556,0.07857783138751984
0.12560386473429952,0.08780487804878048,0.10628019323671498,0.03638576584837999,-0.06916960328817368,0.2768494486808777,0.09937306493520737
0.24757281553398058,0.13658536585365852,0.18446601941747573,0.07340115363231167,0.05967215076088905,0.24251413345336914,0.1508358269929886
0.047961630695443645,0.004819277108433735,0.03836930455635491,0.0014451614968154568,-0.2807879149913788,-0.05861106514930725,-0.17037910223007202
0.21875,0.05381165919282512,0.14285714285714285,0.004058539902828825,-0.14645244181156158,-0.06563036888837814,-0.10458008944988251
0.24940047961630693,0.05301204819277108,0.13908872901678657,0.03329022571646043,0.06474632769823074,0.15063422918319702,0.10877706110477448
0.2110091743119266,0.06912442396313363,0.13302752293577982,0.042683180307692255,-0.12848836183547974,0.18503250181674957,0.024915223941206932
0.06941431670281994,0.065359477124183,0.06941431670281994,0.02744436776193174,-0.136697456240654,0.4304676949977875,0.13248446583747864
0.31446540880503143,0.1768421052631579,0.2138364779874214,0.09097624705212788,0.05496092140674591,0.2609357535839081,0.1572418361902237
0.06748466257668712,0.0,0.049079754601226995,0.000965290558238786,-0.25097042322158813,0.06959951668977737,-0.09420065581798553
0.38873239436619716,0.12464589235127478,0.22535211267605634,0.07977952264533922,0.09959237277507782,0.21980006992816925,0.16035601496696472
0.2037533512064343,0.11859838274932614,0.14477211796246647,0.04509240813472798,-0.00985721591860056,0.2523123025894165,0.11926844716072083
0.16926503340757237,0.01342281879194631,0.0979955456570156,0.0026259305097075967,-0.13768760859966278,-0.0652013048529625,-0.09992435574531555
0.1718213058419244,0.05536332179930795,0.12371134020618556,0.008341965047399853,-0.056247860193252563,0.09792788326740265,0.021237393841147423
0.18027210884353742,0.020477815699658702,0.09863945578231294,0.004566372538135062,-0.16118857264518738,0.034978386014699936,-0.06334418803453445
0.30855018587360594,0.11940298507462686,0.16356877323420077,0.030794179512988042,0.007346305996179581,0.12921445071697235,0.06905658543109894
0.062015503875969005,0.023346303501945522,0.04263565891472868,0.0032711136329868695,-0.23463429510593414,0.05397161841392517,-0.09284451603889465
0.20689655172413793,0.055555555555555546,0.1310344827586207,0.009672691493854359,-0.03810478374361992,0.10039935261011124,0.03176020830869675
0.2585034013605442,0.10022779043280182,0.1678004535147392,0.03647576676160773,-0.09022262692451477,0.13603991270065308,0.021924294531345367
0.13733905579399144,0.017241379310344827,0.08583690987124463,0.004578176774567681,-0.10126666724681854,0.10215205699205399,-2.083655635942705e-05
0.2210526315789474,0.042328042328042326,0.14210526315789473,0.016667567070904932,-0.03122578002512455,0.07932693511247635,0.025023996829986572
0.27507163323782235,0.09221902017291066,0.18911174785100288,0.03259586672021343,0.138367161154747,0.2156950980424881,0.17807838320732117
0.205607476635514,0.031347962382445145,0.1370716510903427,0.004655173436689132,0.007692272309213877,0.17307132482528687,0.09050552546977997
0.1468354430379747,0.08142493638676845,0.11139240506329115,0.029581840118948214,-0.07125814259052277,0.26385220885276794,0.09220176190137863
0.29467084639498436,0.10094637223974763,0.20689655172413793,0.06357915051670018,0.060954492539167404,0.15855446457862854,0.1107318177819252
0.1875,0.10526315789473684,0.13541666666666666,0.02930246172408438,-0.008494575507938862,-0.36758115887641907,-0.19289706647396088
0.19354838709677422,0.05183585313174946,0.12043010752688174,0.007138077931233873,-0.1615808755159378,0.08954496681690216,-0.03754182159900665
0.1388888888888889,0.02390438247011952,0.0873015873015873,0.012508199680254831,-0.15701821446418762,0.15022072196006775,-0.0065391468815505505
0.19512195121951223,0.12269938650306748,0.17682926829268295,0.07521726222913727,0.01006663590669632,0.15844199061393738,0.08465080708265305
0.38725490196078427,0.2167487684729064,0.2549019607843137,0.14179799467873913,0.15309089422225952,0.025585589930415154,0.09000720828771591
0.12949640287769784,0.014492753623188408,0.08633093525179855,0.003716112908124108,-0.03911438211798668,0.1262311339378357,0.043745819479227066
0.22684310018903592,0.04554079696394687,0.11342155009451796,0.00706334017191559,-0.13182421028614044,-0.023609686642885208,-0.07656481117010117
0.10722610722610722,0.03747072599531616,0.08391608391608392,0.017858490042873012,-0.07791852951049805,0.11517123878002167,0.018346764147281647
0.14205607476635512,0.018761726078799248,0.0897196261682243,0.004999342755104722,-0.11628437787294388,0.11018867790699005,-0.004008741583675146
0.19344262295081968,0.04934210526315789,0.1180327868852459,0.006901289631364307,-0.07545572519302368,-0.19856812059879303,-0.1359560489654541
0.22764227642276424,0.11989100817438693,0.1734417344173442,0.06531781026651817,0.02988436259329319,0.2081965059041977,0.11890574544668198
0.16858237547892724,0.015384615384615385,0.08045977011494253,0.00471462873369976,-0.22308792173862457,-0.27154359221458435,-0.24541577696800232
0.18565400843881857,0.0211864406779661,0.0970464135021097,0.005210318857817465,-0.16927845776081085,0.0628412589430809,-0.054256271570920944
0.029673590504451036,0.0,0.017804154302670624,0.0007720308095727862,-0.40022456645965576,-0.24073277413845062,-0.31970515847206116
0.21364985163204747,0.04179104477611941,0.11275964391691394,0.010172254877204618,0.007045973092317581,0.025018570944666862,0.01761501282453537
0.15748031496062992,0.019762845849802372,0.09448818897637795,0.005889275614117439,-0.1316600739955902,0.056944672018289566,-0.037480372935533524
0.1806853582554517,0.07523510971786833,0.1308411214953271,0.01975478137478626,-0.023630788549780846,0.3051169812679291,0.13683225214481354
0.18604651162790697,0.08695652173913043,0.15282392026578073,0.030959660896323862,0.03327115625143051,0.1842479407787323,0.1090828999876976
0.17943107221006566,0.021978021978021976,0.11378555798687091,0.00653227386086252,-0.09952197968959808,0.08508450537919998,-0.007303742691874504
0.1724137931034483,0.09565217391304348,0.13793103448275862,0.05047615339190349,0.06884698569774628,0.43086209893226624,0.24477197229862213
0.16714697406340057,0.04057971014492753,0.11527377521613832,0.007277605177296021,-0.0529201440513134,0.09333088248968124,0.020723190158605576
0.11933174224343675,0.023980815347721823,0.05727923627684964,0.004652275031141103,-0.1567465364933014,0.15342016518115997,-0.004895884543657303
0.17250673854447438,0.05962059620596206,0.10242587601078167,0.0227615512648834,-0.06352730840444565,0.023137111216783524,-0.018916767090559006
0.20147420147420145,0.09382716049382715,0.15724815724815724,0.04758376750918545,-0.043218933045864105,0.200617253780365,0.07724146544933319
0.20888888888888887,0.10267857142857142,0.14666666666666667,0.053921255781578414,-0.012930587865412235,-0.17071834206581116,-0.09133721888065338
0.11224489795918367,0.05128205128205128,0.086734693877551,0.01672092563624193,-0.17576904594898224,0.1574108749628067,-0.01315669622272253
0.12574850299401197,0.048192771084337345,0.10778443113772455,0.011882465704008782,-0.06554792076349258,0.28815731406211853,0.10656838864088058
0.17419354838709677,0.012987012987012988,0.11612903225806452,0.0060113574627735245,-0.06866586953401566,-0.011858963407576084,-0.03873550891876221
0.25,0.0867579908675799,0.14545454545454545,0.021104555535967556,0.03247734159231186,0.2368842512369156,0.1340341418981552
0.20323325635103925,0.027842227378190254,0.12471131639722866,0.01481579247772027,-0.07083258032798767,0.060410816222429276,-0.004446662496775389
0.2237762237762238,0.04215456674473068,0.13053613053613056,0.0036658528754365547,-0.032720014452934265,0.0765770822763443,0.02291879802942276
0.1227621483375959,0.020565552699228794,0.08695652173913045,0.004748430800258137,-0.16572681069374084,-0.04641323536634445,-0.10500529408454895
0.19318181818181818,0.030418250950570346,0.125,0.01696849884519152,-0.20411282777786255,-0.07543313503265381,-0.13877993822097778
0.25,0.0893854748603352,0.16666666666666666,0.0613481629109884,0.06970058381557465,0.04160435125231743,0.05714690312743187
0.1797752808988764,0.06037735849056604,0.15730337078651685,0.024997788199629195,-0.017413295805454254,0.1909230798482895,0.08608605712652206
0.10352941176470588,0.052009456264775406,0.08470588235294117,0.018653031776034276,-0.034386880695819855,0.33511069416999817,0.14504961669445038
0.20731707317073172,0.11836734693877551,0.14227642276422764,0.056025272126237514,-0.014414210803806782,0.22143641114234924,0.10221743583679199
0.267223382045929,0.033542976939203356,0.12108559498956158,0.003988398278494161,-0.11196722090244293,0.026223355904221535,-0.042148467153310776
0.18128654970760236,0.03529411764705882,0.0935672514619883,0.007029436570046201,-0.1399250626564026,0.1520003080368042,0.003354685613885522
0.05504587155963303,0.0,0.03669724770642202,0.0009072421178646725,-0.21137458086013794,-0.02902909740805626,-0.12010084837675095
0.2101449275362319,0.05090909090909092,0.14130434782608697,0.03840334041279689,-0.06690631806850433,0.06933704763650894,0.0019024835200980306
0.11538461538461538,0.10967741935483871,0.11538461538461538,0.04050524862910156,-0.03615385666489601,0.39418405294418335,0.17131993174552917
0.09876543209876544,0.08298755186721993,0.09876543209876544,0.04059205092467649,-0.0013431849656626582,0.3006635904312134,0.14657139778137207
0.27800829875518673,0.06666666666666667,0.15352697095435683,0.04272154651727298,-0.05532670021057129,0.03964577987790108,-0.006657456047832966
0.17355371900826447,0.016597510373443983,0.10330578512396695,0.0025934808120293465,-0.17243848741054535,0.029942767694592476,-0.0716046467423439
0.17573221757322174,0.050420168067226885,0.1087866108786611,0.022895274872626045,-0.13623298704624176,0.11154697835445404,-0.013805454596877098
0.1657142857142857,0.05172413793103448,0.13142857142857145,0.022691836659743655,0.005050474777817726,0.23918911814689636,0.12084601819515228
0.2019704433497537,0.09405940594059406,0.1379310344827586,0.03620577988638507,-0.03629075735807419,0.2179083526134491,0.0890829861164093
0.4067796610169491,0.19886363636363638,0.2655367231638418,0.11989704775574085,0.16492557525634766,0.2906588613986969,0.22828565537929535
0.1671469740634006,0.063768115942029,0.12680115273775214,0.03657805844733213,-0.022095516324043274,0.28260454535484314,0.12709945440292358
0.11587982832618027,0.025862068965517238,0.0815450643776824,0.0025864469704967876,-0.21861158311367035,0.014244833961129189,-0.10318756848573685
0.18,0.030150753768844227,0.105,0.013660216216698794,-0.09629897028207779,0.15756085515022278,0.02897234819829464
0.1142857142857143,0.06584362139917696,0.1142857142857143,0.016117854947052885,-0.036199845373630524,0.20303814113140106,0.08206742256879807
0.13854351687388988,0.0392156862745098,0.0994671403197158,0.0045264697563405926,-0.13308709859848022,0.09117387235164642,-0.02184695191681385
0.34890965732087226,0.2006269592476489,0.2679127725856698,0.11138830557087577,0.18486039340496063,0.2845606505870819,0.2354760318994522
0.23430962343096234,0.07563025210084034,0.15062761506276148,0.018701794445942093,-0.032645728439092636,0.15874725580215454,0.06274840235710144
0.09795918367346938,0.0905349794238683,0.09795918367346938,0.04610813541692996,-0.01465617585927248,-0.5490297079086304,-0.2950926125049591
0.27548209366391185,0.04986149584487535,0.15426997245179067,0.02480243506678481,-0.042653996497392654,0.026554441079497337,-0.006653218064457178
0.0974212034383954,0.011527377521613832,0.06303724928366762,0.0020224192640007545,-0.20407108962535858,-0.09333724528551102,-0.14747443795204163
0.09937888198757763,0.0125,0.07453416149068322,0.0027895951282797737,-0.14296023547649384,0.033881135284900665,-0.05442119762301445
0.19954648526077096,0.02277904328018223,0.12244897959183675,0.00310187584665086,-0.18878807127475739,-0.06740288436412811,-0.12702494859695435
0.3664459161147903,0.08869179600886917,0.16777041942604856,0.0372917209284912,-0.08740430325269699,0.07983629405498505,-0.0035651701036840677
0.1297539149888143,0.040449438202247195,0.09843400447427292,0.0316938471954059,-0.1565898358821869,-0.2825642228126526,-0.21843880414962769
0.2229965156794425,0.04912280701754386,0.14634146341463417,0.008864257075909886,0.10491488128900528,0.18505585193634033,0.14606107771396637
0.3536585365853659,0.0857142857142857,0.16666666666666669,0.059052788111496356,0.01220469456166029,-0.1416623592376709,-0.06421614438295364
0.26433915211970077,0.11027568922305762,0.1596009975062344,0.05657736416077398,0.013036005198955536,0.1726730316877365,0.09306700527667999
0.38285714285714284,0.21264367816091953,0.28571428571428575,0.13066558483649174,0.2091296911239624,0.26142600178718567,0.2363896667957306
0.15025906735751296,0.041666666666666664,0.10362694300518134,0.017273930686281115,-0.12425044924020767,-0.00535609433427453,-0.0637948215007782
0.2603550295857988,0.07142857142857142,0.16568047337278105,0.04003487950071918,0.08273658901453018,0.1073450893163681,0.09648208320140839
0.3496143958868895,0.22739018087855298,0.25192802056555275,0.14262978903949425,-0.01000119186937809,0.27043217420578003,0.1277598738670349
0.23382045929018794,0.08385744234800839,0.1419624217118998,0.02917315740618331,-0.030807647854089737,0.08156318217515945,0.02632857672870159
0.14556962025316453,0.0445859872611465,0.10759493670886076,0.006989264988906803,-0.08853700757026672,-0.28480222821235657,-0.1867714673280716
0.37057220708446864,0.09863013698630138,0.19618528610354224,0.04041275817446448,0.09514539688825607,0.17763471603393555,0.13746017217636108
0.3240223463687151,0.1404494382022472,0.18435754189944134,0.07275300199784428,0.1040428876876831,-0.07351736724376678,0.015268604271113873
0.14516129032258066,0.01621621621621622,0.0967741935483871,0.0028361393043294623,-0.09841969609260559,-0.26589035987854004,-0.18171171844005585
0.15853658536585363,0.11656441717791412,0.14634146341463414,0.04818241582253762,0.006478559225797653,0.3162783980369568,0.15804775059223175
0.22739018087855298,0.11428571428571428,0.16020671834625322,0.05844212629035627,0.08874961733818054,0.33045849204063416,0.20805901288986206
0.07858546168958742,0.015779092702169626,0.0550098231827112,0.00715625424234576,-0.26954543590545654,0.001137223793193698,-0.13616406917572021
0.32390745501285345,0.09819121447028424,0.19023136246786634,0.05011234585581325,-0.02254973165690899,0.10995592921972275,0.04437974467873573
0.3711340206185567,0.1522491349480969,0.23367697594501716,0.08464898583885404,0.0656299963593483,0.183766171336174,0.12543465197086334
0.30812324929971985,0.15774647887323942,0.19047619047619047,0.0657459580278282,-0.03338010981678963,0.12661492824554443,0.04688754677772522
0.37259100642398285,0.12043010752688173,0.1841541755888651,0.06945630394208552,0.12566368281841278,0.2272505760192871,0.17729365825653076
0.33569739952718675,0.09501187648456057,0.18439716312056736,0.04857886965728702,0.020442094653844833,-0.12346289306879044,-0.05086415261030197
0.07655502392344497,0.009615384615384614,0.06220095693779904,0.0038771605678647237,-0.3199858069419861,0.0629487857222557,-0.1342901885509491
0.24855491329479767,0.05813953488372093,0.1791907514450867,0.018890915159574063,0.044397976249456406,0.12231576442718506,0.08454591780900955
0.3371647509578544,0.18532818532818535,0.25287356321839083,0.1113783655511068,0.13137495517730713,0.39384520053863525,0.26050567626953125
0.4753623188405798,0.16909620991253646,0.22028985507246376,0.10831918079942296,0.2851089835166931,0.18893550336360931,0.23781362175941467
0.049723756906077346,0.0,0.044198895027624314,0.0008983487975732361,-0.2383253127336502,0.02517385594546795,-0.10836068540811539
0.048192771084337345,0.0,0.033734939759036145,0.0007825399096212959,-0.2860432267189026,0.02319123037159443,-0.13454905152320862
0.2430939226519337,0.061111111111111116,0.13259668508287292,0.029222215994667344,0.04611578211188316,0.2062481939792633,0.1263408660888672
0.2079002079002079,0.1127348643006263,0.1496881496881497,0.05673077284839117,-0.04371347278356552,-0.0713317021727562,-0.055844441056251526
0.26996197718631176,0.09541984732824428,0.16730038022813687,0.04010680343407917,-0.03922758251428604,0.10421781241893768,0.03303653746843338
0.19135802469135801,0.012422360248447206,0.08641975308641976,0.003483433199550132,-0.10214679688215256,0.020782722160220146,-0.03975897282361984
0.24074074074074073,0.08178438661710037,0.14444444444444443,0.035172797706731554,-0.09503714740276337,0.0882163792848587,-0.003475113771855831
0.23625254582484723,0.10633946830265849,0.1629327902240326,0.0583324492246184,0.03036758489906788,0.12327931076288223,0.0778958722949028
0.3465045592705167,0.1834862385321101,0.27355623100303955,0.1136629210003007,0.1952846646308899,0.39452505111694336,0.29416024684906006
0.3021582733812949,0.1253012048192771,0.16786570743405277,0.06864481055026019,0.04244669899344444,0.15323162078857422,0.09869852662086487
0.14893617021276595,0.029914529914529912,0.0851063829787234,0.010642213116522605,-0.18820154666900635,0.09998125582933426,-0.04664492607116699
0.23880597014925373,0.036036036036036036,0.1492537313432836,0.021376795724659493,-0.028583981096744537,0.11645808815956116,0.044439077377319336
0.2239382239382239,0.06976744186046512,0.15444015444015444,0.036607198656015236,-0.11934678256511688,0.016071466729044914,-0.05086309090256691
0.10584958217270195,0.005602240896358543,0.06685236768802227,0.0024768531784116372,-0.240987628698349,-0.14008192718029022,-0.18913377821445465
0.2231075697211155,0.124,0.1553784860557769,0.062079942749284925,-0.021785279735922813,0.1307068169116974,0.05483757704496384
0.16883116883116883,0.06956521739130435,0.1168831168831169,0.039159585879349985,-0.04546736180782318,-0.0006172489956952631,-0.021481076255440712
0.1436672967863894,0.030360531309297913,0.08317580340264649,0.009844843351074755,-0.2092764973640442,-0.0980973169207573,-0.15245471894741058
0.2142857142857143,0.06153846153846154,0.1326530612244898,0.008974705843603112,-0.006350148469209671,0.12664641439914703,0.06079436093568802
0.136986301369863,0.06206896551724138,0.09589041095890412,0.02665706051647839,-0.140169158577919,0.14121773838996887,-0.00184915610589087
0.18262806236080179,0.022371364653243853,0.10244988864142539,0.002781023669892428,-0.12636056542396545,0.1150180771946907,-0.00698165874928236
0.13333333333333333,0.05857740585774059,0.08333333333333333,0.01487125814800711,-0.17417363822460175,0.22679391503334045,0.019813446328043938
0.1694915254237288,0.03829787234042553,0.1059322033898305,0.013574362709843104,-0.07718166708946228,0.04047314077615738,-0.017399583011865616
0.10972568578553617,0.025062656641604005,0.0798004987531172,0.005569306717482223,-0.12408418953418732,0.1988864690065384,0.03373650461435318
0.26724137931034486,0.13852813852813853,0.19827586206896552,0.04995131198269731,0.09458152204751968,0.16772760450839996,0.1323043555021286
0.2810810810810811,0.06521739130434782,0.16216216216216217,0.043098124247706794,0.07172898203134537,0.16527417302131653,0.11950365453958511
0.26804123711340205,0.031088082901554404,0.14948453608247422,0.00793690250784908,-0.017985660582780838,0.11921925842761993,0.051220137625932693
0.21167883211678834,0.08823529411764706,0.15328467153284675,0.034486119335659794,-0.0001517583295935765,-0.30809178948402405,-0.1572054624557495
0.18181818181818185,0.0522875816993464,0.13636363636363635,0.008432040909329887,-0.0234517902135849,0.18404066562652588,0.07965108752250671
0.14838709677419354,0.045454545454545456,0.11612903225806452,0.009140548753976858,-0.07405275851488113,-0.00048000397509895265,-0.035855475813150406
0.25824175824175827,0.06629834254143646,0.12637362637362637,0.04348160882292806,0.04466399550437927,0.16691049933433533,0.10650305449962616
0.11290322580645161,0.04864864864864865,0.0967741935483871,0.02294571680771331,-0.09663963317871094,0.16228166222572327,0.031030576676130295
0.2898550724637681,0.15160349854227406,0.21449275362318843,0.0832776115817096,0.1577833741903305,0.18945123255252838,0.174911230802536
0.2751677852348994,0.10810810810810811,0.18120805369127516,0.04701585342255189,0.15125352144241333,0.3690944015979767,0.2591007947921753
0.20727272727272728,0.040145985401459854,0.1090909090909091,0.006770854313319006,-0.20088310539722443,-0.006439905613660812,-0.10381690412759781
0.11363636363636363,0.04580152671755726,0.09090909090909091,0.006028740206167758,-0.1236971840262413,0.20962059497833252,0.038953766226768494
0.23902439024390243,0.1568627450980392,0.1902439024390244,0.06864079048225223,0.026959920302033424,0.19943828880786896,0.1131732240319252
0.2582056892778994,0.0967032967032967,0.15317286652078776,0.05032453238731971,0.022902771830558777,0.11276661604642868,0.06894851475954056
0.08577878103837472,0.01360544217687075,0.06320541760722348,0.0019688737984518943,-0.2976882755756378,0.051163047552108765,-0.1277415007352829
0.25692695214105793,0.08607594936708861,0.17128463476070527,0.0555645772508218,-0.07110213488340378,0.1666763424873352,0.04650789871811867
0.171021377672209,0.023866348448687354,0.0997624703087886,0.003017485910310695,-0.08507097512483597,0.04729365557432175,-0.018119681626558304
0.15853658536585366,0.030674846625766868,0.0975609756097561,0.008289364722245467,-0.08955191820859909,0.07147672772407532,-0.008708267472684383
0.08522727272727272,0.022857142857142857,0.06818181818181818,0.005520334780717994,-0.22311551868915558,0.01563390903174877,-0.10488662868738174
0.1292307692307692,0.018575851393188857,0.08615384615384616,0.00574660164259468,0.016440484672784805,0.24240659177303314,0.12832634150981903
0.18685121107266436,0.020905923344947733,0.1245674740484429,0.007738038494416186,-0.010701969265937805,0.10863158106803894,0.04979972168803215
0.34688346883468835,0.09264305177111716,0.17886178861788618,0.0272965932456893,0.08736362308263779,0.19042326509952545,0.1397726833820343
0.10344827586206896,0.04046242774566474,0.08045977011494254,0.014557916219273758,-0.0737311989068985,0.2127457559108734,0.06693267077207565
0.23717948717948714,0.12258064516129032,0.19230769230769232,0.05090943447197245,0.033675845712423325,0.07994559407234192,0.0582374669611454
0.3869047619047619,0.1377245508982036,0.2023809523809524,0.09137327671791305,0.2084091156721115,0.0552934855222702,0.1321030557155609
0.35220125786163525,0.24050632911392406,0.2830188679245283,0.12476982025429804,0.18065467476844788,0.31699222326278687,0.24915188550949097
0.1414141414141414,0.03553299492385787,0.08585858585858586,0.01723338018556596,-0.11446362733840942,0.04953202232718468,-0.03215363249182701
0.14906832298136646,0.05405405405405406,0.09109730848861283,0.022264081783249193,-0.11233405768871307,0.057336244732141495,-0.02728917822241783
0.3127272727272727,0.15384615384615383,0.20363636363636364,0.06180392305572064,0.20756895840168,0.33409443497657776,0.27125170826911926
0.15760869565217392,0.02185792349726776,0.10326086956521738,0.005039874928841625,-0.15590426325798035,0.06395194679498672,-0.046738866716623306
0.18181818181818182,0.0045662100456621,0.11363636363636365,0.00324437150435615,-0.1234729066491127,0.000708509876858443,-0.06044473126530647
0.2406417112299465,0.037634408602150546,0.14438502673796794,0.0118264906161797,-0.013386569917201996,0.043870311230421066,0.016677720472216606
0.3372781065088758,0.10714285714285714,0.17751479289940827,0.07061032856439267,0.18111065030097961,0.13956370949745178,0.16161538660526276
0.17567567567567569,0.06787330316742081,0.11261261261261263,0.015551229333020531,-0.11624263226985931,0.04757804796099663,-0.034014441072940826
0.3870967741935484,0.12432432432432436,0.19892473118279566,0.03067184140047928,0.05176869034767151,0.21281224489212036,0.1324269026517868
0.3526170798898072,0.08310249307479224,0.18732782369146003,0.047115963563988755,0.17932775616645813,0.17505429685115814,0.17852690815925598
0.20440881763527055,0.0482897384305835,0.13226452905811625,0.029186450902478407,-0.21449394524097443,-0.13446371257305145,-0.17290456593036652
0.23631123919308358,0.05797101449275363,0.138328530259366,0.022216222543418384,0.05560050159692764,0.0867813229560852,0.07265212386846542
0.1762917933130699,0.012232415902140673,0.10942249240121582,0.003411597950831709,-0.06401583552360535,0.0922449454665184,0.014488822780549526
0.22911694510739855,0.08153477218225419,0.14797136038186157,0.037788657911591576,-0.046484388411045074,0.06684612482786179,0.011143672280013561
