rouge1_f,rouge2_f,rougeL_f,bleu,bert_p,bert_r,bert_f1
0.2749445676274945,0.10690423162583518,0.1419068736141907,0.033473440246896496,0.011836442165076733,0.1892397105693817,0.10044385492801666
0.1,0.0684931506849315,0.09545454545454546,0.030583922246811484,-0.19711673259735107,0.10990852862596512,-0.04671132192015648
0.20784313725490194,0.06299212598425197,0.12549019607843134,0.03415457188720967,-0.10063770413398743,0.1902308464050293,0.04211491718888283
0.16913319238900637,0.05095541401273885,0.08456659619450319,0.021719936123561788,-0.12486880272626877,0.17495490610599518,0.02211076393723488
0.09287925696594428,0.040372670807453416,0.06191950464396285,0.011523788217214358,-0.2589120864868164,0.20431330800056458,-0.03653213381767273
0.05947955390334573,0.0,0.04460966542750929,0.001189693005539537,-0.3411891460418701,-0.22090652585029602,-0.27973923087120056
0.21490467937608324,0.06956521739130435,0.13518197573656845,0.014658290927946587,-0.13236156105995178,0.07938352972269058,-0.02709599770605564
0.04833836858006042,0.018237082066869303,0.04833836858006042,0.003462230803303134,-0.171039417386055,0.1445430964231491,-0.016644876450300217
0.0,0.0,0.0,0.0,-0.17481745779514313,-0.3101377487182617,-0.24143670499324799
0.291764705882353,0.13238770685579196,0.19764705882352943,0.03897589855097592,0.02098049968481064,0.3748742640018463,0.19314852356910706
0.16296296296296298,0.04962779156327543,0.10864197530864199,0.006053982090922626,-0.10284580290317535,0.14028212428092957,0.017339900135993958
0.04701627486437612,0.010889292196007259,0.0433996383363472,0.0013964128212992563,-0.31099987030029297,0.026728473603725433,-0.14621151983737946
0.08913649025069638,0.04481792717086835,0.0724233983286908,0.014944750506897008,-0.13252747058868408,-0.3522379994392395,-0.24293763935565948
0.32806324110671936,0.11507936507936507,0.20158102766798416,0.056690142800002494,0.02644486166536808,0.20091402530670166,0.11361891776323318
0.150093808630394,0.003766478342749529,0.08630393996247654,0.0023458444540955256,-0.2436952143907547,-0.0720784142613411,-0.15753990411758423
0.10989010989010989,0.044117647058823525,0.08424908424908424,0.008984512357419957,-0.13274608552455902,0.1619749814271927,0.01184222660958767
0.03875968992248063,0.0038910505836575876,0.03488372093023256,0.00106721196867048,-0.2991984486579895,0.010320262052118778,-0.14756342768669128
0.20425531914893616,0.06837606837606838,0.1446808510638298,0.02429934092383834,-0.08903402835130692,0.20091508328914642,0.05327695608139038
0.30549898167006106,0.06134969325153373,0.12627291242362526,0.008411090925358309,-0.01951208896934986,0.09428028017282486,0.0383007675409317
0.2,0.04330708661417323,0.11372549019607842,0.005824449193227941,-0.12106317281723022,0.11862960457801819,-0.002490851329639554
0.1462686567164179,0.056886227544910184,0.09850746268656717,0.02218344503326212,-0.10380729287862778,0.0831315889954567,-0.010463129729032516
0.1696,0.08346709470304975,0.11199999999999999,0.02766473108520527,-0.3067722022533417,0.13202054798603058,-0.09551195055246353
0.20758483033932135,0.06813627254509018,0.13572854291417166,0.02580977767644094,-0.051809728145599365,-0.11506228893995285,-0.08188307285308838
0.3238095238095238,0.10223642172523961,0.17777777777777778,0.031913150713271464,0.14161492884159088,0.19039849936962128,0.16724656522274017
0.28571428571428575,0.10325047801147226,0.14476190476190476,0.05664840832385953,-0.04885910451412201,0.17233380675315857,0.06082331761717796
0.1081081081081081,0.020876826722338204,0.05405405405405405,0.003582327690396027,-0.1735057532787323,0.1630442887544632,-0.009324181824922562
0.29325513196480935,0.05309734513274337,0.15249266862170088,0.044890052678999044,-0.038730211555957794,-0.0948791354894638,-0.06523466855287552
0.22734254992319505,0.04930662557781202,0.11981566820276499,0.023155414264942806,-0.06659042090177536,0.11815843731164932,0.025654038414359093
0.08366013071895426,0.015727391874180863,0.0522875816993464,0.002790714472026933,-0.2713509500026703,-0.2845213711261749,-0.2758696377277374
0.15866388308977036,0.05870020964360587,0.11691022964509395,0.019352054285972836,-0.026864761486649513,0.13825669884681702,0.055870577692985535
0.06451612903225806,0.013888888888888888,0.05069124423963134,0.0015373008832524255,-0.2763342261314392,0.08023387938737869,-0.10281816124916077
0.2732049036777583,0.10544815465729351,0.17863397548161122,0.0358209407428847,-0.05677919462323189,0.10796870291233063,0.025816138833761215
0.1111111111111111,0.004132231404958677,0.06584362139917695,0.0008241169572970044,-0.24894414842128754,0.03575835004448891,-0.10897801071405411
0.1392757660167131,0.0558659217877095,0.09470752089136492,0.023493057428059985,-0.12274277210235596,-0.15416227281093597,-0.1366553157567978
0.17716535433070865,0.043478260869565216,0.11023622047244093,0.009193048493462593,-0.16414520144462585,-0.02865167334675789,-0.09556032717227936
0.20361990950226244,0.07727272727272727,0.13574660633484162,0.017144389969923537,0.018248142674565315,0.25033852458000183,0.13305306434631348
0.27681660899653976,0.048611111111111105,0.13494809688581316,0.01685918911258535,-0.08522415161132812,0.08402156084775925,-0.0004202627460472286
0.21182943603851445,0.09655172413793103,0.14030261348005502,0.045735630024577416,-0.006584330461919308,0.11570040881633759,0.055349308997392654
0.21935483870967742,0.10799136069114472,0.15913978494623654,0.054930375664458436,-0.027836862951517105,0.15100350975990295,0.06151445582509041
0.152046783625731,0.03519061583577713,0.08479532163742691,0.010899380401744032,-0.27609649300575256,0.0328737273812294,-0.12473186105489731
0.2681818181818182,0.1278538812785388,0.18636363636363637,0.06767437025965041,-0.03486727178096771,0.2125168889760971,0.08727020770311356
0.08746355685131195,0.02932551319648094,0.05830903790087465,0.0028191283536365052,-0.18577802181243896,-0.4561505615711212,-0.32278016209602356
0.18106995884773663,0.033057851239669415,0.11111111111111109,0.0072825854766530255,-0.0780671015381813,0.15996123850345612,0.039668917655944824
0.21645021645021645,0.06956521739130435,0.1471861471861472,0.030120589076719616,-0.06415627151727676,0.18543009459972382,0.05905644968152046
0.22592592592592592,0.08178438661710037,0.14444444444444446,0.022326968993515543,-0.07572811096906662,0.21187028288841248,0.0654652789235115
0.1814432989690722,0.053830227743271224,0.10721649484536083,0.02068161942540197,-0.1606038212776184,0.02040741965174675,-0.07003625482320786
0.45739910313901344,0.22072072072072074,0.28699551569506726,0.14615745462291382,0.10383382439613342,0.1906202882528305,0.1482446789741516
0.03475513428120063,0.0,0.025276461295418644,0.0005089153231718,-0.3779139518737793,0.028135590255260468,-0.1816156655550003
0.39607843137254894,0.1141732283464567,0.1843137254901961,0.041747594699201654,0.11523056030273438,0.07604259997606277,0.09702842682600021
0.2520325203252033,0.07346938775510203,0.17886178861788618,0.04565935779957028,-0.07066313177347183,0.19488301873207092,0.060117702931165695
0.3185011709601873,0.05647058823529411,0.15925058548009366,0.010947292842681087,0.09340494871139526,-0.07204445451498032,0.010902109555900097
0.31007751937984496,0.1090909090909091,0.186046511627907,0.04847593774629292,0.06643371284008026,0.15723472833633423,0.11287162452936172
0.20382165605095542,0.05970149253731343,0.11464968152866244,0.008758686531901995,-0.06628372520208359,0.10341344028711319,0.01871228590607643
0.20863309352517984,0.04332129963898917,0.11510791366906474,0.016762144670758716,-0.11334366351366043,0.09626573324203491,-0.009121467359364033
0.12550607287449395,0.016260162601626015,0.08097165991902833,0.002074232419648588,-0.163633331656456,0.07518340647220612,-0.04543358087539673
0.08061420345489444,0.0077071290944123304,0.06142034548944338,0.0015641992077763465,-0.3530057966709137,0.010852263309061527,-0.17610138654708862
0.16226415094339625,0.01893939393939394,0.08679245283018869,0.0028942932954050646,-0.13230814039707184,0.09904564917087555,-0.017690235748887062
0.024054982817869414,0.0,0.024054982817869414,0.0004843242857521086,-0.38862159848213196,-0.013006091117858887,-0.2062917947769165
0.13360323886639677,0.056910569105691054,0.10121457489878542,0.026296362768244458,-0.22572724521160126,0.40090057253837585,0.06956937909126282
0.26865671641791045,0.08137044967880085,0.1535181236673774,0.0419301106191745,0.033846352249383926,0.1540476679801941,0.09470497071743011
0.2940038684719536,0.11262135922330097,0.17408123791102514,0.05832106172788756,0.032732043415308,0.21921077370643616,0.1256808042526245
0.17679558011049726,0.07222222222222222,0.1270718232044199,0.026975692518941486,-0.07543591409921646,0.24778993427753448,0.0824756771326065
0.2664835164835165,0.05785123966942149,0.14010989010989008,0.03196706241788266,-0.13757121562957764,-0.07433658838272095,-0.10436218231916428
0.23055555555555557,0.04178272980501393,0.1222222222222222,0.0029431846110495787,-0.0679343119263649,0.07020968943834305,0.0017986538587138057
0.17164179104477612,0.026217228464419477,0.10074626865671642,0.012421466994647525,-0.17029088735580444,0.04215262457728386,-0.06464771181344986
0.3197969543147208,0.11224489795918367,0.19289340101522842,0.05815713411988328,0.07593965530395508,-0.08622880280017853,-0.0048471479676663876
0.06333333333333334,0.016722408026755852,0.05333333333333334,0.006653297199516134,-0.2020363211631775,0.19918076694011688,-0.007935549132525921
0.04538087520259319,0.0032520325203252032,0.04213938411669368,0.0009641114032268206,-0.2467477172613144,0.008796417154371738,-0.12053558975458145
0.25468164794007486,0.06015037593984962,0.14232209737827714,0.007169307745587278,-0.19761870801448822,-0.08868931233882904,-0.14191177487373352
0.15953307392996108,0.05468750000000001,0.10505836575875488,0.01654679285154597,-0.10781031847000122,0.12092279642820358,0.0055329883471131325
0.3657957244655582,0.13365155131264916,0.22802850356294535,0.058237123517806966,0.1106279268860817,0.27031898498535156,0.190550297498703
0.2630480167014614,0.06289308176100629,0.1670146137787056,0.02604635761755737,-0.07239226251840591,0.09070660173892975,0.009427658282220364
0.2935323383084577,0.08499999999999999,0.17910447761194032,0.05014760248173168,0.042295292019844055,0.22609460353851318,0.13394232094287872
0.11447811447811447,0.05743243243243243,0.09427609427609429,0.02060305844049785,-0.16015774011611938,0.10302717238664627,-0.0304111298173666
0.040336134453781515,0.0,0.030252100840336138,0.0005544137523965934,-0.45091715455055237,-0.24426966905593872,-0.3477218449115753
0.12475633528265107,0.046966731898238745,0.09356725146198831,0.012572626339289192,-0.11751507222652435,-0.20223447680473328,-0.15836770832538605
0.07741935483870967,0.012958963282937367,0.051612903225806445,0.001592186463942764,-0.2787492573261261,0.04937567561864853,-0.11844275146722794
0.2948960302457467,0.1062618595825427,0.16257088846880907,0.04685179815516148,-0.01570397987961769,0.16085685789585114,0.07253346592187881
0.3401360544217687,0.1275626423690205,0.18594104308390022,0.04843907314604607,0.11773510277271271,-0.06522323191165924,0.026149524375796318
0.1038961038961039,0.0223463687150838,0.07792207792207792,0.00380004709173498,-0.22344344854354858,0.08156529814004898,-0.0739658921957016
0.14218009478672985,0.03486529318541997,0.08530805687203791,0.014087554408661697,-0.3254685401916504,0.043968647718429565,-0.1459929198026657
0.076103500761035,0.015267175572519082,0.0578386605783866,0.002894948480813386,-0.2160695493221283,0.06157562881708145,-0.07945049554109573
0.1288888888888889,0.017857142857142856,0.09333333333333334,0.002716747724530783,-0.16016481816768646,-0.04273556172847748,-0.10036933422088623
0.1532976827094474,0.028622540250447227,0.08912655971479501,0.015190403602799298,-0.2034102827310562,-0.269646555185318,-0.23475417494773865
0.3991596638655462,0.1308016877637131,0.22268907563025211,0.07298936620229059,0.033504631370306015,0.18485493957996368,0.10949715971946716
0.3224043715846994,0.15934065934065936,0.2185792349726776,0.05405495776372948,0.13324275612831116,-0.047575220465660095,0.0427449569106102
0.023032629558541268,0.0,0.023032629558541268,0.0005087973970396373,-0.3535580039024353,-0.013383869081735611,-0.18761835992336273
0.22868217054263568,0.07392996108949416,0.12790697674418605,0.032963807759289296,-0.03154556825757027,0.2070734202861786,0.0864219143986702
0.11196911196911197,0.015503875968992251,0.0888030888030888,0.0037991510617143634,-0.22099055349826813,0.09853912144899368,-0.06472258269786835
0.04715127701375245,0.0039447731755424065,0.031434184675834975,0.0011594076267902181,-0.29436907172203064,0.1290941834449768,-0.09009197354316711
0.06404657933042213,0.037956204379562035,0.061135371179039305,0.011682140869909378,-0.2959655225276947,0.3766075074672699,0.019201768562197685
0.1509433962264151,0.041666666666666664,0.09433962264150943,0.005866666326116039,-0.12716321647167206,0.022411976009607315,-0.051805682480335236
0.0810126582278481,0.015228426395939085,0.05569620253164557,0.0026369181826854443,-0.3428404629230499,-0.01284939143806696,-0.1816364973783493
0.03691275167785235,0.010101010101010102,0.030201342281879193,0.0012074791047000707,-0.3354209363460541,0.18327732384204865,-0.08813191950321198
0.1282565130260521,0.028169014084507046,0.09218436873747494,0.0064984483918006965,-0.11256930232048035,0.16217058897018433,0.02259318344295025
0.163265306122449,0.07534246575342465,0.1564625850340136,0.04428044282746661,0.12239326536655426,0.3103252053260803,0.21592535078525543
0.05825242718446602,0.004878048780487804,0.03883495145631068,0.0007402382663625391,-0.3207261860370636,0.04380734637379646,-0.143515482544899
0.21958456973293766,0.041791044776119404,0.10682492581602375,0.009933553621154376,-0.018633728846907616,0.22236599028110504,0.10045268386602402
0.29213483146067415,0.0790960451977401,0.16853932584269662,0.010572923488266842,0.13333897292613983,0.19171224534511566,0.16372093558311462
0.1040650406504065,0.013050570962479607,0.06504065040650406,0.001842097663573071,-0.3488810658454895,0.03404773771762848,-0.1631869673728943
0.23848238482384823,0.0653950953678474,0.13008130081300812,0.018136530167618833,0.032666243612766266,0.06612169742584229,0.0508832223713398
0.12938005390835577,0.05420054200542005,0.10781671159029649,0.023582838617674014,-0.052118197083473206,0.28591930866241455,0.11269751191139221
0.1507246376811594,0.011661807580174927,0.0927536231884058,0.002545761806746104,-0.07870101928710938,0.1986197680234909,0.057650160044431686
0.2625698324022346,0.1348314606741573,0.1787709497206704,0.062371886281086135,0.13230247795581818,0.2648005485534668,0.19900323450565338
0.24266144814090024,0.047151277013752456,0.1330724070450098,0.0468422953117889,-0.10083509236574173,-0.21026933193206787,-0.154303178191185
0.04789053591790193,0.022857142857142857,0.03876852907639681,0.010007955880031835,-0.203116312623024,0.06446202099323273,-0.07125607877969742
0.2262210796915167,0.09819121447028424,0.16966580976863754,0.029667506026465913,0.027111677452921867,0.20586475729942322,0.11634885519742966
0.14062499999999997,0.09448818897637797,0.10156250000000001,0.046914235677328456,0.0008684538188390434,0.5538768172264099,0.2639140486717224
0.08378870673952642,0.010968921389396709,0.0546448087431694,0.0031225335151590103,-0.2285788208246231,-0.450650155544281,-0.3401225209236145
0.09705882352941177,0.04129793510324484,0.07941176470588233,0.01357014778782717,-0.09206494688987732,0.1539015769958496,0.029457593336701393
0.40378548895899047,0.12063492063492064,0.22712933753943215,0.09732488658442032,0.0650385245680809,0.10881056636571884,0.08831380307674408
0.014311270125223612,0.0035906642728904844,0.014311270125223612,0.0007398087020658126,-0.41084375977516174,-0.015994355082511902,-0.21967874467372894
0.13976705490848584,0.060100166944908176,0.09983361064891845,0.016235237730859543,-0.2621687054634094,0.19561170041561127,-0.042259715497493744
0.2629107981220657,0.08962264150943397,0.15492957746478875,0.01011421918789552,0.02111174166202545,0.11186674237251282,0.06759696453809738
0.10673443456162643,0.022929936305732482,0.07623888182973317,0.009954494665284893,-0.21028079092502594,0.08443683385848999,-0.06563762575387955
0.31702544031311153,0.0825147347740668,0.14090019569471623,0.06232839249044686,0.06880312412977219,-0.029879096895456314,0.020562149584293365
0.3067484662576687,0.10677618069815195,0.17177914110429446,0.03735011417701382,0.03831667825579643,0.11512100696563721,0.07792659848928452
0.2114093959731544,0.09427609427609428,0.13422818791946312,0.03343273772416215,-0.0994696244597435,0.13665468990802765,0.017383338883519173
0.09163346613545817,0.032,0.06374501992031871,0.01692495415947212,-0.35899052023887634,0.2520328462123871,-0.07084287703037262
0.42965779467680604,0.11832061068702289,0.19391634980988592,0.0919055980760411,0.0984073132276535,0.10102085024118423,0.1011766642332077
0.11326860841423947,0.022727272727272728,0.06796116504854369,0.004401559494915471,-0.2534049153327942,-0.09292374551296234,-0.17260438203811646
0.1925465838509317,0.03749999999999999,0.14285714285714288,0.00793660089568041,0.016546964645385742,0.10229425877332687,0.06058352068066597
0.15131578947368418,0.023102310231023104,0.09868421052631579,0.013978729588612515,-0.21043644845485687,-0.09593004733324051,-0.15199102461338043
0.2611940298507463,0.12030075187969924,0.17164179104477612,0.04848668092655342,0.07734368741512299,0.18977665901184082,0.13434775173664093
0.09590973201692525,0.014144271570014143,0.045133991537376586,0.006855698405677918,-0.24302098155021667,-0.05781695619225502,-0.1503346860408783
0.13976705490848587,0.06343906510851419,0.09650582362728785,0.025729418222925036,-0.22200120985507965,0.22403910756111145,-0.007407572120428085
0.06547619047619048,0.011940298507462685,0.0505952380952381,0.0025916047948595787,-0.23757748305797577,-0.09016964584589005,-0.16311562061309814
0.24000000000000002,0.096514745308311,0.16,0.051272011254457066,0.024994490668177605,-0.12775179743766785,-0.050866976380348206
0.09523809523809523,0.011940298507462685,0.053571428571428575,0.0030996800248176896,-0.28795769810676575,0.06611037254333496,-0.11559662222862244
0.12987012987012989,0.029315960912052113,0.07142857142857142,0.004614251238049822,-0.25037330389022827,0.1465083807706833,-0.05826536566019058
0.10567514677103718,0.05893909626719057,0.08219178082191782,0.01671788976118781,-0.14403633773326874,0.27915501594543457,0.06014842540025711
0.08768971332209106,0.01692047377326565,0.0539629005059022,0.001682088760958053,-0.20749112963676453,0.03487934544682503,-0.08755909651517868
0.3090909090909091,0.06569343065693431,0.18545454545454546,0.04633616035807725,0.04302189499139786,0.09748006612062454,0.07161524146795273
0.060606060606060615,0.0033783783783783786,0.04713804713804713,0.0012994863415832347,-0.27973657846450806,0.08444815129041672,-0.10269526392221451
0.27860696517412936,0.115,0.1791044776119403,0.057957020529120044,-0.05447062849998474,-0.15663975477218628,-0.1043010875582695
0.27670753064798603,0.16520210896309312,0.19964973730297725,0.05410657938225723,-0.07277820259332657,0.2221127301454544,0.0718451514840126
0.3666666666666667,0.04784688995215311,0.14761904761904762,0.010662108091204691,0.08829044550657272,0.14516493678092957,0.11800412833690643
0.19930069930069932,0.031578947368421054,0.10139860139860139,0.006001862974280454,-0.05964243784546852,-0.1631617248058319,-0.11015333235263824
0.15432098765432098,0.04643962848297214,0.0925925925925926,0.0056431225371384695,-0.12791068851947784,0.12565810978412628,-0.0027461873833090067
0.21677419354838712,0.04915912031047866,0.11354838709677419,0.019515626458760742,-0.1904623657464981,0.19259583950042725,-0.004720715805888176
0.3355119825708061,0.06564551422319474,0.17864923747276687,0.023715206689127723,0.06037469953298569,0.21640679240226746,0.1385962963104248
0.2849162011173184,0.07865168539325842,0.1452513966480447,0.009563299593990856,0.04416167363524437,0.09746237844228745,0.07218135893344879
0.13372093023255813,0.023323615160349854,0.06976744186046513,0.0036578840168755332,-0.3136872947216034,-0.009280312806367874,-0.16443432867527008
0.15241635687732344,0.07835820895522388,0.12267657992565056,0.016172431727294625,-0.07392894476652145,0.281803697347641,0.09913326799869537
0.08965517241379309,0.01730103806228374,0.062068965517241385,0.001840510471263488,-0.18961407244205475,0.05641762167215347,-0.06796249002218246
0.24945295404814002,0.07912087912087912,0.17067833698030638,0.02709301668664822,-0.00997961312532425,0.20917737483978271,0.09868545830249786
0.11718750000000001,0.023529411764705885,0.078125,0.0026072982199235083,-0.22273807227611542,0.027630824595689774,-0.09899871796369553
0.08881578947368421,0.023102310231023097,0.05592105263157894,0.0057863768923123865,-0.23525689542293549,0.2286672443151474,-0.012546432204544544
0.1568627450980392,0.06692913385826771,0.10196078431372549,0.02729906027102642,-0.15210004150867462,0.2076241821050644,0.02284216322004795
0.29925187032418954,0.13032581453634084,0.2044887780548628,0.06067408280328017,0.013198021799325943,0.24990378320217133,0.13020658493041992
0.12327311370882041,0.04472843450479232,0.08501594048884167,0.013733698948488294,-0.1338777244091034,0.17024929821491241,0.015127339400351048
0.19679633867276888,0.10574712643678161,0.14187643020594964,0.0450701669002621,-0.06849783658981323,0.21204784512519836,0.06936559826135635
0.0545144804088586,0.0,0.037478705281090284,0.001090043056975283,-0.32766321301460266,-0.03530240058898926,-0.1840440034866333
0.04609929078014184,0.021352313167259787,0.03546099290780142,0.005843442403725715,-0.4781915545463562,0.22081208229064941,-0.15221281349658966
0.3569405099150142,0.09686609686609687,0.19830028328611898,0.04049249527907846,-0.04346337169408798,0.12878750264644623,0.042733658105134964
0.06851549755301795,0.06546644844517185,0.06851549755301795,0.028783489637487218,-0.19090843200683594,0.48785027861595154,0.1272481381893158
0.06158833063209076,0.009756097560975611,0.045380875202593186,0.0014426895575695893,-0.2753373682498932,0.12376426160335541,-0.08221045136451721
0.2800982800982801,0.1728395061728395,0.1769041769041769,0.05440226218004381,-0.029030412435531616,0.2733716368675232,0.11909045279026031
0.2887989203778678,0.05142083897158322,0.11875843454790824,0.01612314215654523,-0.16044321656227112,-0.03222711756825447,-0.0953989326953888
0.26429980276134124,0.0910891089108911,0.17751479289940827,0.02721469863002619,-0.0023846221156418324,0.03678698092699051,0.01872146874666214
0.06463878326996196,0.007633587786259542,0.0494296577946768,0.0028638387104949338,-0.2530200481414795,0.011426004581153393,-0.12259487807750702
0.3093681917211329,0.05689277899343545,0.17429193899782136,0.009299796914735136,-0.015150008723139763,0.16428162157535553,0.07446949928998947
0.14331210191082802,0.04153354632587859,0.09872611464968153,0.023141765438530477,-0.15807664394378662,0.08571236580610275,-0.037520986050367355
0.0940032414910859,0.022764227642276424,0.0713128038897893,0.003981226827385427,-0.20884209871292114,0.07264719903469086,-0.07041873037815094
0.19488817891373802,0.05128205128205128,0.12140575079872205,0.02236157984385014,-0.15851882100105286,0.11093786358833313,-0.025810841470956802
0.2139219015280136,0.05792163543441227,0.12903225806451613,0.025941217586725344,-0.1184602826833725,-0.05879358947277069,-0.08703994750976562
0.13559322033898305,0.024330900243309,0.10653753026634383,0.015661889397578645,-0.10170815140008926,0.06822776794433594,-0.016549522057175636
0.0186219739292365,0.0,0.011173184357541902,0.00042733583649552957,-0.3835633397102356,-0.06260886043310165,-0.22654739022254944
0.16694490818030053,0.013400335008375211,0.09348914858096828,0.0021447726725787233,-0.12640760838985443,-0.03309798985719681,-0.0784439817070961
0.14128035320088297,0.026607538802660754,0.08830022075055187,0.011695911153706554,-0.16415511071681976,-0.0034325411543250084,-0.08335787802934647
0.18404907975460125,0.10677618069815195,0.15950920245398773,0.062051605250414726,-0.03712135925889015,0.31282535195350647,0.13323529064655304
0.37636761487964987,0.14945054945054945,0.22319474835886216,0.10353627112091442,0.13836078345775604,0.23211640119552612,0.18613578379154205
0.08630952380952381,0.008955223880597015,0.05952380952380953,0.0013966519638122475,-0.32876691222190857,-0.28266891837120056,-0.3037097454071045
0.09027777777777778,0.03832752613240418,0.06597222222222222,0.012685071186752807,-0.2733740508556366,0.149147167801857,-0.0695216953754425
0.043697478991596636,0.010118043844856662,0.033613445378151266,0.002232395314331347,-0.2921496331691742,0.17434579133987427,-0.06830964982509613
0.20475319926873856,0.04036697247706422,0.10603290676416818,0.013570314867299104,-0.07111699134111404,0.08594794571399689,0.007785808760672808
0.021705426356589147,0.006220839813374806,0.015503875968992248,0.0007158932429984212,-0.3698442280292511,0.09612035006284714,-0.14629805088043213
0.30361445783132535,0.06779661016949154,0.1542168674698795,0.025238511708714072,0.11956256628036499,0.036572977900505066,0.07922093570232391
0.13402061855670103,0.06896551724137931,0.10996563573883163,0.024679506727785874,-0.2451561987400055,0.273611456155777,0.002269418677315116
0.17435897435897435,0.07731958762886597,0.1282051282051282,0.021075311906508448,-0.027923177927732468,0.25569143891334534,0.11135373264551163
0.18021978021978025,0.044150110375275935,0.10989010989010989,0.01859227489203209,-0.03393655642867088,0.16757090389728546,0.06631145626306534
0.17348608837970542,0.07224958949096881,0.10474631751227495,0.017857230358798437,-0.1236158236861229,0.24231073260307312,0.05419199541211128
0.32044198895027626,0.11111111111111112,0.16022099447513813,0.040041388441535916,0.06360866874456406,0.21175354719161987,0.13800545036792755
0.17684210526315788,0.03805496828752643,0.10947368421052632,0.012013997056758534,-0.19494684040546417,0.16386280953884125,-0.020415939390659332
0.10649350649350649,0.033854166666666664,0.06753246753246754,0.014510290335125107,-0.14209213852882385,0.16210833191871643,0.006952699739485979
0.2630480167014614,0.05031446540880503,0.1419624217118998,0.00834278505211179,-0.02674236334860325,0.13497696816921234,0.05434950813651085
0.1553784860557769,0.028,0.10756972111553785,0.021553908197854257,-0.07980259507894516,0.07682468742132187,-0.0010993932373821735
0.28169014084507044,0.07272727272727272,0.1529175050301811,0.03523795886091537,-0.05249953642487526,0.10015740990638733,0.024245629087090492
0.04498269896193772,0.01041666666666667,0.04152249134948097,0.0013729831369617936,-0.24897810816764832,0.04705807566642761,-0.10368905961513519
0.2156862745098039,0.06896551724137931,0.142156862745098,0.02614375814233418,0.010348220355808735,0.2600376307964325,0.13353441655635834
0.28635346756152125,0.11235955056179775,0.17897091722595077,0.0659948181055129,0.032916344702243805,0.18963587284088135,0.11150842159986496
0.2964352720450281,0.128060263653484,0.16885553470919326,0.04525389995494316,0.004262322094291449,0.19143067300319672,0.09757936000823975
0.2413793103448276,0.12716763005780346,0.19540229885057472,0.06015387544021446,0.13122142851352692,0.30248209834098816,0.216707244515419
0.15619694397283532,0.017035775127768313,0.08488964346349746,0.0024327006021001483,-0.13792851567268372,0.04734388366341591,-0.04534175992012024
0.28059701492537314,0.0960960960960961,0.1791044776119403,0.0316137881478162,0.09698135405778885,0.1672217845916748,0.133270263671875
0.310077519379845,0.18701298701298702,0.20671834625323,0.08836733542616919,0.09028700739145279,-0.010596521198749542,0.04089226946234703
0.15945330296127563,0.022883295194508005,0.10478359908883825,0.01606137689401172,-0.12084243446588516,-0.01862429454922676,-0.06852895766496658
0.2535211267605634,0.050991501416430586,0.14647887323943662,0.019976083438795773,0.06393129378557205,0.10546787083148956,0.0861019492149353
0.2775800711743772,0.12903225806451613,0.20640569395017794,0.06001689607280598,0.0016088505508378148,0.30242618918418884,0.14896194636821747
0.09121621621621621,0.006779661016949152,0.06756756756756756,0.0018842395033849602,-0.30324992537498474,-0.07485302537679672,-0.1898573935031891
0.17233560090702946,0.04100227790432802,0.09523809523809525,0.007088874288739448,-0.16009442508220673,0.10992231965065002,-0.027120012789964676
0.12208258527827649,0.014414414414414413,0.0718132854578097,0.00845046135982321,-0.21560224890708923,-0.010450433008372784,-0.11339148133993149
0.2610294117647059,0.1033210332103321,0.15073529411764705,0.03572535232468686,-0.027815992012619972,0.15404342114925385,0.06298819929361343
0.1377410468319559,0.03591160220994476,0.09641873278236913,0.004015297265194053,-0.18044136464595795,0.0017261748434975743,-0.08929276466369629
0.1807909604519774,0.04914933837429112,0.11299435028248588,0.006816059901930745,-0.12303567677736282,0.2191244661808014,0.04373522475361824
0.09225092250922509,0.011111111111111113,0.08118081180811806,0.0021983544272591166,-0.21629099547863007,0.05042305588722229,-0.08482702821493149
0.14657210401891255,0.06175771971496437,0.09929078014184396,0.008043166794482956,-0.12326066195964813,0.08187940716743469,-0.02116464264690876
0.1951219512195122,0.044897959183673466,0.11382113821138212,0.007614075339191672,-0.07202506810426712,0.08700063079595566,0.007827128283679485
0.38539553752535494,0.17107942973523418,0.2515212981744422,0.10390045512659242,0.15288855135440826,0.04941069334745407,0.10207687318325043
0.12890625,0.03529411764705882,0.078125,0.0061476943347431754,-0.14099763333797455,0.0705135390162468,-0.0358339324593544
0.3688524590163934,0.11506849315068493,0.18306010928961752,0.059701648632788734,-0.06002519279718399,0.027088919654488564,-0.015199384652078152
0.14050822122571005,0.035982008995502246,0.09267563527653214,0.004913596988923016,-0.19085219502449036,-0.024861516430974007,-0.10747778415679932
0.17427385892116184,0.020833333333333332,0.0995850622406639,0.01147253989873296,-0.22383150458335876,-0.10696447640657425,-0.1642160713672638
0.21551724137931033,0.10389610389610389,0.16379310344827586,0.05505881312583456,-0.018207108601927757,0.17305822670459747,0.0771072655916214
0.06860158311345646,0.007936507936507938,0.04485488126649076,0.0012237032614692944,-0.27628293633461,0.0017070737667381763,-0.13945341110229492
0.3177570093457944,0.13883677298311445,0.21682242990654205,0.07054334553280313,0.09177098423242569,0.1990583837032318,0.146239772439003
0.31232876712328766,0.1542699724517906,0.19726027397260273,0.09217362346008699,0.13745024800300598,0.026489002630114555,0.0828457921743393
0.10281923714759535,0.029950083194675542,0.06633499170812603,0.005183953230558234,-0.21114854514598846,0.18808019161224365,-0.017961464822292328
0.26618705035971224,0.08664259927797834,0.16187050359712232,0.02848920353023634,-0.07354866713285446,-0.017917554825544357,-0.04419080168008804
0.208067940552017,0.10660980810234541,0.14012738853503184,0.053917893660948235,-0.0804959386587143,0.30710914731025696,0.10732804238796234
0.22912621359223298,0.10136452241715399,0.15145631067961163,0.04268564510389288,-0.018768861889839172,0.256098210811615,0.11637146025896072
0.13653136531365312,0.014814814814814815,0.08487084870848709,0.005075858647588953,-0.23064613342285156,-0.31992247700691223,-0.2736418843269348
0.17006802721088435,0.08191126279863481,0.12244897959183673,0.044740318929959166,-0.018749404698610306,-0.06433149427175522,-0.03995533287525177
0.3631436314363144,0.20708446866485014,0.23306233062330625,0.11152530612607342,0.19213983416557312,0.3393086791038513,0.265880823135376
0.1407035175879397,0.04705882352941177,0.08710217755443886,0.022480883040840408,-0.271620512008667,0.050223201513290405,-0.11424542218446732
0.40533333333333327,0.11260053619302948,0.21866666666666668,0.07219133516227877,0.17888414859771729,0.07075053453445435,0.1256599724292755
0.210989010989011,0.12362030905077263,0.18461538461538463,0.04963284728015634,-0.015236323699355125,0.3156852126121521,0.146237313747406
0.17721518987341772,0.01451905626134301,0.09403254972875226,0.0041029488404409785,-0.1311754435300827,0.06725820899009705,-0.03228147700428963
0.08494208494208494,0.01937984496124031,0.061776061776061784,0.009276827239514496,-0.15358968079090118,0.10601543635129929,-0.02554243989288807
0.1506849315068493,0.041237113402061855,0.08219178082191782,0.00428781381965919,-0.26418012380599976,-0.09406167268753052,-0.17871972918510437
0.13284132841328414,0.03333333333333333,0.07749077490774908,0.0022864274600044397,-0.15962393581867218,0.12305575609207153,-0.02067975141108036
0.16332378223495703,0.05172413793103448,0.12034383954154727,0.01613944883364756,-0.16919851303100586,0.025738753378391266,-0.0719337984919548
0.10638297872340426,0.036585365853658534,0.0851063829787234,0.010376694130258865,-0.1019529402256012,0.13936245441436768,0.017370624467730522
0.11199999999999999,0.06425702811244981,0.09599999999999999,0.029904688591098696,-0.14399105310440063,0.30885618925094604,0.07373245060443878
0.2222222222222222,0.12210526315789473,0.14675052410901468,0.06372468159491924,0.01850956305861473,0.2931571900844574,0.15351314842700958
0.2467718794835007,0.11510791366906474,0.15781922525107606,0.040926407257272084,-0.20136278867721558,-0.0030809391755610704,-0.10245652496814728
0.33729216152019,0.10501193317422436,0.19002375296912116,0.05599452655287394,0.05904318764805794,-0.08188153058290482,-0.010786272585391998
0.1806451612903226,0.012944983818770227,0.0935483870967742,0.003967817882616509,-0.17174868285655975,0.06783442944288254,-0.05317665636539459
0.14684287812041116,0.014727540500736377,0.10866372980910426,0.001889358720064549,-0.18375103175640106,0.03297135606408119,-0.07604954391717911
0.06700167504187605,0.023529411764705882,0.056951423785594646,0.008769859961913496,-0.2095007747411728,0.2939552068710327,0.031084256246685982
0.23123732251521298,0.05295315682281059,0.12576064908722112,0.027302538546179523,-0.02485794387757778,-0.1458469182252884,-0.08434531837701797
0.20128479657387582,0.06881720430107527,0.1284796573875803,0.03309277751993168,-0.0966276079416275,0.20414848625659943,0.05077868700027466
0.37714285714285717,0.11494252873563217,0.21714285714285717,0.07258244283673287,0.1360713243484497,0.1682196408510208,0.1534728854894638
0.2549668874172185,0.03322259136212624,0.12582781456953643,0.006236123952596356,-0.16732646524906158,-0.09312253445386887,-0.12867209315299988
0.16145833333333331,0.026178010471204192,0.10937500000000001,0.006248229792100966,0.0025038355961441994,0.2092396318912506,0.10521295666694641
0.14469453376205788,0.041935483870967745,0.11254019292604499,0.014393509114203824,-0.1440943479537964,0.09927061945199966,-0.023754026740789413
0.25738396624472576,0.05508474576271186,0.1518987341772152,0.010628665977483248,0.02666277065873146,0.11906715482473373,0.07394787669181824
0.14868804664723032,0.05555555555555555,0.11078717201166181,0.028365803686944344,-0.20315027236938477,0.03762459754943848,-0.08397979289293289
0.0962566844919786,0.05724508050089445,0.08199643493761141,0.018307008162920614,-0.1684630662202835,0.14778286218643188,-0.013759896159172058
0.2674772036474164,0.054878048780487805,0.1398176291793313,0.009532520769391565,-0.06786497682332993,-0.005341945216059685,-0.0351170115172863
0.2627118644067797,0.09631728045325778,0.15254237288135594,0.03784086463752182,-0.0013509674463421106,0.1707402765750885,0.08471295982599258
0.16965742251223492,0.055646481178396066,0.12071778140293637,0.03325305356439438,-0.28420230746269226,0.12453856319189072,-0.08665641397237778
0.18478260869565216,0.01639344262295082,0.09239130434782608,0.007465479550661002,-0.03651503473520279,0.09469165652990341,0.029803337529301643
0.20618556701030924,0.04145077720207254,0.1288659793814433,0.007960084836382598,0.020832987502217293,0.18800166249275208,0.10449250042438507
0.27936507936507937,0.038338658146964855,0.14603174603174604,0.009546623391694186,0.04148131608963013,0.06471351534128189,0.05460943281650543
0.24067796610169492,0.057823129251700675,0.11864406779661016,0.028452086702931492,-0.09857499599456787,-0.13923580944538116,-0.1171741932630539
0.20148148148148146,0.0475482912332838,0.11555555555555555,0.005771211471112509,-0.08155930787324905,0.14935515820980072,0.03279462084174156
0.13629160063391443,0.009538950715421305,0.07923930269413629,0.002070926110439193,-0.23728033900260925,-0.20804227888584137,-0.22071915864944458
0.25380710659898476,0.07142857142857142,0.1319796954314721,0.034856368563076896,-0.06962452828884125,0.0639590248465538,-0.0021030795760452747
0.256578947368421,0.0561056105610561,0.14473684210526314,0.028522653612804826,-0.05166327580809593,-0.057150185108184814,-0.052695296704769135
0.17737003058103978,0.01230769230769231,0.10397553516819573,0.006048736302262014,-0.06568093597888947,0.07547274976968765,0.005509679671376944
0.20786516853932585,0.03389830508474577,0.1348314606741573,0.003673261907680049,-0.025733472779393196,0.15448203682899475,0.06427724659442902
0.3490304709141274,0.10027855153203342,0.21052631578947367,0.035220989309220456,0.1305846869945526,0.14652465283870697,0.1399421989917755
0.14500000000000002,0.07537688442211055,0.11999999999999998,0.02070200437758333,-0.06874793767929077,0.19851577281951904,0.06284340471029282
0.17692307692307693,0.09266409266409266,0.15,0.04236567258808088,-0.07314008474349976,0.24294567108154297,0.08142925798892975
0.18303571428571427,0.022421524663677132,0.10267857142857144,0.005566547585242166,-0.09986157715320587,0.046377863734960556,-0.026157647371292114
0.24705882352941178,0.0826771653543307,0.14901960784313725,0.04308338120069547,-0.04060225188732147,0.09006459265947342,0.025459446012973785
0.1934065934065934,0.11479028697571744,0.16703296703296705,0.06186777489229966,-0.056784145534038544,0.322844922542572,0.127349853515625
0.2042755344418052,0.05250596658711217,0.12826603325415678,0.015532689340217813,-0.06489702314138412,0.12010569125413895,0.02746717259287834
0.2005012531328321,0.06045340050377834,0.12531328320802004,0.0262609856729456,-0.01663115620613098,0.09613556414842606,0.040676843374967575
0.13836477987421383,0.028391167192429023,0.08176100628930819,0.003857936968598682,-0.18420171737670898,-0.2717936635017395,-0.22641213238239288
0.2978723404255319,0.16239316239316237,0.2085106382978723,0.08726941613031734,0.05805233493447304,0.2329586148262024,0.14539466798305511
0.07725321888412016,0.01293103448275862,0.060085836909871244,0.001563009224086584,-0.27147653698921204,-0.02524176985025406,-0.14964884519577026
0.07878787878787878,0.0030395136778115506,0.051515151515151514,0.0016946506728574256,-0.2322627604007721,0.0353059358894825,-0.10038169473409653
0.11604095563139932,0.058219178082191785,0.09897610921501707,0.01824147669295514,-0.17733827233314514,0.09127786755561829,-0.04501049220561981
0.12058212058212059,0.012526096033402923,0.07484407484407483,0.002233963901658363,-0.13494357466697693,0.005067101679742336,-0.06420943886041641
0.30113636363636365,0.1142857142857143,0.19886363636363633,0.06636929972956002,0.059371817857027054,0.09661344438791275,0.07942259311676025
0.09671179883945842,0.011650485436893204,0.05415860735009672,0.00980916061576062,-0.27325236797332764,-0.007220575585961342,-0.1420615166425705
0.1415929203539823,0.014209591474245116,0.07787610619469028,0.0019493687817373213,-0.22035910189151764,0.04863639175891876,-0.08781478554010391
0.24363636363636365,0.051094890510948905,0.15272727272727274,0.033862968119392545,-0.11340945959091187,0.09750129282474518,-0.008564530871808529
0.1,0.012552301255230124,0.06666666666666668,0.001677548505515932,-0.2837381958961487,-0.42516323924064636,-0.3533438444137573
0.14012738853503184,0.047923322683706075,0.09872611464968153,0.013438407363099467,-0.19052037596702576,0.25561538338661194,0.02412908524274826
0.19953596287703015,0.07925407925407925,0.12993039443155452,0.029972994711956826,-0.03600775822997093,0.15910309553146362,0.06117542088031769
0.072562358276644,0.02277904328018223,0.05895691609977324,0.0017235667324624205,-0.1970696896314621,0.1523091197013855,-0.026912707835435867
0.08148148148148147,0.014851485148514853,0.059259259259259255,0.006878614285729399,-0.24929046630859375,0.1372620314359665,-0.061933308839797974
0.23824451410658307,0.08201892744479494,0.15673981191222572,0.03897705578078584,0.009212685748934746,0.2855510711669922,0.14502349495887756
0.34889434889434895,0.08888888888888888,0.19656019656019655,0.04138908951461043,0.09887956827878952,0.2764476239681244,0.18745096027851105
0.04477611940298507,0.0,0.033582089552238806,0.0006209595547678784,-0.3285808265209198,-0.08926623314619064,-0.2099781036376953
0.1651376146788991,0.04147465437788019,0.12385321100917432,0.00892372748947912,-0.07097584754228592,0.05375796929001808,-0.007755789905786514
0.16533333333333333,0.058981233243967826,0.12266666666666665,0.015142874023412625,-0.055455464869737625,0.10677947849035263,0.025924913585186005
0.20401854714064915,0.07131782945736434,0.1329211746522411,0.03470607665669034,-0.1173933818936348,0.0588611476123333,-0.029170118272304535
0.3048780487804878,0.1656441717791411,0.20731707317073172,0.08365765956068895,0.03517397120594978,0.2320382297039032,0.13310956954956055
0.2463768115942029,0.12135922330097086,0.15942028985507248,0.051951286774447804,0.004427168983966112,0.29980793595314026,0.14922082424163818
0.21194605009633913,0.03481624758220503,0.1117533718689788,0.0032444607280890467,-0.09286760538816452,0.06792286038398743,-0.012134292162954807
0.03888888888888889,0.011173184357541898,0.03888888888888889,0.0017256711456257571,-0.2825580835342407,-0.6394239664077759,-0.4657326936721802
0.09391304347826086,0.027923211169284465,0.07304347826086957,0.011559509421908075,-0.35391172766685486,0.17269708216190338,-0.10311058163642883
0.2603036876355748,0.06100217864923747,0.15184381778741865,0.009092763710505268,-0.025233270600438118,0.19129343330860138,0.0821927934885025
0.08667736757624399,0.00966183574879227,0.057784911717495994,0.00296216658425874,-0.27583402395248413,-0.03057274967432022,-0.15446315705776215
0.09324009324009323,0.023419203747072598,0.06526806526806528,0.004220547856438957,-0.25522637367248535,-0.029760245233774185,-0.14327850937843323
0.1838006230529595,0.059375000000000004,0.13084112149532715,0.025197002220416386,-0.22672021389007568,0.19445925951004028,-0.02347114495933056
0.1001669449081803,0.05695142378559464,0.08013355592654424,0.021361617224927618,-0.23810811340808868,-0.33979082107543945,-0.287413090467453
0.2173913043478261,0.06395348837209303,0.13623188405797101,0.0065951472033463215,-0.06112287566065788,0.12086442857980728,0.029786385595798492
0.23385689354275743,0.09807355516637478,0.13612565445026178,0.04438722218925839,-0.04741757735610008,0.1182507649064064,0.03560931980609894
0.1326352530541012,0.04903677758318739,0.09075043630017453,0.023470711140167317,-0.20114487409591675,0.05676037818193436,-0.07385782152414322
0.11904761904761905,0.050746268656716415,0.09523809523809523,0.0090097191584661,-0.14781226217746735,0.26855459809303284,0.05324552208185196
0.15673981191222572,0.056603773584905655,0.10658307210031348,0.02007892386950721,-0.19860848784446716,0.1850700080394745,-0.012580335140228271
0.32734530938123746,0.15230460921843686,0.2155688622754491,0.07482937491629423,-0.029234880581498146,0.21637460589408875,0.09205378592014313
0.14657980456026057,0.022875816993464054,0.08794788273615635,0.002312479261136595,-0.28451573848724365,0.08751706779003143,-0.10384833812713623
0.12,0.012048192771084338,0.08399999999999999,0.002055761306770162,-0.19318976998329163,0.08567769825458527,-0.056013960391283035
0.4804177545691906,0.2099737532808399,0.2610966057441253,0.11387415284167435,0.27632856369018555,0.26171180605888367,0.27019715309143066
0.030612244897959183,0.0,0.030612244897959183,0.0006279001688407847,-0.35325977206230164,-0.08602718263864517,-0.22143538296222687
0.3937007874015748,0.13492063492063494,0.20472440944881892,0.11605069088720048,0.2378859519958496,0.22896790504455566,0.23466835916042328
0.14604462474645033,0.06924643584521385,0.10953346855983774,0.021560000610408497,-0.17187921702861786,0.19246743619441986,0.005210551433265209
0.1692573402417962,0.09358752166377815,0.13126079447322972,0.03178604656294008,-0.1429489105939865,0.052123408764600754,-0.04565183445811272
0.13001383125864455,0.06934812760055478,0.09128630705394192,0.02782062457628198,-0.2115153819322586,0.42974963784217834,0.09023041278123856
0.2802303262955854,0.07707129094412331,0.13819577735124758,0.030307007164829113,-0.07018769532442093,0.2735407054424286,0.0972890555858612
0.12747252747252746,0.10596026490066225,0.12307692307692307,0.03776215779318806,-0.21054327487945557,0.2792109251022339,0.023866333067417145
0.2122905027932961,0.08224299065420561,0.12290502793296089,0.037124288141027674,-0.11244159936904907,0.28528860211372375,0.08005369454622269
0.15472779369627507,0.048850574712643674,0.09169054441260745,0.019943950619710594,-0.29986879229545593,0.023849157616496086,-0.1416052281856537
0.17509727626459143,0.05078125,0.09727626459143969,0.00642104049327833,-0.18580490350723267,0.03278175741434097,-0.07721179723739624
0.41401273885350315,0.19808306709265178,0.24522292993630573,0.09596274455673365,-8.136227552313358e-05,0.10895170271396637,0.05537932738661766
0.2892768079800499,0.10025062656641603,0.1596009975062344,0.05254123769699669,0.10501782596111298,0.2253538966178894,0.1658363789319992
0.3404255319148936,0.08021390374331551,0.18085106382978722,0.02739841437820069,0.04724636301398277,0.25707414746284485,0.15138252079486847
0.12258064516129032,0.032467532467532464,0.1032258064516129,0.006895464846239698,-0.09760218113660812,-0.03291758894920349,-0.06374184787273407
0.38064516129032255,0.0909090909090909,0.21290322580645163,0.0591699065176645,0.1805616319179535,0.03232899308204651,0.1068057119846344
0.13932584269662923,0.03160270880361173,0.0943820224719101,0.005228935976282163,-0.07917645573616028,-0.23455780744552612,-0.15625298023223877
0.1501103752759382,0.031042128603104215,0.10154525386313468,0.005541248864307725,-0.198423832654953,-0.015108275227248669,-0.10670047253370285
0.17404580152671756,0.042879019908116385,0.10687022900763359,0.007221306941699903,-0.07733908295631409,0.10403528809547424,0.01329619437456131
0.11940298507462685,0.04868913857677903,0.08208955223880596,0.017278721388827696,-0.21635253727436066,0.24305108189582825,0.004317405167967081
0.14890885750962773,0.059202059202059204,0.09499358151476252,0.029930923334442378,-0.23313863575458527,0.181605264544487,-0.0328359417617321
0.10819672131147541,0.019736842105263157,0.0819672131147541,0.001957728593875233,-0.24754613637924194,0.06748848408460617,-0.093362957239151
0.1510574018126888,0.121580547112462,0.1450151057401813,0.06165752205667069,-0.1865152269601822,0.5052768588066101,0.13731396198272705
0.22396856581532415,0.07100591715976332,0.137524557956778,0.02648618981103776,-0.10745833814144135,0.13962632417678833,0.01461066398769617
0.16054421768707486,0.051841746248294684,0.11428571428571428,0.019680590266893252,-0.11201285570859909,0.16593244671821594,0.02466130070388317
0.14782608695652175,0.034934497816593885,0.09565217391304348,0.019521423307146138,-0.11359411478042603,0.15482479333877563,0.018584441393613815
0.1803921568627451,0.05511811023622047,0.1176470588235294,0.02463118199523553,-0.10030942410230637,-0.07472214847803116,-0.08578162640333176
0.05305039787798409,0.0,0.03713527851458886,0.0008559345845072523,-0.24336977303028107,0.08198552578687668,-0.08437109738588333
0.09650582362728785,0.0367278797996661,0.07321131447587355,0.005957793965701376,-0.2959807515144348,-0.027303630486130714,-0.16352282464504242
0.09271523178807946,0.03322259136212625,0.06953642384105961,0.008304496673941472,-0.1826346069574356,-0.05372577905654907,-0.1172211691737175
0.12624584717607973,0.023333333333333334,0.06976744186046512,0.0067917396408845735,-0.13408467173576355,0.08681103587150574,-0.024447990581393242
0.09606986899563319,0.013157894736842105,0.06550218340611354,0.0018819642397289854,-0.22438760101795197,0.07438540458679199,-0.07783159613609314
0.10108303249097474,0.007246376811594202,0.06859205776173286,0.0007126073073107239,-0.2633205056190491,0.06293357908725739,-0.10389318317174911
0.11829944547134934,0.014842300556586271,0.08133086876155268,0.002104812479890263,-0.15994548797607422,0.03607422485947609,-0.06217345595359802
0.10703363914373089,0.024539877300613494,0.07339449541284403,0.004395710930151305,-0.21948640048503876,0.14045368134975433,-0.04442424327135086
0.13704496788008566,0.017204301075268817,0.08137044967880086,0.0021096106267453284,-0.16160528361797333,0.07558240741491318,-0.04418126866221428
0.4362850971922246,0.2125813449023861,0.2764578833693304,0.13437639795790265,0.15094895660877228,-0.03288504481315613,0.05886750668287277
0.1629116117850953,0.020869565217391306,0.10051993067590988,0.004293210875845318,-0.13683825731277466,-0.003675903659313917,-0.0694245770573616
0.046846846846846854,0.01808318264014467,0.03963963963963963,0.0012661833334683913,-0.3346766233444214,0.07823321968317032,-0.13523171842098236
0.23343848580441642,0.0791139240506329,0.13249211356466878,0.01963039344559412,-0.07858923822641373,0.2440125048160553,0.07903235405683517
0.2324966974900925,0.08211920529801325,0.12681638044914134,0.031218201133640922,-0.10090124607086182,0.1804913878440857,0.03738890588283539
0.1868300153139357,0.09831029185867897,0.13782542113323126,0.04918118459828865,-0.08180268853902817,0.20801043510437012,0.06043872609734535
0.08748114630467571,0.0302571860816944,0.060331825037707384,0.008958886319513108,-0.12344885617494583,0.22905845940113068,0.04813350364565849
0.08510638297872342,0.008534850640113797,0.05673758865248227,0.001397460199285138,-0.301669716835022,-0.10816855728626251,-0.20493246614933014
0.059574468085106386,0.008547008547008548,0.0425531914893617,0.0007193514394695778,-0.30572015047073364,-0.5227536559104919,-0.41454610228538513
0.048458149779735685,0.008849557522123894,0.039647577092511016,0.0015112723615217062,-0.28695058822631836,0.06291907280683517,-0.11653532832860947
0.19140625,0.05882352941176471,0.11328124999999999,0.015094574496819734,-0.10082165151834488,0.006130750756710768,-0.04622536897659302
0.28979591836734697,0.06147540983606557,0.14693877551020407,0.01096719993723958,0.024934707209467888,0.1252155900001526,0.07607921212911606
0.20598802395209578,0.01920768307322929,0.09580838323353294,0.002296208899709379,-0.15854570269584656,-0.07170204818248749,-0.1137004941701889
0.1128747795414462,0.03893805309734514,0.08465608465608465,0.014464165347463151,-0.13747818768024445,0.30203109979629517,0.074167899787426
0.1408045977011494,0.008645533141210375,0.08045977011494253,0.0039890850228840175,-0.14128665626049042,-0.05185386911034584,-0.09519869089126587
0.3620689655172414,0.1271676300578035,0.22413793103448273,0.07928082483072602,0.10091044753789902,0.21812944114208221,0.1602151095867157
0.2942528735632184,0.11085450346420321,0.2160919540229885,0.05459670979536888,0.0741751566529274,0.11926878243684769,0.0980900302529335
0.15841584158415842,0.015904572564612324,0.10297029702970296,0.00510110906673384,-0.19558605551719666,0.007199352141469717,-0.09453121572732925
0.2601626016260163,0.06122448979591837,0.16260162601626016,0.003998995106116242,-0.029192429035902023,0.05645723640918732,0.014867058955132961
0.3055555555555556,0.09302325581395347,0.1574074074074074,0.03372006175556978,-0.019073085859417915,0.03128868713974953,0.007595454342663288
0.3004926108374384,0.0495049504950495,0.15763546798029557,0.03182799041891068,0.025219827890396118,0.10959583520889282,0.06856957077980042
0.18134715025906736,0.010416666666666666,0.10362694300518135,0.0028429079433086634,-0.10501357913017273,0.10922513157129288,0.0014115883968770504
0.28807556080283353,0.08757396449704141,0.14403778040141677,0.023230346850543426,-0.13548517227172852,0.07944472134113312,-0.02869476191699505
0.21153846153846154,0.03225806451612903,0.10897435897435898,0.004114747144342024,-0.04326067492365837,0.08652982115745544,0.022378813475370407
0.17233560090702946,0.0683371298405467,0.11791383219954647,0.0259306102527946,-0.07651520520448685,0.1669621467590332,0.04380938783288002
0.06774193548387097,0.019417475728155338,0.05161290322580645,0.0026463763707722764,-0.23093478381633759,0.21193961799144745,-0.0177862960845232
0.11809523809523807,0.03824091778202677,0.07238095238095239,0.009109188970600222,-0.18464425206184387,0.1235092282295227,-0.03371813893318176
0.14201183431952663,0.05934718100890208,0.07396449704142012,0.026622801226196372,-0.2923717796802521,0.16053390502929688,-0.07469093054533005
0.06581352833638025,0.03669724770642201,0.062157221206581355,0.012729273374708713,-0.17273317277431488,0.2770829200744629,0.04359855130314827
0.12190476190476189,0.02676864244741874,0.08380952380952382,0.004534537028214301,-0.2382786124944687,-0.05580320209264755,-0.14690831303596497
0.19971469329529246,0.09155937052932761,0.1255349500713267,0.04002195055955592,-0.2092811018228531,0.10271377116441727,-0.056541938334703445
0.0910569105691057,0.03915171288743883,0.07479674796747968,0.021826856683108867,-0.29051530361175537,0.1648295372724533,-0.07172684371471405
0.12557427258805515,0.021505376344086023,0.07656967840735068,0.00803172990973392,-0.14751651883125305,0.12028609216213226,-0.015599164180457592
0.05128205128205129,0.00964630225080386,0.04487179487179487,0.0013738361684255383,-0.31740307807922363,0.11523208022117615,-0.10895046591758728
0.08794788273615635,0.00980392156862745,0.06188925081433225,0.0017697630069331272,-0.19996725022792816,0.13381816446781158,-0.03706081584095955
0.34782608695652173,0.19825072886297376,0.28405797101449276,0.09207935761370598,0.08467548340559006,0.34395095705986023,0.21233722567558289
0.3870967741935484,0.12037037037037036,0.18894009216589863,0.07536175039748975,0.13247016072273254,0.23135554790496826,0.18276731669902802
0.1094890510948905,0.021978021978021976,0.06204379562043796,0.005089433893387431,-0.2158420830965042,0.010675047524273396,-0.1034369021654129
0.16279069767441862,0.09941520467836258,0.13372093023255816,0.04860662310638846,0.005711277946829796,0.20858772099018097,0.10656733065843582
0.09663865546218486,0.01687763713080169,0.07983193277310924,0.0023693821050084648,-0.22461046278476715,-0.005422594491392374,-0.11568738520145416
0.14712643678160917,0.08314087759815242,0.1333333333333333,0.0433804974676056,-0.15455153584480286,0.11763104051351547,-0.02056002989411354
0.1196013289036545,0.05333333333333333,0.08305647840531562,0.0060377298266539895,-0.21806256473064423,0.15996971726417542,-0.0346360057592392
0.09183673469387756,0.013651877133105804,0.061224489795918366,0.0017411245183592962,-0.26137876510620117,0.014983057044446468,-0.12532764673233032
0.2616279069767442,0.08771929824561403,0.1744186046511628,0.03348765063158707,-0.038381412625312805,0.16471953690052032,0.06263574957847595
0.15605749486652976,0.04536082474226805,0.11088295687885011,0.011534273564691843,-0.12564882636070251,0.12992508709430695,0.000463348493212834
0.06862745098039215,0.009836065573770493,0.04575163398692811,0.0016547616988696228,-0.28764182329177856,0.008561898022890091,-0.14224763214588165
0.05734767025089606,0.021582733812949638,0.04659498207885304,0.0035360874472108645,-0.26000481843948364,0.023688213899731636,-0.12050522118806839
0.11089108910891089,0.027833001988071572,0.07524752475247524,0.0023907023101732467,-0.21565990149974823,-0.16418151557445526,-0.1881251335144043
0.18960244648318042,0.027607361963190188,0.10703363914373086,0.004768175577255554,-0.21812093257904053,-0.09030795097351074,-0.1531885862350464
0.24966799468791498,0.04793608521970706,0.15139442231075698,0.02903629960309648,-0.0693068578839302,-0.4794245660305023,-0.28131434321403503
0.1923076923076923,0.030042918454935626,0.11538461538461538,0.0029541981364536135,-0.08281370252370834,0.04212326556444168,-0.01947723515331745
0.015337423312883436,0.003076923076923077,0.01226993865030675,0.0006926855231670813,-0.4434325397014618,-0.013522882014513016,-0.2362724244594574
0.24324324324324323,0.08695652173913043,0.16216216216216217,0.035352833682031834,0.0038717829156666994,0.1304492950439453,0.06787984818220139
0.2282282282282282,0.0785498489425982,0.16216216216216214,0.04198420159973892,0.013123027049005032,-0.16956697404384613,-0.07819005846977234
0.12859560067681897,0.006791171477079797,0.077834179357022,0.0016813217371424826,-0.1982618123292923,0.012668638490140438,-0.09330892562866211
0.1218274111675127,0.027164685908319185,0.08460236886632826,0.0022531144744628432,-0.09755973517894745,0.10037706792354584,0.0010548947611823678
0.11272141706924316,0.012924071082390952,0.05797101449275362,0.007382831982004288,-0.28114593029022217,-0.1128762736916542,-0.19655370712280273
0.04726735598227474,0.029629629629629627,0.04726735598227474,0.011451780807519815,-0.2537190616130829,-0.5153767466545105,-0.3860611319541931
0.13272311212814647,0.03678160919540229,0.10068649885583525,0.017010964058705585,-0.25924745202064514,-0.14483703672885895,-0.20077645778656006
0.3569405099150142,0.12535612535612536,0.23796033994334279,0.06510972252769082,0.11518527567386627,0.1651952862739563,0.14146538078784943
0.252465483234714,0.10693069306930691,0.16568047337278105,0.03796835382165023,-0.009498868137598038,-0.11778738349676132,-0.06251849979162216
0.11385199240986715,0.007619047619047619,0.08349146110056926,0.0014431437470305418,-0.2523641884326935,0.10324860364198685,-0.07929722219705582
0.08968609865470852,0.008995502248875561,0.04783258594917787,0.0012871547254581209,-0.2365763783454895,0.0424334816634655,-0.09929819405078888
0.1048951048951049,0.007017543859649123,0.06643356643356643,0.001663544871396689,-0.2512725293636322,0.009000870399177074,-0.12282019853591919
0.07326007326007326,0.007352941176470587,0.05128205128205128,0.0014210668416845063,-0.2717899680137634,0.033696845173835754,-0.12205736339092255
0.27392120075046905,0.12429378531073444,0.16885553470919326,0.060829919837263706,0.07025597244501114,0.002488804515451193,0.03770604357123375
0.23229461756373937,0.045584045584045586,0.141643059490085,0.009877390687393134,-0.06796261668205261,0.046578072011470795,-0.009712306782603264
0.1660899653979239,0.11846689895470382,0.1453287197231834,0.05384472846705581,-0.03818826749920845,0.3469632863998413,0.14849507808685303
0.04745762711864407,0.010204081632653062,0.04067796610169491,0.006358145326380056,-0.3041619062423706,-0.02418767288327217,-0.1663767248392105
0.16379310344827586,0.05763688760806916,0.12068965517241381,0.02070142426012425,-0.10398098826408386,0.18268802762031555,0.036797359585762024
0.2039045553145336,0.10457516339869281,0.14316702819956617,0.04425566562866826,-0.07642924040555954,0.23350052535533905,0.07525775581598282
0.23625254582484725,0.081799591002045,0.15885947046843174,0.03230765808378148,-0.07171235233545303,0.21890904009342194,0.07090150564908981
0.12375249500998003,0.008016032064128258,0.06387225548902195,0.0019296423182523698,-0.1634274423122406,0.2153686136007309,0.020342836156487465
0.013667425968109341,0.0,0.013667425968109341,0.0005499803635693288,-0.4204123020172119,0.002147106919437647,-0.2165878713130951
0.2571976967370442,0.07321772639691715,0.14203454894433779,0.025724654646499517,-0.012045507319271564,0.1350134015083313,0.06193224713206291
0.15434083601286175,0.05161290322580645,0.11254019292604502,0.02711115800092249,-0.08996615558862686,0.14710618555545807,0.027328025549650192
0.2,0.026022304832713755,0.11851851851851851,0.012409547138253577,-0.13070425391197205,0.03208527714014053,-0.048954252153635025
0.09090909090909091,0.05913978494623656,0.08021390374331551,0.02447090927550923,-0.11364541202783585,-0.38815271854400635,-0.25288939476013184
0.10966810966810965,0.03183791606367583,0.06926406926406928,0.0034672877666076297,-0.2747904658317566,0.08460874855518341,-0.09996426105499268
0.09090909090909091,0.016286644951140062,0.06168831168831169,0.0031827194456992233,-0.2049466073513031,0.14967067539691925,-0.03235564008355141
0.3280423280423281,0.09574468085106383,0.16402116402116404,0.029642787617864975,0.11594937741756439,0.1019660010933876,0.11039525270462036
0.09765625,0.03529411764705882,0.07421875,0.002159592492340008,-0.162550151348114,-0.0005500413826666772,-0.0811389610171318
0.09419152276295134,0.025196850393700787,0.07535321821036108,0.009378519238329382,-0.1934642791748047,0.07382156699895859,-0.06175072118639946
0.30079155672823216,0.14854111405835543,0.21635883905013192,0.08034663979555934,0.1349499374628067,0.3445848226547241,0.23888757824897766
0.14634146341463417,0.0049019607843137246,0.09268292682926829,0.005060283300789214,-0.15248386561870575,-0.007539634592831135,-0.07933359593153
0.25770308123249297,0.09014084507042254,0.17366946778711487,0.05411589690992809,0.014566322788596153,0.16087915003299713,0.08814463764429092
0.09546539379474941,0.062350119904076726,0.09069212410501194,0.03279665105911421,-0.06092725321650505,0.3422088623046875,0.1340542733669281
0.10305343511450381,0.02681992337164751,0.0801526717557252,0.0021436959753691584,-0.17809776961803436,0.1305384337902069,-0.026950495317578316
0.15520282186948853,0.03185840707964602,0.10229276895943562,0.004682011380070008,-0.14621472358703613,0.09108968079090118,-0.028751621022820473
0.1888111888111888,0.06315789473684211,0.11538461538461538,0.013891047557979413,-0.07678016275167465,0.24176494777202606,0.07894299924373627
0.2436548223350254,0.09183673469387756,0.16751269035532995,0.06039200401899862,0.024681422859430313,0.1989310383796692,0.1117517501115799
0.2530864197530864,0.07430340557275542,0.1574074074074074,0.017218248115948243,-0.055619604885578156,0.05682263523340225,0.0015888756606727839
0.4235560588901472,0.09988649262202043,0.17440543601359004,0.04971094803851758,0.049827318638563156,-0.007155136205255985,0.022761289030313492
0.11306042884990254,0.007827788649706457,0.07017543859649122,0.0021685258767676174,-0.20676028728485107,-0.007563334424048662,-0.10740926861763
0.13846153846153847,0.05405405405405406,0.1076923076923077,0.022959820859989127,-0.21206864714622498,0.17905810475349426,-0.022608015686273575
0.14814814814814817,0.020661157024793386,0.0823045267489712,0.0027332962559389697,-0.22939951717853546,0.029047491028904915,-0.10183072090148926
0.1299212598425197,0.03162055335968379,0.08661417322834644,0.009056750865206438,-0.13779231905937195,0.08280085772275925,-0.02829604223370552
0.18796992481203006,0.015094339622641511,0.10902255639097745,0.005954299734598754,-0.13178955018520355,0.10451246052980423,-0.014817969873547554
0.0771513353115727,0.020833333333333336,0.05934718100890207,0.00346325273058262,-0.2085697054862976,0.15784595906734467,-0.030512841418385506
0.24471299093655588,0.12121212121212122,0.18731117824773413,0.07157617676358934,-0.0892975702881813,0.11334354430437088,0.011561463586986065
0.14285714285714288,0.013651877133105802,0.0782312925170068,0.0018756240713884195,-0.22053492069244385,-0.016328269615769386,-0.11877013742923737
0.2137767220902613,0.06205250596658711,0.14726840855106887,0.029746643869444492,-0.1642562747001648,0.07286368310451508,-0.04686176776885986
0.2835820895522388,0.06,0.13432835820895522,0.008283900088031306,-0.017329810187220573,-0.154120534658432,-0.08492768555879593
0.043912175648702596,0.01603206412825651,0.03992015968063873,0.0032327404669810315,-0.2866537868976593,-0.11879408359527588,-0.2022516131401062
0.1437125748502994,0.03206412825651303,0.09181636726546907,0.014269078295335831,-0.20338481664657593,0.07173105329275131,-0.06796849519014359
0.15508885298869143,0.09724473257698542,0.09693053311793215,0.04505886945793019,-0.28278836607933044,0.31337857246398926,-0.0010114558972418308
0.1497797356828194,0.04194260485651215,0.08810572687224669,0.01060840515438044,-0.21123379468917847,0.13588957488536835,-0.042118802666664124
0.06823027718550106,0.042826552462526764,0.05970149253731343,0.02037385506022781,-0.28032276034355164,0.19775456190109253,-0.05123814940452576
0.3064066852367688,0.10084033613445377,0.18941504178272978,0.04417095068749705,0.08821898698806763,0.36299511790275574,0.22321955859661102
0.19839142091152814,0.09703504043126684,0.15013404825737267,0.030038569445680192,0.009008926339447498,-0.18893550336360931,-0.09021592885255814
0.13135068153655516,0.014906832298136644,0.06939281288723667,0.0016877747841317823,-0.2564510703086853,-0.008325256407260895,-0.13374173641204834
0.07142857142857142,0.004784688995215311,0.05714285714285714,0.002113679261034983,-0.3513459861278534,-0.06012571230530739,-0.20824548602104187
0.11616954474097331,0.053543307086614166,0.08477237048665619,0.020307021223447706,-0.17113669216632843,0.10428890585899353,-0.03560119867324829
0.16822429906542058,0.033771106941838644,0.10467289719626166,0.0028592729084250612,-0.21872089803218842,-0.018721923232078552,-0.11897178739309311
0.053333333333333344,0.003824091778202677,0.04571428571428571,0.0011366836070787014,-0.3348715603351593,-0.03860689327120781,-0.18941736221313477
0.1723237597911227,0.031496062992125984,0.11488250652741512,0.013728714664730872,-0.0752597525715828,0.12041696906089783,0.022243553772568703
0.15624999999999997,0.05235602094240838,0.11979166666666667,0.012908684814371602,-0.03736580163240433,0.2912587523460388,0.12304727733135223
0.19282511210762335,0.07657657657657657,0.12556053811659193,0.023851674392153355,-0.11582591384649277,0.28196147084236145,0.07669582962989807
0.3203883495145631,0.14705882352941177,0.24271844660194172,0.06953587823825944,0.1765267699956894,0.2571544349193573,0.21779993176460266
0.2835130970724191,0.09582689335394128,0.14791987673343607,0.04181380167871149,-0.00811818614602089,0.13853402435779572,0.06565669178962708
0.16225749559082894,0.035398230088495575,0.09523809523809525,0.019749575049532904,-0.11923747509717941,0.012736907228827477,-0.05242618918418884
0.21221864951768488,0.06472491909385114,0.15434083601286172,0.030116333490892603,0.017735561355948448,-0.16079743206501007,-0.07143018394708633
0.21068702290076335,0.04594180704441041,0.1099236641221374,0.029374824337610746,-0.10939086973667145,0.010344669222831726,-0.0485474094748497
0.13225806451612904,0.012944983818770225,0.08387096774193549,0.0032165780384003843,-0.22558821737766266,-0.23129045963287354,-0.22644533216953278
0.24190064794816415,0.06073752711496746,0.1468682505399568,0.022835786701881217,-0.055596962571144104,0.22802062332630157,0.08370468020439148
0.1390532544378698,0.05934718100890208,0.09763313609467457,0.017378528156057036,-0.06781014800071716,0.19999928772449493,0.06403885781764984
0.09999999999999999,0.003861003861003861,0.05384615384615384,0.0012932063811769616,-0.2517812252044678,0.1438278704881668,-0.06025790795683861
0.21982758620689657,0.03463203463203463,0.125,0.005729527469813415,-0.02618202567100525,0.13267776370048523,0.053526993840932846
0.09815950920245398,0.024640657084188916,0.07770961145194274,0.0019460221394013801,-0.149865061044693,-0.05575262010097504,-0.101471908390522
0.07773851590106005,0.01773049645390071,0.05653710247349824,0.0013786467699558717,-0.18398238718509674,0.14101363718509674,-0.025182213634252548
0.03669724770642202,0.0,0.022935779816513763,0.0005940588279083268,-0.3388859033584595,-0.011112604290246964,-0.17871549725532532
0.16237623762376235,0.019880715705765405,0.09504950495049504,0.005008922282773046,-0.13473840057849884,0.033234525471925735,-0.050482384860515594
0.06315789473684211,0.007042253521126762,0.045614035087719294,0.0025469278609040707,-0.288141667842865,0.033400777727365494,-0.13089841604232788
0.20040281973816715,0.047379032258064516,0.08358509566968782,0.0011603234424289286,0.02711203135550022,-0.15493763983249664,-0.06388700008392334
0.3180592991913747,0.1029810298102981,0.17789757412398924,0.01433344168291952,0.055378347635269165,0.2103482037782669,0.13309261202812195
0.3176733780760626,0.0898876404494382,0.174496644295302,0.04615564871727201,-0.05990951880812645,0.11676936596632004,0.02844260446727276
0.2436548223350254,0.0663265306122449,0.14213197969543145,0.00726934980355788,-0.003751508193090558,0.18889376521110535,0.0922074094414711
0.1042016806722689,0.020236087689713324,0.0773109243697479,0.007679435449957003,-0.15821637213230133,-0.022756149992346764,-0.0896565243601799
0.055999999999999994,0.008032128514056224,0.039999999999999994,0.0014312508484691517,-0.26606735587120056,0.11326820403337479,-0.08203387260437012
0.13740458015267173,0.061381074168797956,0.10687022900763359,0.028346708245529723,-0.0951652079820633,0.10535114258527756,0.004682574421167374
0.1234119782214156,0.010928961748633878,0.08348457350272233,0.004190168317602927,-0.23554307222366333,-0.049271680414676666,-0.1423535794019699
0.1928374655647383,0.055401662049861494,0.1322314049586777,0.017488352312238362,-0.11304226517677307,0.11359751969575882,-0.0006900784792378545
0.13354531001589826,0.03827751196172249,0.09538950715421304,0.012573655492886311,-0.19312715530395508,0.18531973659992218,-0.009513123892247677
0.19607843137254902,0.07540983606557376,0.12745098039215685,0.03196899943034845,-0.25156718492507935,0.24024392664432526,-0.016263814643025398
0.06769230769230769,0.00925925925925926,0.04923076923076924,0.0005752487642995836,-0.2336253970861435,0.02785933017730713,-0.10461646318435669
0.16271186440677965,0.05442176870748299,0.10169491525423728,0.023760409960442125,-0.12366180866956711,0.08022822439670563,-0.022163385525345802
0.2055674518201285,0.09462365591397849,0.14989293361884368,0.05191052473504929,-0.06320539861917496,0.241763174533844,0.08614467829465866
0.07216494845360824,0.013793103448275862,0.044673539518900345,0.0025720414492406436,-0.24388518929481506,0.11566928029060364,-0.06899513304233551
0.2323232323232323,0.08629441624365483,0.15656565656565657,0.03349880147667356,-0.05120198428630829,0.08837874233722687,0.01920459419488907
0.19583333333333333,0.046025104602510455,0.11666666666666665,0.008807718542591787,-0.13225790858268738,-0.027278514578938484,-0.07857783138751984
0.1487964989059081,0.06153846153846154,0.11378555798687089,0.03389444174063283,-0.09446124732494354,-0.0035390122793614864,-0.04771606624126434
0.36032388663967607,0.13008130081300814,0.19433198380566802,0.051547461963887806,0.08277691900730133,0.07423684000968933,0.0800003707408905
0.13993174061433447,0.04452054794520548,0.07849829351535838,0.015426148495850354,-0.12966209650039673,0.11563462018966675,-0.008419381454586983
0.11700182815356493,0.01834862385321101,0.08043875685557587,0.0013712135117623953,-0.2059006690979004,0.06089081987738609,-0.07440981268882751
0.28116710875331563,0.06933333333333334,0.15915119363395228,0.025353781952605823,0.00817160215228796,0.24276314675807953,0.1241791620850563
0.3055555555555555,0.0744186046511628,0.15277777777777776,0.00497110857167396,0.06405722349882126,0.20159105956554413,0.13330486416816711
0.1,0.012944983818770227,0.06451612903225806,0.001838793212185935,-0.3522706925868988,0.09975380450487137,-0.13502299785614014
0.0945945945945946,0.02168021680216802,0.07027027027027027,0.010212104347943651,-0.15548613667488098,0.0015387010062113404,-0.07648675888776779
0.08077544426494346,0.00972447325769854,0.051696284329563816,0.0025695294694531696,-0.2610865831375122,-0.36195552349090576,-0.309942364692688
0.23206106870229007,0.11638591117917306,0.15877862595419848,0.054446920113031226,-0.09634707868099213,0.26788076758384705,0.080665722489357
0.010471204188481676,0.0,0.010471204188481676,0.00043589067352642786,-0.37328198552131653,0.07479289174079895,-0.1578376144170761
0.3825503355704698,0.10810810810810811,0.19463087248322147,0.10231580527116198,0.2385980486869812,0.10556832700967789,0.17256058752536774
0.07309941520467836,0.011730205278592375,0.05263157894736842,0.002749936873571079,-0.246886745095253,0.07360862195491791,-0.0901537761092186
0.3962264150943396,0.10984848484848483,0.19622641509433963,0.0793820646494239,0.09538064152002335,0.17023338377475739,0.13394197821617126
0.1763668430335097,0.05309734513274336,0.10229276895943563,0.018126070661403815,-0.10758037865161896,0.12060797959566116,0.005503322929143906
0.20912547528517111,0.0801526717557252,0.1444866920152091,0.04405596333320353,-0.13222253322601318,0.17560610175132751,0.01851663552224636
0.12111292962356793,0.009852216748768473,0.07528641571194762,0.0016196044527419767,-0.25412869453430176,0.016914037987589836,-0.1205906867980957
0.0457516339869281,0.0032786885245901644,0.02941176470588235,0.002071560707692782,-0.32675832509994507,-0.0582534521818161,-0.19435597956180573
0.1111111111111111,0.014388489208633094,0.06451612903225806,0.0021249844447136803,-0.18193700909614563,0.16869468986988068,-0.011203709989786148
0.0919175911251981,0.02543720190779014,0.06656101426307448,0.009124369916921027,-0.18313445150852203,0.1501948982477188,-0.020449137315154076
0.07555555555555556,0.004464285714285714,0.05333333333333334,0.0017270882408164919,-0.3879010081291199,0.041597630828619,-0.18090403079986572
0.160741885625966,0.0186046511627907,0.07727975270479134,0.0023341141330558406,-0.2035425901412964,0.07934284955263138,-0.06446618586778641
0.12295081967213115,0.01234567901234568,0.07377049180327869,0.002489456764350608,-0.22700852155685425,0.10028651356697083,-0.06711383908987045
0.1237785016286645,0.0196078431372549,0.07817589576547232,0.002422667958674043,-0.16883909702301025,0.05878262221813202,-0.05595851317048073
0.1461038961038961,0.00977198697068404,0.08441558441558442,0.0022943199959615814,-0.14713305234909058,-0.03383656591176987,-0.08937151730060577
0.23949579831932774,0.10126582278481013,0.1596638655462185,0.04517777524275148,0.02967352792620659,0.24955394864082336,0.13863831758499146
0.19955654101995568,0.0846325167037862,0.13747228381374724,0.042822671516569655,-0.07897057384252548,-0.21629679203033447,-0.1467560976743698
0.21686746987951808,0.04435483870967742,0.12048192771084336,0.014090522086205969,-0.07688912004232407,0.12379645556211472,0.023017683997750282
0.08411214953271029,0.056249999999999994,0.07476635514018692,0.017465242091180912,-0.1837729662656784,0.29257604479789734,0.04459764435887337
0.053742802303262956,0.003853564547206166,0.046065259117082535,0.001056224431465346,-0.4191165268421173,-0.627479076385498,-0.5232853889465332
0.06181015452538632,0.022172949002217297,0.052980132450331126,0.011128322290867772,-0.19087837636470795,0.21881814301013947,0.007115860469639301
0.1732283464566929,0.0,0.09973753280839895,0.003666642190333961,-0.10056270658969879,-0.008210649713873863,-0.05310743674635887
0.23306233062330628,0.03269754768392371,0.13550135501355012,0.003709733401066906,-0.05793029069900513,0.13620369136333466,0.038811441510915756
0.0,0.0,0.0,0.0,-0.23536372184753418,-0.31420910358428955,-0.2730500102043152
0.11284046692607005,0.02734375,0.07392996108949415,0.01097355490597878,-0.3042648434638977,-0.10326133668422699,-0.20393337309360504
0.15384615384615385,0.02456140350877193,0.10489510489510491,0.005751094499305648,-0.16412504017353058,0.023798929527401924,-0.07023190706968307
0.12500000000000003,0.0041841004184100415,0.07916666666666666,0.0021870857593050096,-0.252427875995636,-0.033035025000572205,-0.14337599277496338
0.06282722513089004,0.047368421052631574,0.06282722513089004,0.015068125253607822,-0.13216805458068848,0.2626672089099884,0.05899570509791374
0.22137404580152673,0.13026819923371646,0.1717557251908397,0.04544546982068883,-0.07516989856958389,0.31908342242240906,0.1157202273607254
0.08575803981623277,0.009216589861751152,0.05819295558958654,0.00294768270487978,-0.2656269371509552,-0.021182429045438766,-0.14465337991714478
0.04426559356136821,0.012121212121212121,0.03621730382293763,0.0015146420671367962,-0.3538208305835724,0.022199032828211784,-0.17130722105503082
0.13268608414239483,0.016233766233766236,0.08090614886731393,0.008854005868661079,-0.312343031167984,0.08721534162759781,-0.11900922656059265
0.07387140902872777,0.010973936899862827,0.04651162790697675,0.002834549733084823,-0.31223905086517334,0.03728891536593437,-0.1419742852449417
0.09420289855072464,0.021818181818181816,0.06159420289855073,0.0016986306158274119,-0.2357790172100067,0.06830842047929764,-0.08672457188367844
0.06866952789699571,0.014347202295552365,0.05150214592274678,0.007941004845369574,-0.3242212235927582,0.05424929037690163,-0.14058107137680054
0.1814516129032258,0.06477732793522269,0.09274193548387097,0.03434006599600893,-0.12391155958175659,0.126460000872612,-0.00026663727476261556
0.1565934065934066,0.03581267217630854,0.09615384615384616,0.005422322466103976,-0.09328998625278473,0.06379489600658417,-0.014346851967275143
0.11864406779661016,0.053824362606232294,0.08474576271186442,0.021133293242470718,-0.27088508009910583,-0.23273789882659912,-0.2498539686203003
0.2727272727272727,0.07547169811320754,0.15047021943573666,0.034677691675562276,-0.10160520672798157,0.05063564330339432,-0.024993624538183212
0.3360881542699724,0.13296398891966757,0.20385674931129477,0.06692754700731669,0.13216522336006165,0.3268604278564453,0.22893689572811127
0.12542372881355934,0.02380952380952381,0.07457627118644067,0.0018666964096125528,-0.1864713579416275,0.07420641928911209,-0.05788677930831909
0.036781609195402305,0.0,0.022988505747126436,0.0006480403767605471,-0.37273791432380676,-0.0018910104408860207,-0.19260606169700623
0.06422018348623854,0.027649769585253454,0.05045871559633027,0.003691492126620919,-0.19964320957660675,0.25258538126945496,0.017774995416402817
0.08955223880597014,0.014970059880239521,0.059701492537313425,0.008403464203723135,-0.34291332960128784,-0.02863115817308426,-0.1890285313129425
0.14473684210526316,0.08810572687224669,0.11842105263157895,0.024835210540908523,-0.08440203964710236,0.38993901014328003,0.14311747252941132
0.11864406779661017,0.017006802721088437,0.0847457627118644,0.0037655220451946964,-0.21654073894023895,-0.05788204073905945,-0.1366690844297409
0.22857142857142856,0.08030592734225622,0.14095238095238094,0.04003745149058528,-0.187849223613739,-0.05512652546167374,-0.12057585269212723
0.1278772378516624,0.010256410256410256,0.06649616368286444,0.0014897668802417443,-0.222849503159523,-0.018984386697411537,-0.12124544382095337
0.15652173913043477,0.052631578947368425,0.12173913043478261,0.004333939361193821,-0.0629216879606247,0.2839246392250061,0.10600332915782928
0.1372549019607843,0.04262295081967213,0.0915032679738562,0.009752731303434382,-0.19337795674800873,0.20404943823814392,-0.0010188722517341375
0.0718132854578097,0.02162162162162162,0.061041292639138246,0.00938625136571552,-0.1796528548002243,-0.36339694261550903,-0.27127110958099365
0.11825192802056554,0.010335917312661497,0.08226221079691518,0.0026861627047455967,-0.24468642473220825,0.014845103956758976,-0.11659077554941177
0.19316493313521546,0.04172876304023845,0.1188707280832095,0.014751997243176537,-0.10625170171260834,-0.10724639892578125,-0.10495126247406006
0.18794326241134754,0.04270462633451958,0.10638297872340427,0.014431225553606257,-0.17454011738300323,0.0937376618385315,-0.04237484559416771
0.11041405269761606,0.027672955974842765,0.06524466750313676,0.008404124798297843,-0.05424564331769943,0.14596401154994965,0.04540568217635155
0.21662468513853905,0.05063291139240506,0.13602015113350127,0.027150148218023334,-0.06740652024745941,-0.021879974752664566,-0.04305044189095497
0.1231190150478796,0.027434842249657063,0.08481532147742818,0.010116096452561426,-0.16956888139247894,-0.08713221549987793,-0.12686778604984283
0.36226415094339626,0.12167300380228137,0.2037735849056604,0.08280090937718439,0.12854920327663422,0.09036808460950851,0.11083246767520905
0.06688963210702341,0.010067114093959733,0.056856187290969896,0.001408559788475965,-0.22646693885326385,0.06762714684009552,-0.08210486173629761
0.11382113821138211,0.012244897959183673,0.06910569105691056,0.0037486695611014553,-0.2085682898759842,-0.010317432694137096,-0.10966844111680984
0.10317460317460317,0.01326259946949602,0.05820105820105819,0.001621716319471595,-0.2932526171207428,0.09881927073001862,-0.10335531830787659
0.1867881548974943,0.06407322654462243,0.14578587699316628,0.030012976489450224,-0.02185390703380108,-0.10114535689353943,-0.060098983347415924
0.13025210084033614,0.02531645569620253,0.09243697478991596,0.008552702146937714,-0.20005036890506744,0.1389836072921753,-0.03470028191804886
0.2555282555282555,0.09382716049382715,0.15724815724815724,0.04618189052415737,-0.005900887306779623,-0.171798974275589,-0.08850274235010147
0.1327683615819209,0.028328611898016998,0.0790960451977401,0.007677093186146145,-0.1639736294746399,0.2020084410905838,0.013871495611965656
0.061930783242258654,0.01462522851919561,0.04371584699453552,0.0018029861551185004,-0.23851633071899414,0.10351106524467468,-0.07175897806882858
0.11451942740286299,0.06160164271047227,0.081799591002045,0.030660087025822024,-0.18381328880786896,0.21602654457092285,0.00965509470552206
0.0838794233289646,0.010512483574244415,0.049803407601572744,0.0025184290996956224,-0.1503274142742157,0.03369967266917229,-0.058322932571172714
0.18055555555555558,0.06685236768802229,0.10555555555555556,0.018695128319595036,-0.26408106088638306,0.15447673201560974,-0.06203890219330788
0.08219178082191782,0.03669724770642202,0.0593607305936073,0.010136662246904116,-0.21565671265125275,0.3177180588245392,0.03834350034594536
0.2934537246049661,0.07709750566893425,0.14446952595936793,0.03706780900432762,0.040313590317964554,-0.0690876767039299,-0.013348815962672234
0.08264462809917354,0.016583747927031506,0.056198347107438026,0.001969970991883914,-0.3604734241962433,0.05863688886165619,-0.15820243954658508
0.10730253353204175,0.03587443946188341,0.08047690014903129,0.010879786676526174,-0.16108986735343933,0.04393291845917702,-0.059005241841077805
0.11721611721611723,0.01838235294117647,0.07326007326007325,0.004215487707227838,-0.20012006163597107,0.03651142865419388,-0.08292066305875778
0.0888030888030888,0.01937984496124031,0.0694980694980695,0.0018188714797144532,-0.19852854311466217,-0.031100153923034668,-0.1144506111741066
0.15950920245398773,0.03285420944558522,0.10224948875255625,0.015137407759947675,-0.21212205290794373,0.035344138741493225,-0.08976811915636063
0.302158273381295,0.07710843373493977,0.15827338129496404,0.01134929597421375,-0.014554649591445923,0.10050016641616821,0.04386695474386215
0.4075471698113207,0.13636363636363638,0.19999999999999996,0.05537527230365094,0.16193604469299316,0.03858708217740059,0.10096617788076401
0.11836734693877551,0.036885245901639344,0.08979591836734695,0.016915099033690446,-0.19657090306282043,0.17786888778209686,-0.014806668274104595
0.07802874743326488,0.004123711340206186,0.061601642710472276,0.0013578518337943346,-0.2206650972366333,-0.016222506761550903,-0.11878743767738342
0.0821917808219178,0.0183206106870229,0.060882800608827996,0.0017643470906043048,-0.2957444489002228,-0.17018528282642365,-0.2317950278520584
0.1574585635359116,0.04986149584487535,0.10220994475138122,0.014211681859711315,-0.1218407154083252,0.11235665529966354,-0.005880499724298716
0.11267605633802817,0.019774011299435026,0.07042253521126761,0.0017435770711486558,-0.1730172336101532,0.1513834148645401,-0.014501183293759823
0.31097560975609756,0.17177914110429449,0.22560975609756098,0.04845455928796312,0.14764069020748138,0.22526653110980988,0.18748344480991364
0.2222222222222222,0.07045009784735813,0.1286549707602339,0.02872830897865943,-0.038419973105192184,0.15244033932685852,0.056724876165390015
0.03426124197002141,0.0,0.021413276231263382,0.000556076848701315,-0.4092341959476471,0.07408933341503143,-0.17789404094219208
0.4513274336283186,0.21428571428571427,0.327433628318584,0.12651172731701152,0.20900623500347137,0.33759310841560364,0.27369099855422974
0.1799163179916318,0.04201680672268908,0.10041841004184102,0.006464501349035857,-0.09012145549058914,0.16830098628997803,0.03730626404285431
0.11327433628318584,0.03197158081705151,0.08495575221238938,0.004959750742456056,-0.2939049303531647,-0.00729308882728219,-0.15300777554512024
0.19047619047619047,0.055776892430278883,0.11904761904761904,0.022055734311856826,-0.06884309649467468,0.1428162157535553,0.03630716726183891
0.18696883852691218,0.10256410256410256,0.10198300283286119,0.03403730588217258,0.00786454789340496,-0.18206016719341278,-0.0871935710310936
0.08759124087591241,0.007352941176470588,0.06569343065693431,0.001131414297088033,-0.07587598264217377,0.3334135115146637,0.12193623185157776
0.09380234505862647,0.01680672268907563,0.07370184254606366,0.0038370819584538566,-0.21454453468322754,-0.016620445996522903,-0.11579368263483047
0.10407239819004525,0.036281179138321996,0.06787330316742081,0.01725900534652362,-0.2227674275636673,0.1152324303984642,-0.05788889527320862
0.03992015968063872,0.02404809619238477,0.03992015968063872,0.012448506728921357,-0.2497195601463318,-0.519128680229187,-0.38616353273391724
0.14859437751004018,0.03225806451612903,0.07630522088353414,0.006119377513816084,-0.2098371982574463,-0.04486427456140518,-0.12692782282829285
0.19860627177700352,0.06293706293706293,0.11846689895470382,0.021716479622580668,-0.06038318946957588,0.1217285767197609,0.03058488480746746
0.09999999999999999,0.014869888475836434,0.07407407407407408,0.003750941954241768,-0.31282979249954224,-0.157526895403862,-0.23444834351539612
0.14953271028037385,0.03125,0.08722741433021806,0.005794081828655088,-0.2266862541437149,-0.018298162147402763,-0.12291519343852997
0.17937219730941706,0.05997001499250375,0.12257100149476831,0.013392753610258845,-0.17121629416942596,-0.05415024980902672,-0.11158187687397003
0.16481069042316257,0.05369127516778523,0.1291759465478842,0.023369425026484692,-0.0614069364964962,0.10507524013519287,0.02203165553510189
0.20727272727272728,0.07299270072992702,0.12000000000000001,0.03431801678765439,-0.04058244079351425,0.29107269644737244,0.1212482750415802
0.1954022988505747,0.08846153846153845,0.12643678160919541,0.050383910097271986,-0.12658943235874176,0.09514831751585007,-0.016559764742851257
0.05747126436781609,0.007692307692307691,0.04597701149425287,0.001486670717463465,-0.31378740072250366,-0.03722948953509331,-0.17760267853736877
0.18707482993197277,0.06484641638225257,0.11224489795918365,0.020069474747631776,-0.18481865525245667,0.35071417689323425,0.07018423080444336
0.24568965517241376,0.05627705627705627,0.1422413793103448,0.018717659836351003,0.010328410193324089,0.0812816172838211,0.047104742377996445
0.15121951219512195,0.00980392156862745,0.1024390243902439,0.0024956159545571578,-0.15921252965927124,0.06016780808568001,-0.050270840525627136
0.12416851441241687,0.022271714922048994,0.08425720620842572,0.010615371314830884,-0.2787485718727112,-0.013151471503078938,-0.1477576643228531
0.046875,0.0,0.03125,0.0011074803510483036,-0.3340741991996765,-0.0005871824687346816,-0.17124824225902557
0.14444444444444446,0.055865921787709494,0.1,0.02280627040772691,-0.06039486080408096,0.2663233280181885,0.09914103895425797
0.17777777777777778,0.05013927576601671,0.11388888888888889,0.017922682193813013,-0.1675882488489151,0.03559386730194092,-0.06637679040431976
0.2163265306122449,0.0778688524590164,0.16734693877551018,0.04643269975445989,-0.0941343829035759,0.051255013793706894,-0.020850328728556633
0.29327902240325865,0.0736196319018405,0.15478615071283097,0.022633951295616416,0.019601233303546906,0.28144821524620056,0.14854557812213898
0.16229116945107397,0.0815347721822542,0.10501193317422435,0.033954110697760234,-0.08177297562360764,0.23695959150791168,0.07404040545225143
0.09076175040518639,0.00975609756097561,0.0680713128038898,0.007935114178784433,-0.17871718108654022,0.12072966247797012,-0.03187675029039383
0.3045267489711934,0.041493775933609964,0.13991769547325103,0.007233947259509407,0.045779719948768616,0.17070737481117249,0.10892292112112045
0.12796208530805686,0.02380952380952381,0.09004739336492891,0.0023677769668024214,-0.11801102757453918,0.16647648811340332,0.021751245483756065
0.3992094861660078,0.10714285714285715,0.17391304347826086,0.05231872554485986,0.0396227203309536,-0.020840024575591087,0.010815232060849667
0.20040080160320645,0.048289738430583505,0.12424849699398798,0.019223455438402193,-0.08448198437690735,0.23648667335510254,0.07237948477268219
0.21323529411764705,0.03690036900369004,0.11764705882352942,0.005374836493853743,-0.1735856980085373,0.0898396223783493,-0.043713681399822235
0.17218543046357615,0.04983388704318936,0.12251655629139073,0.01856719446479055,-0.1654098480939865,-0.20111988484859467,-0.18141011893749237
0.06537890044576523,0.011922503725782414,0.041604754829123326,0.0014664841785959695,-0.2730482518672943,0.06388439238071442,-0.1086449846625328
0.1289198606271777,0.03496503496503497,0.0975609756097561,0.002353478434442491,-0.153559610247612,0.06554017215967178,-0.04475833475589752
0.14691151919866444,0.03015075376884422,0.09682804674457429,0.005029019614902321,-0.20831288397312164,0.10897894203662872,-0.05309790000319481
0.14068441064638784,0.049618320610687015,0.09885931558935361,0.010260070228920464,-0.19553476572036743,0.02314135618507862,-0.08688808232545853
0.08088235294117646,0.029629629629629627,0.0661764705882353,0.005617377355109615,-0.11277907341718674,0.21335309743881226,0.04651249200105667
0.10224438902743141,0.0225,0.06733167082294264,0.0016184772530138337,-0.2068621665239334,0.18501871824264526,-0.01705419085919857
0.36085626911314983,0.061538461538461535,0.17737003058103976,0.016442093847934453,0.04297696799039841,0.32133984565734863,0.1797138750553131
0.30641821946169767,0.06652806652806653,0.16977225672877846,0.04330591473704014,0.018084710463881493,-0.1663530319929123,-0.07414034754037857
0.33879781420765026,0.1878453038674033,0.2185792349726776,0.08649314956730106,0.13692067563533783,0.3192960321903229,0.22775839269161224
0.17848970251716245,0.022988505747126436,0.10068649885583524,0.0057283286320683295,-0.06099517270922661,0.13211321830749512,0.03525792434811592
0.10375670840787121,0.02154398563734291,0.06440071556350625,0.00376341694921559,-0.31384435296058655,-0.10977304726839066,-0.21203561127185822
0.3371647509578544,0.16216216216216214,0.23754789272030652,0.09712042147837588,0.07955142855644226,0.2597808241844177,0.16943122446537018
0.04363636363636364,0.010948905109489052,0.039999999999999994,0.0022636838669957806,-0.3412344455718994,0.3049570918083191,-0.03766648843884468
0.1506024096385542,0.04833836858006042,0.09337349397590361,0.021519143295989075,-0.13237924873828888,-0.19048269093036652,-0.1597217321395874
0.08062015503875969,0.015552099533437013,0.06201550387596899,0.0030284925957935393,-0.28170129656791687,-0.00588031392544508,-0.14588873088359833
0.14317673378076062,0.03146067415730337,0.09395973154362415,0.005295067279969203,-0.11247485131025314,0.07079863548278809,-0.020881054922938347
0.10482758620689656,0.05255878284923928,0.08,0.017106690415412854,-0.2159949094057083,0.286323606967926,0.024071872234344482
0.11788617886178862,0.03673469387755102,0.0934959349593496,0.016199518631156422,-0.16590049862861633,0.01733284816145897,-0.07425759732723236
0.18345864661654135,0.0392156862745098,0.10225563909774435,0.012032694837543236,-0.11965525150299072,-0.16764235496520996,-0.14191177487373352
0.4058500914076782,0.09541284403669724,0.17915904936014626,0.04857901236244196,0.14212962985038757,0.11451967805624008,0.1297026127576828
0.1347517730496454,0.0498220640569395,0.08865248226950355,0.02088197008583543,-0.17446795105934143,-0.10200490802526474,-0.13665848970413208
0.10064935064935066,0.013029315960912051,0.07142857142857142,0.0037111036898946456,-0.19517889618873596,0.03782091662287712,-0.07971112430095673
0.19240506329113924,0.030456852791878174,0.1088607594936709,0.012999034631997627,-0.1705031394958496,0.09426046907901764,-0.040001243352890015
0.18072289156626503,0.06451612903225808,0.12048192771084339,0.0358840061252598,-0.07783044129610062,0.11366932094097137,0.017671165987849236
0.1056910569105691,0.02040816326530612,0.06504065040650406,0.0017582348794285291,-0.22035343945026398,0.09859217703342438,-0.06435847282409668
0.08984375,0.00784313725490196,0.06250000000000001,0.0019065820246141239,-0.2149120718240738,0.00842819083482027,-0.10402067750692368
0.09523809523809525,0.02157164869029276,0.06144393241167435,0.0034905857763518158,-0.26412492990493774,0.22538679838180542,-0.029868319630622864
0.20576131687242802,0.0371900826446281,0.1234567901234568,0.0027074148184810356,-0.05289927497506142,0.03900942951440811,-0.005734643898904324
0.22121896162528218,0.09070294784580499,0.15349887133182843,0.03944125801932021,0.0223042294383049,0.220296710729599,0.1207972839474678
0.24537037037037038,0.0930232558139535,0.13888888888888887,0.04842827481509501,-0.07706033438444138,0.14639590680599213,0.03373367711901665
0.3888888888888889,0.1340782122905028,0.2222222222222222,0.07646377960864793,0.12014554440975189,0.2061491459608078,0.16414685547351837
0.027272727272727275,0.0,0.022727272727272728,0.0006580212565832341,-0.35867708921432495,-0.08975649625062943,-0.22605261206626892
0.1679160419790105,0.039097744360902256,0.10194902548725637,0.011873453324372877,-0.14548034965991974,0.09446103125810623,-0.026764731854200363
0.1743119266055046,0.08588957055214724,0.14067278287461774,0.03457736137389641,-0.2036876231431961,0.003439262043684721,-0.10054662078619003
0.35833333333333334,0.13445378151260506,0.21666666666666667,0.03734845287890216,0.09544537216424942,0.24735024571418762,0.17161941528320312
0.3028571428571428,0.09195402298850575,0.18857142857142856,0.044223315570049805,0.01962953247129917,0.10950952768325806,0.06568847596645355
0.26631853785900783,0.10498687664041996,0.1671018276762402,0.07349897496532148,0.09843137115240097,-0.03388431668281555,0.03296307846903801
0.10629921259842519,0.0316205533596838,0.08267716535433071,0.008831811958294659,-0.1731201708316803,0.11025235056877136,-0.03383856639266014
0.0840064620355412,0.012965964343598053,0.04846526655896608,0.002760016985686204,-0.36139389872550964,0.009125734679400921,-0.18141400814056396
0.3246753246753247,0.13071895424836602,0.18181818181818182,0.041547236196284185,0.09846320748329163,0.24879981577396393,0.1738729327917099
0.14749262536873156,0.044378698224852076,0.09734513274336283,0.013536526525849565,-0.29681912064552307,0.08211534470319748,-0.11296732723712921
0.14314928425357873,0.028747433264887066,0.081799591002045,0.005136316679024105,-0.1101793721318245,0.08284613490104675,-0.013904692605137825
0.08270676691729324,0.06037735849056603,0.07518796992481203,0.02899332705821817,-0.14002588391304016,0.14375287294387817,-0.0005795388133265078
0.13518197573656845,0.0034782608695652175,0.0901213171577123,0.0018290569015241682,-0.3419313132762909,-0.17278550565242767,-0.256837397813797
0.05726872246696035,0.004424778761061948,0.039647577092511016,0.001470805530786429,-0.36741822957992554,0.055883850902318954,-0.16323675215244293
0.10108303249097472,0.028985507246376812,0.07581227436823106,0.004816078162521896,-0.21235588192939758,0.08580221235752106,-0.066096730530262
0.16271186440677968,0.05102040816326531,0.10508474576271187,0.0058377816702064435,-0.10072118788957596,0.19209177792072296,0.04294555261731148
0.1875,0.04960835509138381,0.10677083333333333,0.019340784987609466,-0.14085613191127777,0.09933429211378098,-0.02202671207487583
0.11111111111111112,0.046403712296983764,0.08333333333333333,0.012386597455977883,-0.17583094537258148,0.02198750711977482,-0.07717789709568024
0.33766233766233766,0.11764705882352942,0.22727272727272724,0.050209662852114964,0.16568826138973236,0.21463428437709808,0.19136115908622742
0.08639308855291578,0.008676789587852495,0.05615550755939526,0.0015399982839006216,-0.24791084229946136,-0.08644988387823105,-0.16664476692676544
0.08775981524249421,0.018518518518518517,0.05311778290993072,0.007943184256662883,-0.32072335481643677,-0.0814959704875946,-0.20216968655586243
0.17883755588673622,0.06576980568011957,0.12816691505216096,0.02929649708094886,-0.102872334420681,0.016864515841007233,-0.042037926614284515
0.2042042042042042,0.0572289156626506,0.13213213213213212,0.014695959034119542,-0.15247467160224915,0.04526752233505249,-0.053886160254478455
0.16731517509727625,0.04296874999999999,0.10894941634241245,0.013988626597652097,-0.11311160027980804,0.09321945905685425,-0.010457832366228104
0.06015037593984962,0.0,0.04511278195488722,0.0010102412033194616,-0.20676064491271973,-0.07091642916202545,-0.13794507086277008
0.10742496050552923,0.028526148969889066,0.07582938388625593,0.003761783284759085,-0.1456282138824463,0.061801306903362274,-0.04241051524877548
0.23819301848049276,0.07010309278350516,0.13963039014373718,0.04180058422085239,-0.020853858441114426,0.10526129603385925,0.04296533018350601
0.13225806451612904,0.029126213592233004,0.08064516129032259,0.011956093365243576,-0.10530011355876923,0.09738031774759293,-0.004403223283588886
0.3183856502242152,0.07207207207207207,0.16591928251121074,0.03252587567879556,0.08184478431940079,0.15733306109905243,0.12073936313390732
0.19875776397515527,0.033264033264033266,0.10766045548654245,0.012613940443079018,-0.16246984899044037,0.022807439789175987,-0.06984978914260864
0.15483870967741936,0.056155507559395246,0.1032258064516129,0.007247563809792582,-0.10750079154968262,0.17461921274662018,0.031137937679886818
0.11292719167904902,0.03576751117734724,0.07429420505200594,0.012331612888076385,-0.22051404416561127,0.2655578553676605,0.012226114049553871
0.05203252032520325,0.0032626427406199023,0.026016260162601626,0.0009571733160065631,-0.37239018082618713,0.09738314896821976,-0.1471255123615265
0.15384615384615385,0.022988505747126436,0.088379705400982,0.003851357814218549,-0.10772329568862915,-0.19144906103610992,-0.14808611571788788
0.18556701030927833,0.06499261447562776,0.11782032400589103,0.021928171334607078,-0.0838947594165802,0.13830623030662537,0.026307741180062294
0.17295597484276728,0.050473186119873815,0.11320754716981131,0.020002403499705612,-0.08230819553136826,-0.1887413114309311,-0.13427147269248962
0.28019323671497587,0.08737864077669903,0.17391304347826086,0.055788430980543265,0.05916699767112732,-0.07327187806367874,-0.0063078259117901325
0.17266187050359713,0.05776173285198556,0.11510791366906475,0.006423521712094005,-0.08588919788599014,0.05558955296874046,-0.014512484893202782
0.12018489984591679,0.012364760432766615,0.07704160246533129,0.0017871289855565715,-0.14486128091812134,0.09544332325458527,-0.025973649695515633
0.14132104454685096,0.03697996918335902,0.0737327188940092,0.004612130018523774,-0.28096693754196167,0.1533961147069931,-0.07171377539634705
0.3271604938271605,0.13043478260869568,0.19753086419753085,0.08104331687231874,0.15453596413135529,-0.011718887835741043,0.07153507322072983
0.0663176265270506,0.010507880910683012,0.055846422338568937,0.001500260675885583,-0.3059338331222534,-0.004611504729837179,-0.15812967717647552
0.12154696132596685,0.011111111111111113,0.08839779005524862,0.003087231816378054,-0.1573878824710846,0.19225838780403137,0.01287875697016716
0.20179372197309414,0.08108108108108109,0.13901345291479822,0.03644882950373185,0.018994906917214394,0.21764059364795685,0.11780600249767303
0.08484848484848484,0.009118541033434652,0.051515151515151514,0.002935111718427102,-0.24513639509677887,-0.10942251235246658,-0.17632953822612762
0.14862681744749598,0.04538087520259319,0.10016155088852989,0.021588900894429417,-0.2500895857810974,0.25950634479522705,-0.006784241180866957
0.1340341655716163,0.07114624505928853,0.09986859395532195,0.028461272154264645,-0.26932504773139954,0.060459982603788376,-0.10824979096651077
0.3353658536585366,0.08868501529051988,0.17073170731707318,0.048589312516317026,0.020706698298454285,0.20251710712909698,0.11142472177743912
0.13620071684587814,0.05035971223021583,0.08960573476702509,0.004938169639866008,-0.15415002405643463,0.13080726563930511,-0.014137779362499714
0.14223512336719882,0.026200873362445417,0.09579100145137881,0.002310945533065976,-0.21017785370349884,-0.04938628897070885,-0.129285529255867
0.15853658536585363,0.055045871559633024,0.10975609756097561,0.020501000856077877,-0.13186560571193695,0.03810460492968559,-0.04665093123912811
0.12956810631229237,0.056666666666666664,0.08970099667774085,0.02980841882742439,-0.21671514213085175,0.16717366874217987,-0.030588064342737198
0.036036036036036036,0.0108499095840868,0.025225225225225224,0.0011715757065579825,-0.2538212835788727,0.05493374913930893,-0.10257059335708618
0.18524871355060038,0.05507745266781412,0.10977701543739281,0.014211925329430742,-0.075385682284832,0.11218509823083878,0.018225982785224915
0.07949790794979081,0.025210084033613443,0.06276150627615062,0.009465534079256965,-0.22380603849887848,0.13829632103443146,-0.04774114117026329
0.12500000000000003,0.01568627450980392,0.0859375,0.004691041337887961,-0.18266184628009796,0.07833792269229889,-0.05392853915691376
0.0706605222734255,0.024653312788906014,0.05222734254992319,0.00397092834224579,-0.1360529363155365,0.2993261516094208,0.07370737195014954
0.19599109131403117,0.049217002237136466,0.14253897550111358,0.029961171932589518,-0.09219937771558762,-0.2403373122215271,-0.16552595794200897
0.016611295681063124,0.0033333333333333335,0.016611295681063124,0.0004419422198248371,-0.4078637659549713,-0.25741443037986755,-0.3316974937915802
0.12939521800281295,0.014104372355430182,0.06751054852320675,0.004233600634974354,-0.1897672414779663,0.07937893271446228,-0.05717868730425835
0.23614457831325303,0.1162227602905569,0.17831325301204823,0.061957878144811594,-0.061876364052295685,0.2161114364862442,0.0747753381729126
0.3085399449035813,0.11634349030470914,0.19834710743801653,0.053860760375544214,0.13245318830013275,0.25607627630233765,0.19483274221420288
0.19190751445086707,0.07647740440324449,0.12485549132947975,0.02007575458529996,-0.055030256509780884,0.07599414139986038,0.011226312257349491
0.22857142857142856,0.07947019867549669,0.14065934065934066,0.04178885909122361,-0.07803314179182053,0.2600153386592865,0.08680050075054169
0.1259259259259259,0.018587360594795536,0.07407407407407407,0.004098828910471044,-0.1706191599369049,0.05535326525568962,-0.05852247029542923
0.08333333333333333,0.015209125475285173,0.06060606060606061,0.0018879858298128656,-0.22692574560642242,0.1671818047761917,-0.03609279915690422
0.0616740088105727,0.017699115044247787,0.05726872246696035,0.01568193405453212,-0.21767202019691467,0.13694827258586884,-0.04507547244429588
0.26131953428201815,0.0933852140077821,0.14747736093143596,0.036318452895737936,-0.049304477870464325,-0.06461376696825027,-0.05525395646691322
0.29515418502202645,0.11946902654867259,0.19383259911894277,0.039957307434930006,0.00029219669522717595,0.29755645990371704,0.14597561955451965
0.10773480662983426,0.03324099722991689,0.06629834254143648,0.01671632117350441,-0.2680625021457672,0.2393939346075058,-0.02573632448911667
0.3431372549019608,0.11330049261083744,0.20098039215686278,0.055697191756115864,0.10036107152700424,0.1675843447446823,0.13515861332416534
0.14424951267056532,0.02348336594911937,0.07407407407407407,0.002471793720235327,-0.14505337178707123,0.06650017946958542,-0.039864569902420044
0.2663043478260869,0.09836065573770493,0.1902173913043478,0.06441347507032787,0.09694986790418625,-0.14250989258289337,-0.024037616327404976
0.05792163543441226,0.0,0.040885860306643956,0.0012695062631314282,-0.22212396562099457,-0.538379430770874,-0.38349929451942444
0.2181818181818182,0.0639269406392694,0.13181818181818183,0.021826507875757656,-0.04433571919798851,0.09797421842813492,0.02738523855805397
0.2269503546099291,0.08076009501187649,0.15130023640661938,0.03770178590192352,-0.07630649209022522,0.16442735493183136,0.04271388053894043
0.11650485436893204,0.03571428571428571,0.09385113268608414,0.023441455206677016,-0.18466582894325256,0.050368934869766235,-0.06824113428592682
0.1721311475409836,0.037037037037037035,0.12704918032786885,0.01394188629364827,-0.05625387653708458,0.17995408177375793,0.06059270352125168
0.36257309941520466,0.1176470588235294,0.21637426900584797,0.04911814898772415,0.1468748152256012,0.28657615184783936,0.21705546975135803
0.34507042253521125,0.09929078014184398,0.19014084507042253,0.05073825448794088,0.14698094129562378,0.26642659306526184,0.20730289816856384
0.1546134663341646,0.03007518796992481,0.08977556109725686,0.005761694255174653,-0.0980708971619606,0.15523052215576172,0.026937782764434814
0.11608623548922055,0.04658901830282861,0.08955223880597014,0.010610403503997968,-0.12761318683624268,0.16399581730365753,0.015508401207625866
0.09004092769440654,0.00820793433652531,0.054570259208731244,0.0015578930664209736,-0.29929041862487793,-0.2434500902891159,-0.2694700062274933
0.1048689138576779,0.03383458646616542,0.07865168539325844,0.012865811688253702,-0.24063847959041595,-0.004035287536680698,-0.1234106793999672
0.16974169741697415,0.05185185185185186,0.1033210332103321,0.014836244633224102,-0.06462322175502777,-0.1726631224155426,-0.11743341386318207
0.31736526946107785,0.09036144578313253,0.18562874251497005,0.028328827768779326,0.07494278997182846,0.28238099813461304,0.1779007464647293
0.1328125,0.050980392156862744,0.08203124999999999,0.019537288102439054,-0.14301329851150513,0.07317708432674408,-0.03561214730143547
0.391304347826087,0.13114754098360656,0.22282608695652173,0.0771905206931119,0.17093293368816376,0.2440517693758011,0.2085220068693161
0.09041591320072331,0.025408348457350273,0.054249547920433995,0.003604148880946391,-0.24643146991729736,0.20855942368507385,-0.02778078056871891
0.18860510805500985,0.04339250493096647,0.11787819253438114,0.007305532438802451,-0.07511188089847565,0.11543511599302292,0.01992928236722946
0.18666666666666668,0.06118546845124283,0.12190476190476189,0.03651691414225873,-0.08292549103498459,0.07628349214792252,-0.0029697390273213387
0.20392156862745098,0.05766710353866317,0.11764705882352941,0.014757862494088619,-0.10827089846134186,0.22719715535640717,0.05537508800625801
0.270042194092827,0.055084745762711856,0.15611814345991562,0.017787501341754174,0.01629757136106491,0.07748191058635712,0.0482521653175354
0.11864406779661016,0.031161473087818695,0.07344632768361582,0.004693798234531551,-0.24569319188594818,0.1014067605137825,-0.07657681405544281
0.23958333333333334,0.03664921465968586,0.13020833333333331,0.004340659276961996,-0.009734111838042736,0.16898685693740845,0.0795363113284111
0.06887417218543047,0.0451527224435591,0.058278145695364235,0.01867586216947976,-0.19605159759521484,0.20819897949695587,-0.0005565832834690809
0.09090909090909091,0.017543859649122806,0.06293706293706294,0.003205202551224053,-0.22937758266925812,0.03665362671017647,-0.098224937915802
0.2336874051593323,0.0882800608828006,0.1426403641881639,0.038038379985192425,-0.022772593423724174,0.1590578258037567,0.06801122426986694
0.09216589861751152,0.02773497688751926,0.07373271889400922,0.012327525249472676,-0.19766469299793243,0.007695273496210575,-0.09537527710199356
0.08455284552845528,0.009787928221859707,0.055284552845528454,0.001579895130748175,-0.3345089554786682,-0.09957906603813171,-0.21798039972782135
0.09606986899563319,0.039473684210526314,0.07860262008733623,0.010217189944342382,-0.2275918573141098,0.074077308177948,-0.07967616617679596
0.14682539682539683,0.035856573705179286,0.08730158730158731,0.014427596889655326,-0.1936839520931244,0.07889185100793839,-0.05947353318333626
0.18978102189781024,0.07823960880195599,0.1508515815085158,0.042480662160877335,-0.061753612011671066,0.040051501244306564,-0.00973137840628624
0.09813874788494079,0.01358234295415959,0.07106598984771574,0.002062314569084983,-0.19150309264659882,-0.2939944565296173,-0.24129119515419006
0.03494623655913978,0.005390835579514825,0.026881720430107524,0.004098766677486525,-0.27865836024284363,0.1861845850944519,-0.05555802583694458
0.12202380952380953,0.03880597014925372,0.07738095238095238,0.008949658855792377,-0.21689660847187042,0.09670470654964447,-0.06340140104293823
0.04643962848297214,0.003105590062111801,0.03715170278637771,0.0009376670139196886,-0.24862931668758392,0.0008995210519060493,-0.1252630203962326
0.17744916820702403,0.07050092764378478,0.12939001848428835,0.03581086617560984,-0.11361604928970337,0.1418583244085312,0.01243765838444233
0.2954091816367265,0.056112224448897796,0.1596806387225549,0.042673791761455075,-0.08396197110414505,0.018599534407258034,-0.031536657363176346
0.09282700421940927,0.0211864406779661,0.05907172995780591,0.00973314884386776,-0.2369520515203476,0.12642109394073486,-0.060295697301626205
0.09523809523809523,0.019120458891013385,0.0761904761904762,0.003688835975221065,-0.14785824716091156,0.17722828686237335,0.010964266024529934
0.2570888468809074,0.07590132827324478,0.13232514177693763,0.03608949882160562,-0.13498248159885406,0.05763443186879158,-0.038872890174388885
0.1683599419448476,0.026200873362445413,0.08998548621190132,0.01011781459656708,-0.13640102744102478,0.10432428121566772,-0.0173222403973341
0.12966601178781925,0.02366863905325444,0.08251473477406679,0.002461977814912674,-0.26412034034729004,-0.008805260993540287,-0.13800086081027985
0.35491606714628304,0.13975903614457832,0.22541966426858515,0.07249527509066793,0.06448738276958466,0.14852780103683472,0.1076112762093544
0.2591792656587473,0.1301518438177874,0.16414686825053995,0.06918958509433024,-0.027971995994448662,0.1604744791984558,0.0660003200173378
0.35130970724191063,0.10510046367851622,0.17565485362095531,0.06399282510489897,0.06292098015546799,-0.027457499876618385,0.018913589417934418
0.1762917933130699,0.04573170731707317,0.09726443768996962,0.005789347197029246,-0.08656415343284607,0.1469477117061615,0.029032032936811447
0.164079822616408,0.026726057906458798,0.09312638580931265,0.006833017277037719,-0.21805690228939056,-0.02073744498193264,-0.11959158629179001
0.07272727272727272,0.011220196353436185,0.047552447552447544,0.0029358918333234306,-0.17611359059810638,0.04957093298435211,-0.06414798647165298
0.05025125628140704,0.0033613445378151263,0.03685092127303182,0.0009978478699521336,-0.3042970299720764,-0.04871845617890358,-0.17801587283611298
0.11071428571428572,0.007168458781362007,0.07142857142857142,0.0015816603697279266,-0.23777416348457336,0.021075604483485222,-0.11000712960958481
0.11764705882352941,0.03375527426160337,0.06722689075630252,0.015984630243974677,-0.16622206568717957,0.1690940409898758,-0.0026186960749328136
0.18021978021978022,0.04856512141280352,0.12747252747252746,0.015024396035679177,-0.0987168475985527,0.15696342289447784,0.02741984836757183
0.12658227848101267,0.022222222222222223,0.07911392405063292,0.003957788353483979,-0.20326241850852966,0.0029486462008208036,-0.10055933892726898
0.1585677749360614,0.056555269922879174,0.11253196930946292,0.023770245253723465,-0.03696712478995323,0.20363204181194305,0.0819484069943428
0.12666666666666665,0.03678929765886287,0.07666666666666667,0.013438335368481682,-0.30344095826148987,0.10956541448831558,-0.10394545644521713
0.17889908256880735,0.08294930875576037,0.13761467889908255,0.044298819871063135,-0.09593142569065094,0.24950796365737915,0.07235334813594818
0.09415121255349501,0.008583690987124465,0.06562054208273894,0.0015568261248674515,-0.22723351418972015,-0.015050617977976799,-0.12164946645498276
0.22158273381294966,0.06349206349206349,0.12374100719424459,0.028762745595964433,-0.07328158617019653,0.0941847711801529,0.010647833347320557
0.14893617021276595,0.047008547008547,0.1148936170212766,0.030694821195232782,-0.21449606120586395,-0.31953904032707214,-0.2655516564846039
0.15720524017467247,0.013157894736842105,0.08733624454148471,0.002743396652288544,-0.2077139914035797,-0.051888179033994675,-0.1292230188846588
0.0752212389380531,0.013333333333333336,0.061946902654867256,0.0031522427959009306,-0.17904263734817505,0.12258848547935486,-0.03117678500711918
0.3678756476683938,0.11458333333333334,0.2072538860103627,0.06650270313493177,0.08794094622135162,0.3137552738189697,0.19967319071292877
0.24126984126984127,0.1464968152866242,0.18412698412698414,0.06509457469126075,-0.21869294345378876,0.04995507746934891,-0.08631419390439987
0.11749680715197958,0.035851472471190776,0.07151979565772669,0.0019027152415099884,-0.0831058993935585,0.1747674196958542,0.044054482132196426
0.13793103448275862,0.04073319755600814,0.08924949290060852,0.01755551130400715,-0.1620149314403534,0.042091429233551025,-0.06036774069070816
0.32116788321167883,0.1466992665036675,0.170316301703163,0.059532289692887444,0.0313379168510437,0.2588077485561371,0.1439248025417328
0.0670391061452514,0.0,0.05027932960893854,0.0016735807023847398,-0.21701689064502716,0.06952452659606934,-0.07621023058891296
0.1376,0.07704654895666133,0.0896,0.03819664211812385,-0.11090279370546341,0.15584246814250946,0.020481981337070465
0.104,0.028112449799196793,0.076,0.0054658449729307985,-0.1857447624206543,-0.039669834077358246,-0.11200001835823059
0.19759036144578315,0.048426150121065374,0.12530120481927712,0.014337116203599787,-0.0682038739323616,0.20414812862873077,0.06579266488552094
0.12159329140461216,0.008421052631578947,0.07127882599580712,0.0033266460693081004,-0.12018551677465439,0.02452371083199978,-0.04719444736838341
0.05010893246187364,0.017467248908296942,0.04139433551198257,0.005944497360131143,-0.32654324173927307,0.25821030139923096,-0.04988730698823929
0.12991452991452992,0.010291595197255574,0.08888888888888889,0.0018902440659315557,-0.2576718330383301,-0.03195793554186821,-0.14560408890247345
0.06360424028268552,0.010638297872340425,0.04946996466431095,0.0015494659365547661,-0.2511904537677765,0.044057782739400864,-0.10626926273107529
0.16141732283464566,0.039525691699604744,0.11023622047244093,0.0058870889103505835,-0.11762472987174988,0.12936584651470184,0.004409933462738991
0.2776659959758552,0.07272727272727272,0.15694164989939638,0.056517582154582066,-0.0338711142539978,-0.009974319487810135,-0.020290566608309746
0.24582701062215476,0.09436834094368342,0.15477996965098634,0.055556430992945154,-0.10257978737354279,0.26645880937576294,0.0766640454530716
0.0766871165644172,0.009230769230769232,0.046012269938650305,0.0014271136312203816,-0.2973172068595886,-0.02256619930267334,-0.16199609637260437
0.2953271028037383,0.0975609756097561,0.17196261682242994,0.05290228858674008,-0.04657919332385063,-0.06894512474536896,-0.0560697577893734
0.0732824427480916,0.006125574272588055,0.051908396946564885,0.0012528061975128522,-0.28131216764450073,0.06508917361497879,-0.11250751465559006
0.0634441087613293,0.0030303030303030303,0.045317220543806644,0.0011744033140050135,-0.3548339605331421,0.012397685088217258,-0.17637191712856293
0.1770244821092279,0.052930056710775046,0.11299435028248588,0.018060778594657708,-0.10255856066942215,0.05760755017399788,-0.022113589569926262
0.3366336633663366,0.11960132890365448,0.23102310231023102,0.07815002493024892,0.06084907427430153,-0.08455038070678711,-0.011282112449407578
0.03891050583657587,0.010403120936280884,0.03631647211413749,0.0014142990592768195,-0.28105005621910095,-0.1149819940328598,-0.19751818478107452
0.08888888888888889,0.01671309192200557,0.058333333333333334,0.0032790270617643934,-0.12012679874897003,0.05416121333837509,-0.03284688666462898
0.0723589001447178,0.03773584905660378,0.05209840810419682,0.02547065933203637,-0.13618452847003937,-0.558256983757019,-0.35473600029945374
0.11416490486257931,0.03397027600849257,0.06342494714587739,0.0021365319169402196,-0.14776626229286194,0.26967379450798035,0.053783390671014786
0.1859582542694497,0.05333333333333334,0.11764705882352941,0.005316420802929162,-0.16364535689353943,0.08888385444879532,-0.03893893212080002
0.16602316602316602,0.046511627906976744,0.09266409266409266,0.00518734361895068,-0.12666690349578857,0.12794670462608337,-0.001008630613796413
0.09381663113006397,0.008565310492505354,0.06396588486140727,0.0022581190600449172,-0.26222920417785645,0.0006685390253551304,-0.1325272023677826
0.08567208271787297,0.02074074074074074,0.0709010339734121,0.0014927639108280885,-0.24186846613883972,0.04134365916252136,-0.10260874032974243
0.22943722943722944,0.05217391304347826,0.13852813852813853,0.028817124016964756,-0.02484697662293911,0.09173700213432312,0.03433546423912048
0.1590909090909091,0.0776255707762557,0.13636363636363635,0.036522642865119755,-0.07990376651287079,0.13200639188289642,0.02537963166832924
0.03656307129798903,0.007339449541284403,0.032906764168190134,0.0011236542296974444,-0.35903048515319824,0.1456470638513565,-0.11804791539907455
0.1657608695652174,0.06811989100817438,0.09239130434782608,0.02981043197197146,-0.2638419270515442,0.1571618616580963,-0.060680996626615524
0.3724489795918367,0.17435897435897435,0.25,0.09791037075546952,0.1848575621843338,0.2774783670902252,0.2320048063993454
0.15102974828375285,0.0367816091954023,0.09610983981693365,0.0053031119861851874,-0.15997344255447388,0.004817725624889135,-0.07721851021051407
0.09027777777777778,0.0069686411149825775,0.059027777777777776,0.0014586261866350756,-0.2525060474872589,0.005559131968766451,-0.12509632110595703
0.19019316493313523,0.05663189269746646,0.09806835066864784,0.015333284049614478,-0.3520209491252899,-0.05593867972493172,-0.2066410630941391
0.06329113924050632,0.012711864406779662,0.037974683544303806,0.002872686240637607,-0.22513259947299957,-0.4763942062854767,-0.3520134687423706
0.07759699624530664,0.02258469259723965,0.05006257822277848,0.003777837716924081,-0.1949259638786316,0.06339872628450394,-0.06744616478681564
0.25389755011135856,0.10290827740492169,0.17817371937639198,0.043038071229673736,0.05988793820142746,-0.002523823408409953,0.03006291203200817
0.29295774647887324,0.19263456090651557,0.24225352112676052,0.1190560932331568,0.13973546028137207,0.4265919327735901,0.2803986072540283
0.1167192429022082,0.02531645569620253,0.08201892744479496,0.003395451878118209,-0.2236723154783249,0.16768939793109894,-0.034102730453014374
0.26666666666666666,0.12080536912751677,0.16666666666666666,0.05157866468616879,0.06291284412145615,0.3593323230743408,0.20814941823482513
0.20408163265306123,0.05641025641025642,0.11734693877551021,0.027466091317444798,-0.01785300485789776,0.16673575341701508,0.07425194978713989
0.096569250317662,0.005095541401273885,0.060991105463786534,0.0010361844593700209,-0.2405206710100174,-0.02975989133119583,-0.13560041785240173
0.23046875000000003,0.07450980392156864,0.1171875,0.03680039364250903,0.05112133175134659,-0.09069917351007462,-0.019156917929649353
0.14170040485829957,0.04878048780487805,0.10526315789473684,0.022495959262339365,-0.19168739020824432,0.10241983085870743,-0.047344185411930084
0.14492753623188406,0.05339805825242719,0.10144927536231885,0.02861575345175942,-0.13059493899345398,0.053066436201334,-0.03879166394472122
0.15597920277296362,0.048695652173913036,0.09358752166377816,0.015296487067902882,-0.09558191895484924,0.2023664116859436,0.050495099276304245
0.09411764705882351,0.01349072512647555,0.06722689075630252,0.0017587050656886118,-0.3044392466545105,-0.021162621676921844,-0.16510145366191864
0.34154929577464793,0.12014134275618372,0.1936619718309859,0.048994204944153186,-0.0121091827750206,0.1235668882727623,0.05634557828307152
0.1302816901408451,0.04240282685512368,0.08450704225352114,0.00416736547744397,-0.3120642900466919,0.14685432612895966,-0.09166812896728516
0.2182890855457227,0.050295857988165674,0.12979351032448377,0.022898156009874687,-0.028166910633444786,-0.109030582010746,-0.06720001250505447
0.1006993006993007,0.016830294530154277,0.06433566433566434,0.002967009997375703,-0.22627095878124237,0.017326833680272102,-0.10573739558458328
0.3227513227513228,0.19680851063829785,0.2751322751322751,0.10437121384290886,0.0625414103269577,0.4515829086303711,0.25100210309028625
0.23660714285714282,0.053811659192825115,0.13392857142857142,0.008366812122406022,0.0068280636332929134,0.18851174414157867,0.09750307351350784
0.07815275310834814,0.0,0.05683836589698047,0.001259616477466726,-0.2404661923646927,-0.0686897337436676,-0.1542385369539261
0.1206896551724138,0.07266435986159168,0.09310344827586207,0.03044860292108362,-0.191998690366745,0.10651878267526627,-0.045585088431835175
0.1736111111111111,0.0313588850174216,0.10416666666666667,0.0026920858721879515,-0.1963522881269455,0.0190034881234169,-0.08928852528333664
0.11887072808320952,0.02980625931445604,0.08618127786032688,0.0037065147732140546,-0.11793991923332214,0.03209730237722397,-0.04237201809883118
0.1374722838137472,0.013363028953229397,0.08425720620842572,0.005416446125890369,-0.1162058413028717,0.13998004794120789,0.010186957195401192
0.13953488372093026,0.03501945525291828,0.10465116279069768,0.00477484740777814,-0.10924017429351807,-0.2173982858657837,-0.16204378008842468
0.20363636363636362,0.021897810218978103,0.09818181818181819,0.00745292464101139,-0.1396169513463974,0.030693016946315765,-0.05422801896929741
0.1811722912966252,0.049910873440285206,0.1030195381882771,0.019211214099786045,-0.15218883752822876,0.09283213317394257,-0.03105459176003933
0.01834862385321101,0.0,0.01834862385321101,0.00046347418943539534,-0.4124377369880676,-0.14489468932151794,-0.28041872382164
0.2819843342036553,0.10498687664041995,0.1827676240208877,0.05316183295439155,0.013484559021890163,0.17065078020095825,0.09232006967067719
0.2757281553398058,0.07017543859649122,0.16310679611650486,0.020902024767949026,-0.01895422674715519,0.04172320291399956,0.01280671264976263
0.23960880195599024,0.08845208845208845,0.14180929095354522,0.029832741609315684,0.03511985018849373,0.2085990458726883,0.1218048557639122
0.30470914127423826,0.116991643454039,0.15512465373961218,0.07393232296993876,0.07372943311929703,-0.09183993190526962,-0.008809272199869156
0.36185819070904646,0.07371007371007371,0.15647921760391198,0.033632665606875556,0.07436157763004303,0.09275572746992111,0.08503115922212601
0.1978947368421053,0.080338266384778,0.15578947368421053,0.043443758586777556,-0.06961603462696075,0.13975153863430023,0.03443894162774086
0.33954451345755693,0.12058212058212057,0.17805383022774326,0.0815544957055874,0.06420367956161499,-0.02306707389652729,0.021774200722575188
0.15329768270944744,0.10017889087656529,0.1319073083778966,0.04224326476899128,-0.2434178739786148,0.23145246505737305,-0.015755968168377876
0.16170212765957445,0.021367521367521368,0.0978723404255319,0.007006442563036801,-0.14522811770439148,-0.05751558020710945,-0.09997697174549103
0.4092219020172911,0.16231884057971013,0.2593659942363113,0.06575695610032656,0.21667727828025818,0.39059799909591675,0.30333152413368225
0.19417475728155342,0.04220779220779221,0.1132686084142395,0.00605721406098026,-0.1350673884153366,-0.09984542429447174,-0.11570433527231216
0.1276595744680851,0.008547008547008546,0.07659574468085108,0.002066187615013732,-0.21574020385742188,-0.0453265942633152,-0.13020092248916626
0.16485225505443235,0.0343213728549142,0.09020217729393468,0.005024739114407131,-0.21207430958747864,0.1571243554353714,-0.03272963687777519
0.28737864077669906,0.050682261208576995,0.1359223300970874,0.009891792628627322,-0.08697167038917542,0.0569697842001915,-0.014399472624063492
0.13105413105413108,0.00857142857142857,0.07122507122507123,0.007247638773139037,-0.2627955377101898,0.08843109011650085,-0.09175854176282883
0.18261826182618263,0.057331863285556776,0.1078107810781078,0.021910041937064095,-0.23486140370368958,0.11515744030475616,-0.0643937885761261
0.1864406779661017,0.06808510638297871,0.11016949152542374,0.02522321512362401,-0.13973157107830048,0.10574483871459961,-0.01839338056743145
0.1963927855711423,0.03219315895372233,0.09218436873747494,0.014736689501284235,-0.1315019577741623,-0.008560129441320896,-0.06906505674123764
0.19277108433734938,0.030303030303030304,0.09638554216867469,0.006866726061425956,-0.0964478999376297,0.1435845047235489,0.0222601518034935
0.05643738977072311,0.007079646017699115,0.042328042328042326,0.0010326114152170599,-0.32714107632637024,-0.020349763333797455,-0.1767646223306656
0.17378048780487806,0.03058103975535168,0.09146341463414634,0.01627134298819734,-0.28472161293029785,0.05674941465258598,-0.11820472031831741
0.33653846153846156,0.10679611650485438,0.21153846153846154,0.058266322908074875,0.046106938272714615,0.17615295946598053,0.11174079775810242
0.2198952879581152,0.02101576182136602,0.09773123909249565,0.005855273951143133,-0.3528289198875427,-0.018769321963191032,-0.18972885608673096
0.19886363636363635,0.08,0.14204545454545456,0.04140980498468955,0.03327823057770729,-0.26275140047073364,-0.11747085303068161
0.1056,0.009630818619582664,0.0672,0.001665874408839728,-0.21542784571647644,0.03829596936702728,-0.09010609984397888
0.12244897959183675,0.05011389521640092,0.09070294784580499,0.013281953704318113,-0.21853800117969513,0.18554964661598206,-0.023119395598769188
0.03862660944206009,0.0,0.030042918454935626,0.0006105208823988633,-0.3348064720630646,-0.021832222118973732,-0.18153689801692963
0.1347517730496454,0.0498220640569395,0.11702127659574468,0.02321205601828403,-0.12341631203889847,-0.06976505368947983,-0.09495607018470764
0.1009009009009009,0.025316455696202535,0.06126126126126127,0.009035438884874148,-0.1317683309316635,0.2633364796638489,0.0595194436609745
0.13668061366806136,0.019580419580419582,0.08926080892608089,0.0037372095066944824,-0.1646372675895691,0.06993696838617325,-0.04845276102423668
0.25390625,0.07843137254901962,0.14453125,0.03287424334788862,-0.04603194445371628,0.14295417070388794,0.04822250083088875
0.38414634146341464,0.09815950920245399,0.2073170731707317,0.04049885944917015,0.1410195678472519,0.23305165767669678,0.18794573843479156
0.32445520581113807,0.0681265206812652,0.17433414043583537,0.01038566851440887,0.09398545324802399,0.09088806062936783,0.09391070902347565
0.10546139359698682,0.045368620037807186,0.07909604519774012,0.007954603077381751,-0.39019331336021423,0.07980658113956451,-0.16484011709690094
0.10789980732177265,0.023210831721470017,0.07321772639691716,0.0021609016647224726,-0.27510175108909607,0.3505401313304901,0.01964993216097355
0.09216589861751151,0.018489984591679505,0.06451612903225806,0.004685009816348364,-0.2198316603899002,0.08758250623941422,-0.06922963261604309
0.08860759493670886,0.021186440677966104,0.06751054852320676,0.0020879028532497404,-0.2540455758571625,0.1344449669122696,-0.06579619646072388
0.13157894736842105,0.06607929515418502,0.11403508771929825,0.022871829812085614,-0.21792460978031158,0.16938798129558563,-0.030219363048672676
0.3817427385892116,0.08368200836820083,0.2074688796680498,0.0237279980577301,0.21098050475120544,0.19915884733200073,0.20635394752025604
0.07678883071553227,0.021015761821366025,0.048865619546247824,0.00964283749503207,-0.2136184126138687,-0.4018128514289856,-0.30750659108161926
0.1117117117117117,0.0325497287522604,0.07927927927927927,0.0022673873391267055,-0.20411212742328644,0.05139685794711113,-0.07795626670122147
0.2918918918918919,0.027173913043478264,0.15675675675675674,0.0045662870523264214,-0.015320870094001293,0.17342397570610046,0.07877878099679947
0.14918414918414918,0.04215456674473068,0.10256410256410256,0.002797198672558566,-0.18365764617919922,0.14535631239414215,-0.022983074188232422
0.12991452991452992,0.030874785591766724,0.08888888888888889,0.004992799729982033,-0.25992557406425476,0.10834576934576035,-0.08099981397390366
0.1287878787878788,0.041825095057034224,0.08712121212121213,0.023711452966265402,-0.1995929777622223,-0.004783768206834793,-0.1023530438542366
0.162754303599374,0.018838304552590265,0.07511737089201878,0.0042987842425058894,-0.2701885402202606,-0.0003431126242503524,-0.1372009515762329
0.29526462395543174,0.09523809523809523,0.1671309192200557,0.043276463549901986,0.04528624191880226,0.2814676761627197,0.16201093792915344
0.20498614958448752,0.022284122562674095,0.11634349030470913,0.0037999411113808466,-0.04731287062168121,0.0638645812869072,0.009265203960239887
0.33990147783251234,0.15346534653465346,0.2463054187192118,0.07373428541147241,0.07051915675401688,0.2649310529232025,0.16723313927650452
0.17027027027027028,0.04336043360433605,0.0918918918918919,0.010055984392315257,-0.2103133350610733,0.17730079591274261,-0.022469930350780487
0.10654490106544902,0.018320610687022898,0.0700152207001522,0.0019888214993351297,-0.24234318733215332,-0.06240652874112129,-0.15218773484230042
0.2949061662198391,0.08064516129032258,0.1554959785522788,0.02426508121131193,-0.1440519094467163,0.10839246213436127,-0.01940448395907879
0.33098591549295775,0.15547703180212016,0.20422535211267606,0.06306581401528757,0.05850796401500702,0.2381601333618164,0.14813731610774994
0.13114754098360656,0.02925045703839122,0.07650273224043716,0.005204836739922087,-0.2019033133983612,0.052917517721652985,-0.07607532292604446
0.3277777777777777,0.1340782122905028,0.21111111111111114,0.06509280350102493,0.16837427020072937,0.2143774777650833,0.1925876885652542
0.10675039246467817,0.01889763779527559,0.07221350078492936,0.0033346139141562504,-0.25291958451271057,-0.1701018065214157,-0.20990252494812012
0.09508196721311477,0.01973684210526316,0.06885245901639345,0.0029983833427352368,-0.18113824725151062,0.023720048367977142,-0.07910828292369843
0.28265524625267663,0.05161290322580645,0.14561027837259102,0.02589842769798593,0.013021500781178474,0.007066705264151096,0.011650812812149525
0.1277860326894502,0.038748137108792845,0.08320950965824665,0.005081612283188645,-0.13631753623485565,0.28921106457710266,0.06893862783908844
0.0743801652892562,0.012448132780082987,0.05785123966942148,0.0016436926602216328,-0.2125009298324585,0.08696171641349792,-0.06562985479831696
0.15320910973084886,0.02494802494802495,0.10351966873706003,0.00530044140437275,-0.16286922991275787,0.05007675662636757,-0.056994691491127014
0.10683760683760683,0.012875536480686695,0.07692307692307691,0.002172629804668989,-0.1969699263572693,0.18482381105422974,-0.011810795404016972
0.25268817204301075,0.08648648648648649,0.15053763440860216,0.0344010628305414,-0.0011804604437202215,0.05168301984667778,0.026695512235164642
0.3826530612244898,0.2,0.22959183673469388,0.09510729433370257,0.11104853451251984,0.38913217186927795,0.24759231507778168
0.24922118380062305,0.13793103448275865,0.2180685358255452,0.03481369570507537,0.08411974459886551,0.438212126493454,0.25635144114494324
0.23935091277890463,0.10590631364562118,0.16632860040567954,0.04501617141080454,-0.07552152127027512,0.24143172800540924,0.0794554352760315
0.17271157167530224,0.04852686308492201,0.11053540587219343,0.015124408454022712,-0.12523068487644196,0.14304223656654358,0.00688913045451045
0.1511627906976744,0.10505836575875485,0.12790697674418605,0.05074587086163929,-0.05556229501962662,0.4133976697921753,0.16952797770500183
0.059753954305799654,0.03527336860670194,0.056239015817223195,0.010848431183644699,-0.2296527922153473,0.3656611442565918,0.051851239055395126
0.12903225806451613,0.03697996918335902,0.09216589861751151,0.018512854771497275,-0.1985936313867569,0.13249948620796204,-0.036942508071660995
0.3703703703703703,0.1875,0.28395061728395066,0.09639092951216437,0.1561472862958908,0.30502572655677795,0.23076874017715454
0.08074534161490683,0.028037383177570097,0.06211180124223604,0.014973114592948825,-0.24705371260643005,0.1881611943244934,-0.03740055859088898
0.1822222222222222,0.05803571428571429,0.11555555555555554,0.016296965660678786,-0.07890584319829941,0.051527027040719986,-0.012902419082820415
0.1097770154373928,0.0068846815834767644,0.06518010291595197,0.0015131394271054538,-0.24305422604084015,-0.03012917935848236,-0.13709817826747894
0.1917808219178082,0.07339449541284404,0.136986301369863,0.034583931299359064,-0.00764663890004158,0.08657226711511612,0.04058007523417473
0.23414634146341465,0.0931372549019608,0.15609756097560976,0.038088256900363236,0.004986092448234558,-0.13386981189250946,-0.06370405852794647
0.22222222222222218,0.06293706293706294,0.13194444444444445,0.02482521489530689,0.008899617940187454,0.33559954166412354,0.16838550567626953
0.28973843058350107,0.08484848484848487,0.15291750503018106,0.012290586530893094,-0.012703481130301952,0.2261013239622116,0.10533232241868973
0.26146788990825687,0.041474654377880185,0.13302752293577982,0.017040581018611663,-0.08123032748699188,0.08635437488555908,0.0027666708920150995
0.08527131782945736,0.0,0.0503875968992248,0.0015528112301436126,-0.23376761376857758,0.039849527180194855,-0.09903226792812347
0.2821869488536155,0.14513274336283186,0.1834215167548501,0.07301847757332144,0.034584980458021164,0.33120274543762207,0.17993707954883575
0.12596401028277635,0.06443298969072166,0.08740359897172237,0.02524245480205126,-0.09773872792720795,0.20460407435894012,0.05040362849831581
0.10958904109589043,0.006872852233676976,0.0684931506849315,0.001531247139284748,-0.21098050475120544,0.10073008388280869,-0.05837308242917061
0.06215722120658135,0.02568807339449541,0.051188299817184646,0.009470916544777034,-0.24856704473495483,-0.01948985829949379,-0.13490822911262512
0.1644359464627151,0.011516314779270634,0.09560229445506692,0.0020972374208103176,-0.17836733162403107,-0.1322494000196457,-0.15354104340076447
0.17279411764705882,0.06273062730627306,0.125,0.025604846063045094,-0.11579655855894089,0.012387781403958797,-0.05083201453089714
0.28723404255319146,0.1283422459893048,0.17553191489361702,0.04434922764186232,0.042504359036684036,0.21151161193847656,0.12702175974845886
0.1474820143884892,0.018050541516245487,0.08273381294964029,0.004424039788880988,-0.20596788823604584,0.024416886270046234,-0.09173240512609482
0.10658307210031348,0.0440251572327044,0.08463949843260189,0.016587401183067046,-0.17390266060829163,0.12042475491762161,-0.02946924790740013
0.04591836734693878,0.01278772378516624,0.030612244897959186,0.0009040166644154147,-0.3349423110485077,-0.020252134650945663,-0.18087154626846313
0.09966777408637874,0.016666666666666666,0.059800664451827246,0.00180667688791659,-0.19058865308761597,0.03598225861787796,-0.07818476110696793
0.2608695652173913,0.09126984126984126,0.1660079051383399,0.03514599414558269,0.0015554344281554222,0.04470403864979744,0.024624217301607132
0.37433155080213903,0.13978494623655915,0.23529411764705885,0.07144727658236144,0.2864457964897156,0.27542465925216675,0.2820976674556732
0.05011389521640092,0.027459954233409606,0.05011389521640092,0.010259671025124812,-0.2899935245513916,0.056948207318782806,-0.12093501538038254
0.19844961240310077,0.07153965785381025,0.10542635658914727,0.021528509960397783,-0.1867080181837082,0.11087136715650558,-0.040738292038440704
0.07570977917981073,0.012658227848101267,0.050473186119873815,0.0076233217661793775,-0.1805163472890854,0.15798038244247437,-0.015425055287778378
0.30647709320695105,0.09508716323296355,0.17061611374407581,0.06421584131487092,-0.08045915514230728,0.015538403764367104,-0.031249890103936195
0.06751054852320676,0.012711864406779662,0.05485232067510549,0.0017257199101849924,-0.26551833748817444,0.0678669735789299,-0.10276836901903152
0.0352112676056338,0.0035335689045936395,0.024647887323943664,0.0008957047800262306,-0.29749444127082825,0.08801016211509705,-0.11061739176511765
0.11900191938579656,0.030828516377649322,0.07677543186180422,0.005377231647895962,-0.15536373853683472,0.061052825301885605,-0.04784037917852402
0.048484848484848485,0.0,0.03636363636363637,0.0006218850154986388,-0.34122946858406067,0.01473686471581459,-0.16797548532485962
0.21811460258780035,0.03710575139146568,0.11090573012939,0.006565411513048756,-0.21792849898338318,0.07073037326335907,-0.07612583041191101
0.14913957934990438,0.023032629558541268,0.0994263862332696,0.005177700120123449,-0.10652408748865128,0.23943637311458588,0.06200817599892616
0.31654676258992803,0.11566265060240963,0.18705035971223022,0.05547254339972078,0.05826069414615631,-0.09904848039150238,-0.01999673619866371
0.1978798586572438,0.07829181494661921,0.16961130742049468,0.02197917669733732,-0.031357020139694214,0.31228378415107727,0.13606023788452148
0.1643835616438356,0.08256880733944953,0.1095890410958904,0.028707652825505175,-0.07641863077878952,0.3373773396015167,0.12346436083316803
0.23943661971830985,0.0849056603773585,0.1737089201877934,0.03547940950041929,0.07373827695846558,0.23356208205223083,0.1537759006023407
0.22357723577235772,0.11836734693877551,0.16260162601626016,0.06490262067400343,-0.09540893882513046,0.4927864968776703,0.18318228423595428
0.19776119402985073,0.048689138576779034,0.1082089552238806,0.014088721583304493,-0.1572035849094391,-0.16480088233947754,-0.15911924839019775
0.2546419098143236,0.08,0.13793103448275862,0.025123319287059843,0.03688293322920799,0.21241642534732819,0.12455599009990692
0.4063604240282685,0.12765957446808512,0.21554770318021202,0.06362803892730762,0.09258212894201279,0.1165160983800888,0.10597613453865051
0.0,0.0,0.0,0.0,-0.2383161187171936,-0.22861984372138977,-0.23146870732307434
0.08858603066439523,0.020512820512820513,0.07495741056218057,0.0033280900387775776,-0.1649959683418274,0.0788571909070015,-0.044402699917554855
0.10633946830265849,0.008213552361396304,0.06543967280163598,0.0014777611523356243,-0.22601908445358276,0.048924677073955536,-0.09066515415906906
0.2633228840125392,0.13836477987421383,0.18181818181818182,0.06804663296296629,0.003476291662082076,0.18024520576000214,0.09178891032934189
0.03164556962025317,0.0,0.028481012658227847,0.0011150802844566497,-0.3536542057991028,0.005384038668125868,-0.17897683382034302
0.16785714285714287,0.014336917562724014,0.08214285714285716,0.00234815344593528,-0.23991364240646362,-0.0007169992895796895,-0.12145522236824036
0.14339622641509434,0.03802281368821292,0.09811320754716982,0.007273217126314363,-0.06986755132675171,0.28201842308044434,0.10140515863895416
0.12335958005249345,0.031578947368421054,0.060367454068241476,0.006775277242660856,-0.20758840441703796,0.06699751317501068,-0.07241833209991455
0.057068741893644616,0.018205461638491547,0.03891050583657587,0.008455820268097837,-0.3532222807407379,0.22023268043994904,-0.08160760998725891
0.010204081632653062,0.0,0.010204081632653062,0.00036088678449008616,-0.4227212369441986,-0.0038453375454992056,-0.22057683765888214
0.012882447665056362,0.0032310177705977385,0.012882447665056362,0.0015290526450465083,-0.4115760028362274,0.11754295974969864,-0.15973445773124695
0.2033096926713948,0.0332541567695962,0.12293144208037825,0.007815683787667222,-0.09713488072156906,0.10328821837902069,0.002670963993296027
0.17427385892116184,0.06666666666666667,0.1037344398340249,0.025328295379943716,-0.013616153039038181,0.30936095118522644,0.1441420018672943
0.18749999999999997,0.026905829596412557,0.08928571428571429,0.0031431201341814655,-0.10647456347942352,-0.00167240877635777,-0.0529199093580246
0.17761989342806395,0.024955436720142603,0.11012433392539965,0.006497318058432052,-0.16067668795585632,0.005654637701809406,-0.07717789709568024
0.17187499999999997,0.05642633228840125,0.12187499999999998,0.017864507723235053,-0.08399946987628937,0.18147262930870056,0.04675864428281784
0.061904761904761914,0.014354066985645933,0.05238095238095238,0.0035742168398582444,-0.28891637921333313,-0.00595884071663022,-0.1497403234243393
0.11976047904191617,0.012024048096192385,0.0718562874251497,0.00203394958089801,-0.14533813297748566,0.12369528412818909,-0.012841322459280491
0.14889336016096577,0.03232323232323232,0.10060362173038229,0.0161283437021942,-0.18271100521087646,0.011028418317437172,-0.08600447326898575
0.2894736842105263,0.052805280528052806,0.14144736842105263,0.008608442954108763,-0.0868358314037323,0.055343713611364365,-0.015117804519832134
0.2912621359223301,0.09756097560975611,0.14563106796116504,0.03305741084823736,0.01484719943255186,0.18645377457141876,0.10065574944019318
0.1274658573596358,0.0121765601217656,0.06980273141122914,0.0018172176095681777,-0.16483041644096375,0.026758894324302673,-0.06917665898799896
0.26244343891402716,0.08169440242057488,0.13574660633484165,0.02653439740911866,0.026615722104907036,0.1142129972577095,0.07154390215873718
0.32926829268292684,0.05714285714285715,0.19105691056910568,0.026599623972540305,0.04670725017786026,0.14180774986743927,0.09528204053640366
0.3268698060941828,0.1392757660167131,0.21052631578947367,0.07931130287503035,0.13589869439601898,-0.050162360072135925,0.04268280044198036
0.09478672985781991,0.019002375296912115,0.05924170616113744,0.0038322199035785197,-0.20631881058216095,-0.07407518476247787,-0.13925176858901978
0.18326693227091634,0.08,0.1354581673306773,0.04589416816041186,-0.10252813994884491,0.09487099945545197,-0.004165192134678364
0.11538461538461539,0.057971014492753624,0.09615384615384615,0.015668149181899894,-0.15521976351737976,0.1013568863272667,-0.02860470674932003
0.14112903225806453,0.0242914979757085,0.10080645161290322,0.005849524456200675,-0.07941064238548279,0.11511959135532379,0.017547911033034325
0.17676767676767677,0.02030456852791878,0.10101010101010101,0.0027723247212947024,-0.07452855259180069,0.07484595477581024,0.000658647040836513
0.10865874363327674,0.017035775127768313,0.06791171477079797,0.0017259574998951342,-0.2587698698043823,-0.03064880147576332,-0.14555500447750092
0.19540229885057472,0.06538461538461537,0.11877394636015325,0.007919433993910333,-0.17625261843204498,0.06732011586427689,-0.055781226605176926
0.07361963190184048,0.0,0.05725971370143149,0.0013892099609551687,-0.26030728220939636,0.04713943228125572,-0.10966455936431885
0.18326693227091634,0.072,0.14741035856573706,0.026158866947215396,-0.16686907410621643,0.05876493453979492,-0.05493716895580292
0.3356643356643356,0.028169014084507043,0.15384615384615385,0.007247025786691324,0.08700846135616302,0.11037261039018631,0.10012812912464142
0.11420204978038069,0.0499265785609398,0.09370424597364567,0.02401490761221364,-0.09229205548763275,0.29882246255874634,0.09715308994054794
0.2631578947368421,0.06504065040650406,0.13765182186234817,0.01942689191181976,-0.08286641538143158,-0.005275445058941841,-0.04268033057451248
0.21363636363636362,0.05479452054794521,0.13636363636363638,0.023411535601956125,-0.12311562150716782,0.24576203525066376,0.056059516966342926
0.2271714922048998,0.07158836689038031,0.13808463251670378,0.020294323534920042,-0.02301243506371975,0.2324138879776001,0.10292976349592209
0.011787819253438116,0.003944773175542406,0.011787819253438116,0.001963946935219084,-0.39307987689971924,0.20922371745109558,-0.10883603990077972
0.15845824411134907,0.06021505376344085,0.11563169164882227,0.007046055559250451,-0.10772258788347244,0.2680671811103821,0.07464713603258133
0.04126984126984127,0.009554140127388536,0.03492063492063492,0.0008889167291665188,-0.303134948015213,0.2108229100704193,-0.05793021619319916
0.20858895705521474,0.07407407407407407,0.12269938650306748,0.029007807990946915,0.024799220263957977,0.18205626308918,0.10366328060626984
0.10074626865671642,0.018726591760299626,0.06716417910447761,0.0021649869879360748,-0.23485255241394043,-0.027731282636523247,-0.13167820870876312
0.3587223587223587,0.19259259259259262,0.26044226044226043,0.07191320408874664,0.12202147394418716,0.29270902276039124,0.2072432041168213
0.08455284552845528,0.03588907014681892,0.07479674796747968,0.015357274468905056,-0.22449159622192383,-0.3814358413219452,-0.30217844247817993
0.13852813852813853,0.05217391304347825,0.09090909090909091,0.019815809277425118,-0.21573667228221893,0.13434238731861115,-0.04524781554937363
0.3018867924528302,0.10126582278481013,0.20125786163522014,0.08069250307256666,0.13148285448551178,-0.04134082794189453,0.04512103274464607
0.43278688524590164,0.22442244224422442,0.28196721311475414,0.09383627958145097,0.2399122267961502,0.3700430691242218,0.3053032159805298
0.27108433734939763,0.11515151515151514,0.1987951807228916,0.04877093406988607,0.05528990924358368,0.19803117215633392,0.12707792222499847
0.3801652892561983,0.07500000000000001,0.23140495867768596,0.0512232610365181,0.16162969172000885,0.20114748179912567,0.1826433539390564
0.007736943907156672,0.0,0.007736943907156672,0.00043774962953270995,-0.4337542951107025,-0.03630520775914192,-0.24140208959579468
0.0775716694772344,0.033840947546531296,0.06070826306913997,0.016732156632574876,-0.23098962008953094,0.033098697662353516,-0.10075286775827408
0.0773109243697479,0.01011804384485666,0.06050420168067227,0.001513816639584965,-0.2731851637363434,0.07129102200269699,-0.10527687519788742
0.16883116883116883,0.052173913043478265,0.09956709956709958,0.021502727283286043,-0.16641025245189667,0.09362871944904327,-0.03814608231186867
0.24463519313304719,0.08189655172413793,0.13733905579399142,0.05623614575227159,-0.045766279101371765,0.0502140037715435,0.0033815258648246527
0.07988165680473372,0.011869436201780416,0.05029585798816568,0.0017408574359336973,-0.30873623490333557,0.02552015148103237,-0.14556241035461426
0.042735042735042736,0.008571428571428572,0.03133903133903134,0.001168660141245661,-0.40114253759384155,0.040667690336704254,-0.18855564296245575
0.2669902912621359,0.1073170731707317,0.16990291262135923,0.05303298269399894,0.08435958623886108,-0.08290626853704453,0.0009312881156802177
0.3037249283667622,0.11527377521613832,0.19484240687679086,0.06001800873037525,0.055405233055353165,0.2936117351055145,0.17308326065540314
0.19565217391304346,0.05454545454545455,0.12681159420289856,0.020277746948981244,-0.05101662129163742,0.09128281474113464,0.02070835791528225
0.04608294930875576,0.0,0.03686635944700461,0.0009365296966662387,-0.2669110596179962,0.06942335516214371,-0.10278885066509247
0.23242467718794832,0.08633093525179857,0.1406025824964132,0.038155911949214145,-0.1803564578294754,0.08522988855838776,-0.049456801265478134
0.10703363914373087,0.003067484662576687,0.06422018348623854,0.0016598584675333826,-0.23686644434928894,0.08399538695812225,-0.07996787875890732
0.15483870967741936,0.017278617710583154,0.09892473118279571,0.002829155109641151,-0.16472676396369934,0.03569361940026283,-0.06484054028987885
0.09208633093525179,0.014430014430014428,0.06330935251798561,0.0032447931880013343,-0.18912731111049652,0.11511216312646866,-0.040032319724559784
0.34430379746835443,0.13231552162849872,0.22278481012658227,0.05290556805241616,0.1527668684720993,0.22811825573444366,0.1914830058813095
0.25999999999999995,0.10843373493975904,0.156,0.04421342890384136,-0.02906295843422413,0.15654072165489197,0.06354442983865738
0.1111111111111111,0.037162162162162164,0.06734006734006734,0.010792738413437235,-0.16132546961307526,0.2718920111656189,0.047441307455301285
0.22260273972602743,0.041237113402061855,0.1267123287671233,0.005730285172826664,-0.07542247325181961,0.07087080180644989,-0.001726962043903768
0.08607594936708861,0.017766497461928932,0.060759493670886074,0.008286616426177482,-0.303532212972641,0.0927719995379448,-0.11169100552797318
0.2745098039215686,0.12807881773399016,0.16666666666666666,0.06577694091451491,0.08703640848398209,0.2001301646232605,0.14434894919395447
0.14417744916820704,0.03710575139146568,0.10351201478743069,0.014008621352134243,-0.1745648831129074,-0.08328121900558472,-0.1275193691253662
0.07710843373493975,0.009685230024213076,0.04819277108433736,0.001986639644126105,-0.23567643761634827,0.14006741344928741,-0.0533037930727005
0.1272727272727273,0.0776255707762557,0.12272727272727271,0.03717342385187445,-0.17878970503807068,0.05679469183087349,-0.06210988759994507
0.10579345088161209,0.022727272727272728,0.05541561712846348,0.011667597137104774,-0.09408556669950485,0.07672635465860367,-0.008515087887644768
0.14675052410901468,0.04631578947368421,0.09643605870020965,0.02313431490424155,-0.10772683471441269,-0.2194148749113083,-0.1623358428478241
0.18867924528301888,0.12809315866084425,0.15384615384615385,0.07362689985251714,-0.0900595486164093,0.054935161024332047,-0.0169722568243742
0.1497005988023952,0.08708708708708708,0.12275449101796407,0.03526206712283149,-0.19477668404579163,0.2442275732755661,0.01662156730890274
0.3466666666666667,0.10707456978967496,0.1980952380952381,0.049706759313277206,0.07953091710805893,0.1050158143043518,0.09371647238731384
0.06804733727810651,0.005934718100890208,0.056213017751479286,0.0012934065081759265,-0.24047257006168365,0.11123110353946686,-0.0692218616604805
0.1226215644820296,0.012738853503184714,0.05496828752642706,0.003789512535020784,-0.3351648151874542,0.15861354768276215,-0.09905169159173965
0.27317073170731704,0.10784313725490195,0.19512195121951217,0.04033260410549152,0.03260999917984009,0.2884427607059479,0.15868979692459106
0.13157894736842107,0.046204620462046216,0.08881578947368421,0.023334335291335873,-0.4069652557373047,-0.09741533547639847,-0.25525522232055664
0.1871345029239766,0.05865102639296187,0.11695906432748536,0.022005314113374985,-0.05315609648823738,0.07300694286823273,0.01073365192860365
0.1729957805907173,0.055084745762711856,0.10126582278481013,0.008207086640001795,-0.1323314905166626,0.20811691880226135,0.03364679962396622
0.1169811320754717,0.08712121212121213,0.1018867924528302,0.03436685032273516,-0.1432163566350937,0.4207650423049927,0.12453868240118027
0.2567567567567568,0.05882352941176471,0.15765765765765766,0.018798422525295327,0.007609494961798191,-0.09011941403150558,-0.04005315899848938
0.12056737588652482,0.04270462633451958,0.08865248226950355,0.012617606782026782,-0.15142403542995453,0.15805253386497498,9.994483843911439e-05
0.0861812778603269,0.014903129657228018,0.05052005943536404,0.003723104836728899,-0.18820473551750183,0.17149193584918976,-0.013264410197734833
0.10658307210031348,0.02830188679245283,0.07210031347962383,0.003438931092605811,-0.12730790674686432,-0.21213839948177338,-0.16820186376571655
0.1503067484662577,0.04923076923076923,0.10429447852760737,0.028880989802482437,-0.22221487760543823,0.21472695469856262,-0.011766296811401844
0.36054421768707484,0.12328767123287672,0.19047619047619047,0.06583474867340375,0.16327674686908722,0.19844113290309906,0.1821298599243164
0.15944055944055943,0.07573632538569425,0.12027972027972027,0.030759449025411587,-0.043383073061704636,0.32731422781944275,0.13661223649978638
0.09009009009009009,0.0216998191681736,0.06846846846846846,0.004420629545991562,-0.15853050351142883,0.19203412532806396,0.012162897735834122
0.3163265306122449,0.12969283276450513,0.20408163265306123,0.08312518690189623,-0.0063703120686113834,0.08352847397327423,0.03973778337240219
0.23032629558541268,0.05009633911368015,0.11132437619961612,0.010237523052549616,-0.04536654055118561,-0.23892949521541595,-0.14224834740161896
0.2262210796915167,0.11369509043927649,0.16452442159383032,0.05131038125982556,-0.017884843051433563,0.22584274411201477,0.10249819606542587
0.1314878892733564,0.05574912891986063,0.10380622837370242,0.018302445801661963,0.007887541316449642,0.29262202978134155,0.1476626694202423
0.024054982817869417,0.017241379310344827,0.024054982817869417,0.0019463140840714605,-0.2901725471019745,0.30155426263809204,-0.010368835180997849
0.04824561403508772,0.02643171806167401,0.039473684210526314,0.012344171125755206,-0.34969010949134827,0.32772067189216614,-0.0325869619846344
0.1932021466905188,0.07899461400359067,0.13953488372093023,0.03253294018738128,-0.03504626825451851,0.18796347081661224,0.07548730820417404
0.04087193460490463,0.005464480874316939,0.02997275204359673,0.0010185371549041517,-0.2824455797672272,-0.05869878828525543,-0.1712874323129654
0.19666048237476808,0.037243947858472994,0.11131725417439703,0.003205183183247218,-0.20522677898406982,-0.08122430741786957,-0.142166405916214
0.20662768031189083,0.046966731898238745,0.11695906432748536,0.018568547900303402,-0.04286978021264076,0.14730745553970337,0.051953304558992386
0.1799660441426146,0.06132879045996593,0.11205432937181663,0.031984375031783106,-0.3774137496948242,0.18159642815589905,-0.11223628371953964
0.08376963350785341,0.07894736842105264,0.08376963350785341,0.03309168108516995,-0.07232752442359924,0.500731885433197,0.19957289099693298
0.37772397094431,0.15085158150851583,0.2179176755447942,0.05381234309333332,0.11021015048027039,0.29441115260124207,0.20196202397346497
0.055464926590538345,0.0,0.03588907014681892,0.0005450672859827736,-0.3174455165863037,0.06021096184849739,-0.13418106734752655
0.34955752212389385,0.11555555555555556,0.21238938053097348,0.056576827161955216,0.043448515236377716,0.22337906062602997,0.1332317590713501
0.25170068027210885,0.07534246575342465,0.1360544217687075,0.038709738344022054,0.08157806098461151,0.28969743847846985,0.1848541498184204
0.14035087719298245,0.016238159675236806,0.07557354925775978,0.0037569460913554147,-0.1958269625902176,-0.03749796748161316,-0.11614260822534561
0.18181818181818182,0.045627376425855515,0.10227272727272728,0.014258242805438207,-0.16673782467842102,0.07160088419914246,-0.04876177757978439
0.15774647887323945,0.05099150141643061,0.12394366197183099,0.024913910767359184,-0.1016572043299675,0.09629827737808228,-0.0030287171248346567
0.16638935108153077,0.02337228714524207,0.09983361064891846,0.005445013979800789,-0.13928230106830597,0.04504821076989174,-0.04714641720056534
0.26843657817109146,0.07988165680473372,0.1415929203539823,0.019490943103865507,-0.038002196699380875,0.06776156276464462,0.015918776392936707
0.15985790408525755,0.0427807486631016,0.11012433392539965,0.00791817463425973,-0.2036508321762085,-0.04335811734199524,-0.12300807982683182
0.0539568345323741,0.014440433212996389,0.046762589928057555,0.0015732992755868517,-0.39046144485473633,0.08316271752119064,-0.16347338259220123
0.15049504950495046,0.05566600397614314,0.10693069306930693,0.023236866206301898,-0.16008026897907257,0.08143831044435501,-0.04060056060552597
0.26842105263157895,0.0634920634920635,0.15789473684210525,0.02698039743169083,-0.034276511520147324,0.12845854461193085,0.0473162867128849
0.12098298676748584,0.011385199240986717,0.07939508506616255,0.004362827117306312,-0.11619134247303009,0.1346614509820938,0.0076742093078792095
0.12153236459709378,0.021192052980132454,0.08190224570673711,0.008859002485536881,-0.2513832449913025,0.04564034566283226,-0.10562968254089355
0.24352331606217614,0.08854166666666666,0.155440414507772,0.025631558533123384,0.056330639868974686,0.1959325224161148,0.12659373879432678
0.1613588110403397,0.0255863539445629,0.1019108280254777,0.003020801026480343,-0.1751595288515091,0.08957044035196304,-0.04466969147324562
0.1761006289308176,0.08860759493670885,0.12578616352201258,0.028577881813911056,-0.015700088813900948,0.21384194493293762,0.09792722016572952
0.16267942583732056,0.06079999999999999,0.12121212121212123,0.025662095413516373,-0.21893879771232605,0.098808653652668,-0.0635041743516922
0.0773109243697479,0.04047217537942664,0.05714285714285715,0.009006870669603447,-0.3064534664154053,-0.3304588496685028,-0.3163459002971649
0.17523809523809522,0.026768642447418736,0.10285714285714287,0.002305917484326376,-0.18439626693725586,0.0398537702858448,-0.07310523092746735
0.10610932475884242,0.025806451612903226,0.057877813504823156,0.009636702782457061,-0.21188116073608398,0.12487389892339706,-0.04758680984377861
0.13552361396303902,0.07835051546391752,0.11088295687885011,0.040192674888544146,-0.15734578669071198,0.10927394777536392,-0.02597859501838684
0.3925729442970822,0.208,0.2917771883289125,0.10932111321926531,0.19667667150497437,0.034990061074495316,0.11597415059804916
0.07455429497568881,0.006504065040650406,0.042139384116693684,0.0025048128696555897,-0.29841312766075134,0.1187417283654213,-0.0970192402601242
0.20063694267515925,0.06070287539936102,0.09872611464968155,0.015441916459873316,-0.07011977583169937,0.04458483308553696,-0.011786427348852158
0.08012326656394453,0.0340030911901082,0.07395993836671802,0.02301729469492098,-0.1112385019659996,0.07693681865930557,-0.017290810123085976
0.11822660098522167,0.016474464579901156,0.0722495894909688,0.009783812013286146,-0.1369309425354004,0.12191959470510483,-0.009256727993488312
0.22403258655804478,0.07770961145194274,0.14256619144602853,0.02090880105954105,0.005522022023797035,-0.14740189909934998,-0.07040354609489441
0.16096579476861167,0.07676767676767678,0.11670020120724348,0.039744742769814996,-0.11099759489297867,0.1011694148182869,-0.005555237643420696
0.16724738675958187,0.031468531468531465,0.10801393728222998,0.013310699737533894,-0.21102331578731537,-0.25332748889923096,-0.23026973009109497
0.1563517915309446,0.019607843137254905,0.09446254071661239,0.0023389417663175005,-0.16713473200798035,0.05255035310983658,-0.05803828313946724
0.010989010989010988,0.0,0.010989010989010988,0.0004347228273181727,-0.4283047914505005,-0.27359306812286377,-0.350053071975708
0.14652014652014653,0.029411764705882353,0.09157509157509157,0.0024367960009992772,-0.17457477748394012,0.01724264770746231,-0.07879997044801712
0.1518987341772152,0.025408348457350273,0.08318264014466546,0.004429821124394203,-0.1644006073474884,0.07697891443967819,-0.04498223960399628
0.1083743842364532,0.05271828665568369,0.08210180623973728,0.012792089231169994,-0.19131454825401306,0.22667931020259857,0.010483259335160255
0.096875,0.04075235109717868,0.08125,0.013766241404680543,-0.2944079637527466,0.08711276203393936,-0.1093650758266449
0.15028901734104047,0.023188405797101446,0.0838150289017341,0.002350030964325847,-0.133846253156662,0.039238642901182175,-0.04712805151939392
0.1027027027027027,0.043478260869565216,0.1027027027027027,0.0225593312456557,-0.08316037803888321,0.3899393677711487,0.14379625022411346
0.12609457092819615,0.03866432337434095,0.08056042031523643,0.01142650085441675,-0.18937988579273224,0.03400034084916115,-0.07849766314029694
0.1247216035634744,0.026845637583892617,0.0801781737193764,0.004346537643278455,-0.14136482775211334,0.18857328593730927,0.01971915178000927
0.11336032388663966,0.020325203252032523,0.0688259109311741,0.003939357880345959,-0.21351760625839233,-0.06224699690937996,-0.13722002506256104
0.15384615384615385,0.04291845493562232,0.11538461538461538,0.027874831180796006,-0.05529274046421051,0.12083294987678528,0.032787203788757324
0.14314115308151096,0.05988023952095808,0.1073558648111332,0.028879496049557994,-0.11745209991931915,-0.20563730597496033,-0.16006676852703094
0.27272727272727276,0.1065989847715736,0.18686868686868688,0.07149022225741855,0.025020314380526543,0.24371609091758728,0.13342459499835968
0.05326231691078563,0.00801068090787717,0.04260985352862849,0.002206131989266418,-0.22203411161899567,0.1322423368692398,-0.049595948308706284
0.08679245283018867,0.03787878787878787,0.06792452830188679,0.004628116179899201,-0.1649298220872879,0.29264676570892334,0.0549357570707798
0.145610278372591,0.008602150537634407,0.08993576017130621,0.0020292499501256525,-0.22919751703739166,-0.07277772575616837,-0.1503901332616806
0.24096385542168672,0.08467741935483872,0.14457831325301204,0.024103244434663478,0.019042663276195526,0.25665318965911865,0.13647590577602386
0.17636022514071295,0.03389830508474577,0.10131332082551596,0.011156130041725361,-0.17546552419662476,0.0522882416844368,-0.06251496821641922
0.1853832442067736,0.02146690518783542,0.10695187165775401,0.002457893816164684,-0.08683087676763535,0.07440945506095886,-0.005888622719794512
0.11158798283261803,0.021551724137931032,0.07725321888412018,0.0037956979160864864,-0.22174155712127686,-0.01554618589580059,-0.11902441084384918
0.18713450292397663,0.03522504892367905,0.12085769980506822,0.016530228971331915,-0.21838518977165222,-0.08088013529777527,-0.14874757826328278
0.15474452554744525,0.06149341142020497,0.0905109489051095,0.03664752932085046,-0.2135508507490158,0.0380246601998806,-0.08924861997365952
0.2924281984334204,0.047244094488188976,0.1514360313315927,0.008496403594810041,-0.012487339787185192,0.1339893788099289,0.06120862066745758
0.16720257234726688,0.05825242718446603,0.12861736334405147,0.007413235003748582,-0.0262761227786541,0.26596322655677795,0.11706330627202988
0.11650485436893204,0.05365853658536586,0.08737864077669903,0.01833371316781196,-0.06403175741434097,0.36928611993789673,0.1448020488023758
0.13994910941475827,0.061224489795918366,0.089058524173028,0.020286865208698063,-0.0298447422683239,0.2222464382648468,0.0945223867893219
0.1982608695652174,0.03490401396160558,0.11130434782608695,0.005493654718014122,-0.17427127063274384,0.005781271029263735,-0.08414719253778458
0.10542635658914729,0.01866251944012442,0.06821705426356589,0.003626429764183499,-0.2917477786540985,0.09320460259914398,-0.10512465983629227
0.022471910112359546,0.00322061191626409,0.022471910112359546,0.0009390592479151781,-0.3525236248970032,-0.09600716084241867,-0.22575631737709045
0.2155309033280507,0.050874403815580276,0.12995245641838352,0.03288111893462751,-0.04303109273314476,0.09170233458280563,0.02501022443175316
0.0700218818380744,0.06153846153846154,0.0700218818380744,0.023369689198628894,-0.16496272385120392,0.2946152687072754,0.055812302976846695
0.06547619047619048,0.04790419161676646,0.06547619047619048,0.02222441755168562,-0.1154385656118393,0.27109575271606445,0.07189670950174332
0.25621414913957935,0.046065259117082535,0.11854684512428298,0.03441083480493549,-0.11064880341291428,0.048586517572402954,-0.030642451718449593
0.12478920741989881,0.0,0.08431703204047218,0.0019176209614416525,-0.23303180932998657,-0.05813176929950714,-0.14531025290489197
0.19948849104859337,0.03598971722365038,0.11764705882352941,0.025418937448080648,-0.09841615706682205,0.09147311747074127,-0.0036615831777453423
0.1739130434782609,0.07103825136612021,0.13043478260869565,0.022252266828629352,-0.034826237708330154,0.2665461599826813,0.11281511932611465
0.2136986301369863,0.04407713498622589,0.09863013698630137,0.00414064748661305,-0.10365588963031769,0.1810329407453537,0.03618956729769707
0.1752988047808765,0.044,0.10358565737051793,0.013051800081736951,-0.12451718002557755,0.10470488667488098,-0.010922946035861969
0.40997229916897504,0.14484679665738162,0.2382271468144044,0.06996445290943046,0.17389099299907684,0.2796785235404968,0.22750234603881836
0.15267175572519084,0.05626598465473146,0.10687022900763357,0.02457692078998709,-0.04171019420027733,0.34193649888038635,0.14427831768989563
0.11688311688311688,0.008695652173913044,0.07359307359307359,0.0022877339119613035,-0.25603681802749634,0.013979540206491947,-0.12298088520765305
0.18795180722891566,0.06779661016949153,0.12530120481927712,0.030664391340430582,-0.02472493425011635,0.12743839621543884,0.05174246430397034
0.15280898876404495,0.04063205417607224,0.0943820224719101,0.006997788993913867,-0.11723808199167252,0.12218806892633438,0.0012035759864374995
0.04148148148148149,0.026745913818722142,0.03851851851851852,0.013753807876697183,-0.269427627325058,0.1811443716287613,-0.05279524251818657
0.12111292962356791,0.036124794745484405,0.08183306055646482,0.004213894954642748,-0.12581613659858704,0.039668064564466476,-0.042772505432367325
0.2975609756097561,0.14705882352941174,0.20487804878048782,0.07477884965338953,0.0895533338189125,0.27518340945243835,0.1820203810930252
0.15712383488681758,0.06408544726301735,0.10918774966711052,0.021837596626595648,-0.08567836135625839,0.12557214498519897,0.019296063110232353
0.05955334987593053,0.05486284289276808,0.05955334987593053,0.02945839508337322,-0.22041994333267212,-0.5769838690757751,-0.4034349322319031
0.13622291021671828,0.018633540372670808,0.07430340557275542,0.002172216690007279,-0.27844786643981934,0.012496020644903183,-0.13552767038345337
0.1731123388581952,0.033271719038817,0.12154696132596685,0.0028272348204728096,-0.1290847808122635,0.007872135378420353,-0.05984047055244446
0.08695652173913045,0.015180265654648957,0.05671077504725898,0.0015761739931738124,-0.2856374680995941,-0.0768812820315361,-0.18162307143211365
0.07439824945295405,0.004395604395604396,0.05251641137855579,0.0017533907408204474,-0.23220333456993103,0.03803456574678421,-0.09906299412250519
0.17520661157024794,0.026533996683250412,0.1090909090909091,0.004403407037014181,-0.1764991730451584,-0.021437112241983414,-0.09841988235712051
0.34172661870503596,0.09025270758122744,0.16906474820143885,0.03324283954736385,0.04062595218420029,0.13708870112895966,0.08987759798765182
0.11460258780036968,0.03339517625231911,0.08502772643253236,0.023025723826042677,-0.2126229703426361,-0.3286566138267517,-0.2692987024784088
0.22972972972972971,0.06802721088435375,0.1554054054054054,0.012487239663095501,0.057085540145635605,0.20015422999858856,0.12902984023094177
0.260575296108291,0.05772495755517827,0.15228426395939085,0.041111388034490916,-0.1187744140625,-0.170754075050354,-0.14304648339748383
0.18050541516245486,0.07608695652173914,0.11913357400722022,0.02801242979361757,-0.06553660333156586,0.08616194874048233,0.010762964375317097
0.20790629575402636,0.11160058737151249,0.14641288433382138,0.05531920739838691,-0.15464173257350922,0.3440135717391968,0.0838286429643631
0.10283687943262412,0.03202846975088968,0.0851063829787234,0.011656114979734991,-0.2035072147846222,0.02244805544614792,-0.09138277918100357
0.2238010657193606,0.0606060606060606,0.12788632326820604,0.015951767431557736,-0.1389993131160736,0.11201247572898865,-0.015036223456263542
0.23645320197044337,0.1416803953871499,0.16420361247947457,0.0767531778112948,0.04395119100809097,0.20949290692806244,0.12679362297058105
0.28498727735368956,0.09207161125319692,0.17302798982188297,0.05357159428933672,0.04590105637907982,0.1397586166858673,0.09386833012104034
0.13690476190476192,0.05988023952095809,0.11904761904761904,0.007374171897765769,-0.0759778618812561,-0.28877314925193787,-0.1828383058309555
0.2544169611307421,0.07446808510638298,0.1413427561837456,0.016550955040049397,-0.08341790735721588,0.09693992882966995,0.0067362114787101746
0.25629290617848977,0.09655172413793105,0.14645308924485126,0.04086532609899408,0.047483377158641815,-0.10482975095510483,-0.028185855597257614
0.10684474123539232,0.043551088777219436,0.07011686143572621,0.010110305492285995,-0.29998093843460083,-0.2437082976102829,-0.2699463963508606
0.1108433734939759,0.08232445520581112,0.10602409638554215,0.036005680963991246,-0.06654195487499237,0.20686084032058716,0.06794871389865875
0.27627627627627627,0.1691842900302115,0.21621621621621623,0.08275821768843683,0.11870366334915161,0.40859973430633545,0.26081928610801697
0.06093189964157707,0.003597122302158273,0.05734767025089606,0.0013409722526514897,-0.3069908320903778,-0.026989169418811798,-0.16919106245040894
0.2440944881889764,0.07905138339920947,0.1496062992125984,0.03684723987539011,-0.11077331751585007,0.05182769522070885,-0.029141513630747795
0.2608695652173913,0.11650485436893206,0.19806763285024154,0.05003056995433834,-0.02341252565383911,0.1893012523651123,0.08218856155872345
0.16383307573415767,0.062015503875968984,0.1143740340030912,0.029318650485547826,-0.15355785191059113,0.08833558857440948,-0.0339067280292511
0.3503937007874016,0.11857707509881422,0.17716535433070865,0.06622882414141643,0.07446274906396866,0.277476966381073,0.17530077695846558
0.3181818181818182,0.08675799086757992,0.18636363636363637,0.043339160402117674,0.06377776712179184,-0.08286064118146896,-0.008994328789412975
0.06896551724137932,0.003642987249544627,0.03992740471869329,0.0016348200090479826,-0.37162572145462036,0.016923941671848297,-0.1833486258983612
0.14035087719298248,0.028800000000000003,0.08931419457735247,0.00390832786148188,-0.12216474860906601,0.06301634758710861,-0.029641589149832726
0.1955193482688391,0.09815950920245398,0.15885947046843177,0.051445094106747725,-0.10769534856081009,0.39380592107772827,0.13209670782089233
0.4368421052631579,0.164021164021164,0.24736842105263154,0.09078775125967045,0.20160545408725739,0.22167198359966278,0.21290051937103271
0.027072758037225045,0.0,0.027072758037225045,0.0009281263238103953,-0.3077407777309418,0.040653541684150696,-0.13800297677516937
0.03559870550161812,0.0,0.02588996763754045,0.0005174947635616658,-0.31547796726226807,0.0363614484667778,-0.144141286611557
0.20975609756097557,0.029411764705882356,0.12682926829268293,0.007991776933681211,0.003652104875072837,0.2188177853822708,0.1103941947221756
0.16998191681735986,0.09437386569872959,0.12658227848101267,0.05257178661110621,-0.05641518533229828,-0.09158206731081009,-0.07231803238391876
0.24535315985130113,0.04477611940298507,0.1412639405204461,0.026578948212141122,-0.1382051408290863,0.058619555085897446,-0.04007399454712868
0.1094890510948905,0.007326007326007326,0.072992700729927,0.0017117597270694253,-0.22014084458351135,-0.07022808492183685,-0.14449092745780945
0.17527010804321727,0.036101083032490974,0.09603841536614645,0.005952445259464636,-0.2182118445634842,0.1321287900209427,-0.04760093614459038
0.2006688963210702,0.0738255033557047,0.13712374581939799,0.028288268436262382,-0.09101219475269318,0.08580150455236435,-0.002554420381784439
0.3522727272727273,0.1657142857142857,0.26704545454545453,0.09581925344379687,0.1554889678955078,0.3358895778656006,0.2453504502773285
0.3080082135523614,0.0907216494845361,0.15605749486652978,0.035903375159418,0.04681054502725601,0.1984991431236267,0.12294874340295792
0.12237093690248568,0.026871401151631478,0.09560229445506692,0.0024438271681466194,-0.18695104122161865,0.10036610811948776,-0.045802634209394455
0.17922606924643583,0.016359918200408996,0.109979633401222,0.0028653890351508617,-0.12804830074310303,0.12448868900537491,-0.0033726966939866543
0.24369747899159663,0.07172995780590717,0.14705882352941177,0.026853501856521158,-0.12710237503051758,-0.001301351934671402,-0.0632806196808815
0.07830342577487764,0.0032733224222585926,0.05546492659053834,0.0016833798738790863,-0.342293918132782,-0.14956986904144287,-0.24587982892990112
0.20964360587002098,0.11368421052631579,0.1719077568134172,0.04863455375149824,-0.06291815638542175,0.1558997631072998,0.04564618319272995
0.1895734597156398,0.06190476190476191,0.13270142180094788,0.03515150275684114,-0.03029860369861126,0.05341237783432007,0.012810950167477131
0.14829659318637275,0.03219315895372234,0.08817635270541081,0.002282721000909406,-0.1625625342130661,-0.0792197585105896,-0.11942807585000992
0.13988657844990546,0.034155597722960146,0.07939508506616257,0.005837485501278928,-0.16327887773513794,0.08212913572788239,-0.04194963723421097
0.06230529595015576,0.031249999999999997,0.04361370716510903,0.009650008589280681,-0.33930084109306335,0.1640007644891739,-0.09891395270824432
0.16591928251121077,0.018018018018018018,0.11210762331838563,0.0027225107227937056,-0.11140228807926178,0.10473035275936127,-0.004064540844410658
0.08208955223880597,0.027431421446384042,0.05721393034825871,0.007685074517993427,-0.21521948277950287,0.20021258294582367,-0.014598656445741653
0.17297297297297295,0.039783001808318265,0.11171171171171171,0.017534432533074136,-0.064155213534832,0.04526398330926895,-0.008409492671489716
0.10395010395010397,0.025052192066805846,0.08316008316008318,0.00403261503727265,-0.1961640864610672,0.14531457424163818,-0.02967831864953041
0.22530329289428075,0.10782608695652175,0.1490467937608319,0.031171764510532846,-0.033733151853084564,0.16837774217128754,0.06680446863174438
0.2205029013539652,0.04660194174757282,0.13926499032882012,0.02288434706761353,-0.07445461302995682,0.1270093321800232,0.025822144001722336
0.2669902912621359,0.02926829268292683,0.1262135922330097,0.006747127282182074,-0.07537294924259186,0.07671043276786804,0.0011265866924077272
0.11045364891518737,0.03564356435643565,0.07495069033530573,0.009950114176873139,-0.1657147854566574,-0.35857322812080383,-0.2620853781700134
0.15566037735849056,0.04265402843601896,0.11792452830188681,0.01156764101181193,-0.0774657279253006,0.21734027564525604,0.06712090224027634
0.1162227602905569,0.024330900243309,0.07263922518159806,0.002240233193760518,-0.2742612659931183,0.010239966213703156,-0.13437071442604065
0.19937694704049844,0.05642633228840126,0.1059190031152648,0.043079919580311966,-0.07003629207611084,0.08978408575057983,0.010196845047175884
0.07633587786259541,0.02756508422664625,0.05801526717557252,0.012601320909079904,-0.23166704177856445,0.22255098819732666,-0.013359763659536839
0.24401913875598083,0.09134615384615385,0.18181818181818182,0.043692897872834514,0.040984299033880234,0.18585915863513947,0.11382798850536346
0.22727272727272727,0.1319796954314721,0.15656565656565657,0.05088690494743235,0.024251971393823624,0.3748997151851654,0.1949072629213333
0.1635036496350365,0.02635431918008785,0.09051094890510948,0.002416600938626252,-0.15159595012664795,-0.04731876775622368,-0.09822988510131836
0.0700218818380744,0.02197802197802198,0.061269146608315096,0.0037426382991110362,-0.23726724088191986,0.16256499290466309,-0.0438033863902092
0.06413301662707839,0.014285714285714284,0.035629453681710214,0.00579542051687429,-0.2506057024002075,0.047107595950365067,-0.1045285239815712
0.17170111287758347,0.11802232854864433,0.14308426073131955,0.04520729864223198,-0.052752114832401276,0.1989363580942154,0.07144643366336823
0.2947368421052632,0.10052910052910052,0.18947368421052632,0.05414918466011742,0.12264761328697205,0.09447836130857468,0.10997145622968674
0.08641975308641975,0.012396694214876032,0.0617283950617284,0.0019924049184679173,-0.27587682008743286,0.12411374598741531,-0.08234218508005142
0.20137299771167047,0.07356321839080461,0.12356979405034325,0.044796637619164956,-0.03704778105020523,0.21401526033878326,0.08683864027261734
0.21220159151193635,0.026666666666666672,0.10079575596816977,0.00784549222442915,-0.11792188137769699,0.04676094651222229,-0.03527522832155228
0.14646464646464646,0.01015228426395939,0.09595959595959595,0.002935341446761209,-0.07746006548404694,0.0939612165093422,0.008382298983633518
0.10566037735849056,0.03409090909090909,0.06792452830188679,0.0047786867188014375,-0.2088824212551117,0.04950902983546257,-0.08135862648487091
0.08278145695364239,0.009966777408637873,0.059602649006622516,0.002537864888802637,-0.2637690603733063,0.05615409463644028,-0.10729378461837769
0.060000000000000005,0.010033444816053512,0.043333333333333335,0.0013523272929360482,-0.28298434615135193,0.005337700713425875,-0.14129163324832916
0.12461059190031154,0.03134796238244514,0.1059190031152648,0.0034274820335100046,-0.00752424169331789,0.18482345342636108,0.08829649537801743
0.11128284389489952,0.012403100775193798,0.07727975270479134,0.0029183673788894227,-0.1522047519683838,0.055741652846336365,-0.04873211309313774
0.29333333333333333,0.07589285714285714,0.15555555555555556,0.0242513180997945,-0.03779206797480583,0.084384486079216,0.024134734645485878
0.07773851590106007,0.024822695035460994,0.06007067137809187,0.009663458439883149,-0.2843526601791382,0.24330152571201324,-0.03299592062830925
0.23498694516971283,0.10498687664041995,0.1618798955613577,0.03315042795403445,-0.016746124252676964,0.1373571902513504,0.06064920872449875
0.3790523690773067,0.13533834586466167,0.22942643391521197,0.06062891291653206,0.1395900696516037,0.097758449614048,0.12001891434192657
0.2815533980582524,0.13170731707317074,0.18932038834951456,0.06175918650644201,0.031522929668426514,0.2618876099586487,0.14549002051353455
0.09829867674858221,0.018975332068311195,0.06049149338374291,0.0020015513950445477,-0.22186537086963654,-0.004295628517866135,-0.11371709406375885
0.16666666666666666,0.048648648648648644,0.12365591397849464,0.02963202283699621,-0.039209894835948944,0.04337863251566887,0.003362808143720031
0.16955684007707128,0.06576402321083172,0.1001926782273603,0.023250366098028902,-0.0838494822382927,0.24128423631191254,0.07495898008346558
0.10174880763116058,0.019138755980861243,0.06677265500794913,0.0034049341902995097,-0.2536497116088867,0.054165810346603394,-0.10283864289522171
0.14970059880239522,0.01801801801801802,0.09880239520958084,0.009063503097664636,-0.14309926331043243,0.05415095388889313,-0.04475833475589752
0.22377622377622378,0.03747072599531616,0.12587412587412586,0.019399960697966206,-0.039969392120838165,0.04573054611682892,0.004131288733333349
0.352,0.14516129032258066,0.176,0.1113070932435312,0.2307197004556656,0.18715061247348785,0.21012748777866364
0.17100371747211895,0.05597014925373134,0.10780669144981413,0.01845198679262768,-0.1369486302137375,0.04624592512845993,-0.045361533761024475
0.27380952380952384,0.07569721115537847,0.14682539682539683,0.009820780952600283,-0.07627005875110626,0.17014990746974945,0.04545159265398979
0.31876606683804626,0.07751937984496125,0.18508997429305912,0.039042169608645,0.017942149192094803,0.13196606934070587,0.07581222057342529
0.18478260869565216,0.04087193460490463,0.10597826086956523,0.025141237831142922,-0.25387895107269287,-0.12296838313341141,-0.18739020824432373
0.14074074074074075,0.029739776951672868,0.08888888888888889,0.009260755329361405,-0.15712222456932068,-0.0357307605445385,-0.09540176391601562
0.10837438423645321,0.009884678747940693,0.06568144499178982,0.0018024178501588211,-0.1920400857925415,0.05002405494451523,-0.07226929813623428
0.16494845360824742,0.06459948320413438,0.09793814432989692,0.01468971847473861,-0.05919140577316284,0.1362846940755844,0.03819587826728821
