rouge1_f,rouge2_f,rougeL_f,bleu,bert_p,bert_r,bert_f1
0.3027295285359802,0.12468827930174564,0.1687344913151365,0.04646190506779807,0.05430365726351738,0.19909092783927917,0.12708568572998047
0.12264150943396226,0.0805687203791469,0.10849056603773585,0.03079331095722293,-0.20363597571849823,0.1320856362581253,-0.03982642665505409
0.18290258449304175,0.043912175648702596,0.09145129224652088,0.01750618803238242,-0.41392526030540466,0.09460818022489548,-0.17127861082553864
0.18274111675126906,0.04591836734693878,0.10152284263959392,0.02157210109574716,-0.05861762538552284,0.1725562959909439,0.05583490803837776
0.07328605200945626,0.026066350710900476,0.056737588652482275,0.009372514163187944,-0.3881825804710388,0.16862677037715912,-0.12399869412183762
0.08433734939759037,0.0,0.05421686746987951,0.0011518009886932682,-0.20855873823165894,-0.21147871017456055,-0.2080533653497696
0.24311926605504586,0.05990783410138249,0.1651376146788991,0.008174593693677646,-0.154810830950737,0.09094323962926865,-0.033325422555208206
0.05138339920948617,0.03968253968253968,0.05138339920948617,0.01711350733826665,-0.6036132574081421,0.079755999147892,-0.28480392694473267
0.24242424242424246,0.12608695652173912,0.18181818181818182,0.028798740596079616,0.008979211561381817,0.2611430287361145,0.13334159553050995
0.3043478260869565,0.15873015873015875,0.20948616600790515,0.06593571643918102,-0.2956467866897583,0.420714795589447,0.03844344615936279
0.022058823529411766,0.0,0.01715686274509804,0.0003821902749353701,-0.789584755897522,-0.103431835770607,-0.470319926738739
0.03448275862068966,0.005763688760806917,0.028735632183908042,0.000878861375782219,-0.8768691420555115,-0.0046408637426793575,-0.48064282536506653
0.1287878787878788,0.06870229007633587,0.09848484848484848,0.030131779099984907,-0.015762701630592346,-0.31178292632102966,-0.16647383570671082
0.37198067632850235,0.12135922330097089,0.2270531400966184,0.07500879362074629,0.13991445302963257,0.18011997640132904,0.1613035500049591
0.17543859649122806,0.010075566750629723,0.11027568922305764,0.003716435437110666,-0.16199971735477448,-0.07391742616891861,-0.11654168367385864
0.1256544502617801,0.042105263157894736,0.1099476439790576,0.012702296870122757,-0.05197669565677643,0.16272594034671783,0.05460908263921738
0.08362369337979095,0.014035087719298246,0.06968641114982578,0.002269677312297436,-0.24073611199855804,0.0327393114566803,-0.10606160014867783
0.18819776714513559,0.1024,0.15311004784688995,0.05251122824258554,-0.1488172560930252,0.15008701384067535,-0.0022524669766426086
0.30303030303030304,0.07025761124121781,0.13053613053613056,0.009854235427279303,0.01703902892768383,0.07800506800413132,0.048885032534599304
0.19811320754716982,0.05687203791469195,0.1320754716981132,0.026040947678016273,-0.0876423791050911,0.09154457598924637,0.001953691942617297
0.18563922942206657,0.08084358523725835,0.12959719789842383,0.044842644089053856,-0.16118255257606506,0.04718541353940964,-0.05749759450554848
0.24637681159420288,0.12621359223300968,0.20772946859903382,0.048189148415652625,0.027715882286429405,0.20971043407917023,0.11851303279399872
0.21844660194174756,0.10243902439024388,0.17961165048543687,0.056722493467868174,-0.23123441636562347,-0.14207586646080017,-0.18514268100261688
0.26280623608017817,0.08501118568232661,0.1514476614699332,0.0402487674904125,-0.008764839731156826,0.19915954768657684,0.0945269763469696
0.25656877897990726,0.08062015503875969,0.13601236476043277,0.04722014075412161,-0.25753387808799744,0.08100005239248276,-0.0923924669623375
0.16025641025641024,0.03870967741935484,0.09615384615384615,0.013982274909190899,-0.016462417319417,0.19356787204742432,0.08784656971693039
0.3130434782608696,0.07860262008733625,0.18695652173913044,0.06630307547980223,0.1084849163889885,-0.034145012497901917,0.03770922124385834
0.30952380952380953,0.10526315789473685,0.17619047619047618,0.07121215356526439,0.007140777539461851,0.12127439677715302,0.0650806874036789
0.1366120218579235,0.027472527472527472,0.0819672131147541,0.006962857848332917,-0.050411004573106766,-0.30237314105033875,-0.17781740427017212
0.1393841166936791,0.04227642276422764,0.10372771474878445,0.013336301799623782,-0.1793787032365799,0.08069584518671036,-0.05108558386564255
0.0782122905027933,0.02247191011235955,0.05027932960893855,0.008909194907875043,-0.22673861682415009,0.04513522982597351,-0.0928310975432396
0.3358395989974937,0.15113350125944583,0.2305764411027569,0.043418107374819985,0.10792209953069687,0.14248017966747284,0.12656407058238983
0.09880749574105623,0.0034188034188034192,0.06132879045996593,0.0012837540264517215,-0.46339988708496094,-0.0027724916581064463,-0.24233444035053253
0.24068767908309457,0.06916426512968299,0.14899713467048709,0.04434072570618475,0.05798158422112465,-0.14252686500549316,-0.042635478079319
0.2608695652173913,0.0819672131147541,0.14130434782608697,0.04298009022633467,-0.05405355617403984,0.03317439183592796,-0.009181151166558266
0.24019607843137256,0.06403940886699508,0.1372549019607843,0.01177930676061424,0.06010797247290611,0.2381371408700943,0.14895276725292206
0.4072164948453608,0.16580310880829013,0.21649484536082475,0.1014848401982351,0.07773174345493317,0.19127361476421356,0.1352769285440445
0.3300970873786408,0.12682926829268293,0.18932038834951456,0.04689405096185156,0.10320097208023071,0.11202273517847061,0.10905817896127701
0.26478873239436623,0.13031161473087818,0.19154929577464788,0.08073872294952779,0.06344736367464066,0.1822844296693802,0.12359680235385895
0.2936288088642659,0.050139275766016705,0.13850415512465372,0.009228898697909127,0.02920551784336567,0.03769392892718315,0.03501636162400246
0.3712121212121212,0.2442748091603054,0.30303030303030304,0.1666868539284514,-0.0036124850157648325,0.2377561777830124,0.11563370376825333
0.10666666666666666,0.042895442359249324,0.06933333333333334,0.002567653364396287,-0.15114103257656097,-0.455758273601532,-0.3063408136367798
0.18223234624145782,0.04576659038901602,0.11845102505694761,0.008771070769885736,-0.13596874475479126,0.09397607296705246,-0.022017883136868477
0.24929178470254953,0.09116809116809116,0.17563739376770537,0.04841164215135071,0.09067118167877197,0.2643481194972992,0.17737701535224915
0.20097244732576985,0.07154471544715447,0.11021069692058345,0.02326195323589643,-0.1451089084148407,0.22481906414031982,0.03455760329961777
0.21212121212121213,0.05583756345177665,0.11616161616161616,0.021135202367985932,-0.07300353795289993,0.06602335721254349,-0.0028348311316221952
0.3224115334207078,0.16294349540078842,0.21756225425950196,0.08827450896192468,0.008767669089138508,0.16246135532855988,0.08592960238456726
0.09722222222222222,0.006993006993006993,0.04861111111111111,0.005155705209384998,-0.14245650172233582,0.1035078838467598,-0.020884232595562935
0.25334957369062117,0.10256410256410256,0.16321559074299632,0.04933969257387282,-0.7018719911575317,-0.33498334884643555,-0.5235573053359985
0.33423180592991913,0.10298102981029811,0.1940700808625337,0.07202996496671897,0.05742301791906357,0.20935176312923431,0.13366226851940155
0.3518518518518519,0.06976744186046512,0.18518518518518517,0.011716330373163985,0.18616926670074463,-0.026713263243436813,0.07896207273006439
0.27837259100642403,0.09462365591397849,0.15845824411134904,0.026038601266957607,-0.870313823223114,0.0740235447883606,-0.4449102580547333
0.20147420147420145,0.04444444444444444,0.12285012285012287,0.0168463987758336,0.02210789918899536,0.10836487263441086,0.06638526916503906
0.2153846153846154,0.09271523178807946,0.14505494505494507,0.04988937741338373,-0.08217412978410721,0.11225301027297974,0.014738155528903008
0.1729106628242075,0.02318840579710145,0.08645533141210375,0.0034759968306462058,0.006943031679838896,0.1477075070142746,0.0778411328792572
0.13529411764705881,0.00591715976331361,0.09411764705882353,0.0021770803565057265,-0.23170949518680573,0.04899931326508522,-0.09363524615764618
0.12312312312312312,0.012048192771084336,0.06006006006006006,0.0018796773510868297,-0.4892508089542389,0.0975748673081398,-0.2120172530412674
0.023372287145242074,0.0,0.02003338898163606,0.0004706061669168737,-0.6757437586784363,0.05723048001527786,-0.3361000120639801
0.0781954887218045,0.03619909502262443,0.05112781954887218,0.0037319272185729565,-0.6760621070861816,-0.1992097795009613,-0.44790685176849365
0.28992628992628994,0.06419753086419754,0.15724815724815724,0.03647720834321412,0.13054823875427246,0.1829603910446167,0.15799088776111603
0.24444444444444444,0.07142857142857142,0.13333333333333336,0.040714153896991206,-0.5428076982498169,0.14585541188716888,-0.22150354087352753
0.17182130584192443,0.07612456747404843,0.1374570446735395,0.038484039234470586,-0.050072818994522095,0.19782812893390656,0.07232580333948135
0.31364562118126277,0.0736196319018405,0.16700610997963342,0.05537486356662423,0.1069033071398735,0.02157612517476082,0.06539464741945267
0.32104121475054226,0.05664488017429194,0.15184381778741865,0.0050793251514613,0.02833140455186367,0.12112017720937729,0.07580197602510452
0.21081081081081082,0.043478260869565216,0.12972972972972974,0.02600567639163134,-0.07724321633577347,0.04418158903717995,-0.015624238178133965
0.23293172690763053,0.08064516129032258,0.14859437751004015,0.03738662374931093,-0.8335405588150024,-0.15104243159294128,-0.5160176753997803
0.09156626506024096,0.029055690072639223,0.07710843373493975,0.004511472247271181,-0.1918773502111435,0.20861954987049103,0.00189294817391783
0.07088607594936709,0.0050890585241730275,0.05569620253164557,0.0015538961354077331,-0.2158905416727066,0.04256966710090637,-0.0883275717496872
0.28504672897196265,0.06103286384976525,0.16822429906542058,0.009928420194746202,-0.05712657421827316,0.007132851984351873,-0.023539656773209572
0.19597989949748745,0.08080808080808081,0.1206030150753769,0.04046639764905432,-0.0462353490293026,0.13270853459835052,0.04318958893418312
0.31702544031311153,0.12966601178781925,0.1761252446183953,0.06045253287684311,0.04343436658382416,0.19888930022716522,0.12140048295259476
0.26932668329177056,0.03508771929824561,0.16957605985037408,0.010133282030832837,-0.036734357476234436,0.05787425860762596,0.011728155426681042
0.311614730878187,0.11965811965811965,0.17563739376770537,0.06480116157345113,0.09385067224502563,0.22572354972362518,0.1603030413389206
0.20869565217391303,0.11661807580174928,0.16811594202898553,0.03862056602345919,0.05653935298323631,0.16060607135295868,0.1094876229763031
0.06060606060606061,0.0,0.048484848484848485,0.001056777548330086,-0.39442697167396545,-0.2161821871995926,-0.3048921525478363
0.2175226586102719,0.09118541033434649,0.14501510574018128,0.03052681681149038,0.059341397136449814,-0.18987040221691132,-0.06672324240207672
0.07246376811594203,0.0,0.05434782608695652,0.0011080506129501734,-0.4553864002227783,0.006567246746271849,-0.2337162345647812
0.34579439252336447,0.16901408450704228,0.21495327102803738,0.08338451239985806,0.044782854616642,0.1510785073041916,0.09883873164653778
0.19425444596443228,0.0850480109739369,0.12859097127222982,0.030442873064442134,-0.12836702167987823,-0.11722531169652939,-0.12097810208797455
0.14634146341463414,0.02941176470588235,0.10243902439024392,0.005360509240421367,-0.14100754261016846,0.08461334556341171,-0.029110433533787727
0.26168224299065423,0.05015673981191223,0.1557632398753894,0.024005475415193354,-0.02275419794023037,0.04183179885149002,0.010938839055597782
0.09870129870129869,0.010443864229765013,0.07272727272727274,0.0028159146482185683,-0.14903976023197174,0.044722434133291245,-0.05236367881298065
0.14516129032258066,0.010810810810810811,0.0913978494623656,0.0028436752158782883,-0.05297143757343292,-0.03740493580698967,-0.04350213706493378
0.23560209424083767,0.0894736842105263,0.16230366492146595,0.06401170356560826,-0.027333833277225494,-0.21415287256240845,-0.12073653936386108
0.4855769230769231,0.25603864734299514,0.27403846153846156,0.15713830986745136,0.17533251643180847,0.25328999757766724,0.2152949571609497
0.16642335766423358,0.09077598828696924,0.11094890510948907,0.030299577755403186,-0.652073323726654,-0.23371487855911255,-0.45026278495788574
0.022018348623853212,0.0,0.014678899082568806,0.00048276068327981033,-0.41892656683921814,0.02656823769211769,-0.20467783510684967
0.17110799438990182,0.07032348804500703,0.1402524544179523,0.0376508667665725,-0.34839892387390137,0.07649324834346771,-0.1434861719608307
0.1288981288981289,0.016701461377870565,0.09563409563409563,0.004065161704548802,-0.2235739827156067,0.1104702427983284,-0.06053655222058296
0.034267912772585674,0.0,0.024922118380062305,0.0010326466017582104,-0.8273797035217285,0.06022051349282265,-0.42451339960098267
0.09944751381215469,0.07222222222222223,0.09392265193370165,0.022601975746579708,-0.051112134009599686,0.2945193946361542,0.1172420009970665
0.2095808383233533,0.030120481927710843,0.1377245508982036,0.007524469852738198,0.03653130680322647,0.028561826795339584,0.034114740788936615
0.18823529411764706,0.041420118343195256,0.12352941176470587,0.014380099079522249,-0.164211705327034,0.017741752788424492,-0.07318645715713501
0.07272727272727271,0.012195121951219513,0.0606060606060606,0.002160599932394557,-0.20152196288108826,0.14230579137802124,-0.03394204378128052
0.1160409556313993,0.03767123287671233,0.08532423208191127,0.017102953180103755,-0.3900984823703766,0.07061470299959183,-0.1689406782388687
0.15882352941176472,0.07100591715976333,0.11176470588235293,0.03939926828300877,0.025761064141988754,0.2990354001522064,0.16010844707489014
0.05263157894736842,0.005291005291005292,0.03684210526315789,0.0007955446965507413,-0.2892474830150604,0.01769152469933033,-0.13882479071617126
0.21826280623608021,0.058165548098434015,0.1202672605790646,0.028379355127083592,-0.06277453154325485,0.19305603206157684,0.063398577272892
0.20384615384615384,0.05405405405405406,0.11538461538461538,0.01771840652286218,-0.8340556025505066,0.10728141665458679,-0.40952765941619873
0.18289085545722714,0.029673590504451036,0.10619469026548674,0.01992644090448956,-0.050750602036714554,0.07079757750034332,0.010889043100178242
0.23655913978494622,0.06486486486486488,0.13440860215053763,0.037128617626331004,0.0752873420715332,0.08540604263544083,0.08183610439300537
0.14606741573033707,0.062146892655367235,0.10674157303370786,0.02527542767634919,-0.09952197968959808,0.30518630146980286,0.09618401527404785
0.13986013986013987,0.04215456674473068,0.09324009324009323,0.012731248191625877,-0.08702968806028366,0.2187480926513672,0.06271768361330032
0.2765273311897106,0.16828478964401297,0.2057877813504823,0.067693285248975,0.2365671843290329,0.2957192361354828,0.267168790102005
0.22996515679442509,0.055944055944055944,0.11149825783972127,0.03550669267857316,-0.7839559316635132,-0.24157747626304626,-0.5268975496292114
0.10178117048346055,0.05115089514066496,0.08142493638676844,0.02235943021871882,-0.2378130853176117,0.06102841719985008,-0.0912160873413086
0.20707070707070704,0.08629441624365482,0.15151515151515152,0.027293657029094198,0.08321945369243622,0.18715591728687286,0.13606341183185577
0.08633093525179857,0.07710843373493975,0.08633093525179857,0.03865476056389602,-0.13669534027576447,0.3874081075191498,0.11324067413806915
0.07792207792207793,0.022801302931596094,0.0551948051948052,0.007225278000002814,-0.4002433121204376,-0.5078887343406677,-0.4523521065711975
0.12773109243697478,0.05733558178752107,0.08067226890756303,0.0170785906115666,-0.1660780906677246,0.26155370473861694,0.04013438522815704
0.2971887550200803,0.10080645161290323,0.21285140562248994,0.0700924972707133,0.00039655264117754996,0.11053851246833801,0.05639820173382759
0.023391812865497078,0.0058823529411764705,0.023391812865497078,0.0012303045691626137,-0.3867173492908478,0.023780182003974915,-0.18838682770729065
0.23353293413173654,0.10240963855421686,0.1676646706586826,0.039464254364427145,-0.011945042759180069,0.19688014686107635,0.091781847178936
0.24884792626728114,0.08333333333333334,0.16129032258064516,0.0308869083881743,-0.020333847030997276,0.10948052257299423,0.04528383910655975
0.17475728155339806,0.04390243902439024,0.11650485436893204,0.007576068012582014,-0.09542132169008255,0.04621515050530434,-0.023954622447490692
0.34220532319391633,0.10305343511450381,0.18250950570342206,0.07381768094970732,-0.008344585075974464,-0.06247338280081749,-0.0338774137198925
0.33918128654970764,0.09393346379647749,0.17543859649122806,0.010534052174242718,0.045042507350444794,0.11277687549591064,0.08017977327108383
0.2369477911646586,0.10483870967741936,0.15261044176706826,0.040258992176549865,-0.07041975855827332,0.16023430228233337,0.043798089027404785
0.15625,0.05031446540880503,0.08125,0.024418401296364294,-0.15843534469604492,0.2514021694660187,0.03962618485093117
0.2903752039151713,0.07855973813420622,0.12724306688417616,0.05754123207859088,-0.7448394298553467,-0.015247642062604427,-0.40695101022720337
0.20054200542005424,0.049046321525885554,0.11924119241192412,0.009961360025744517,-0.09876424819231033,-0.01532793790102005,-0.05568304657936096
0.22922636103151858,0.07492795389048992,0.12607449856733524,0.025329096885248682,0.00911894254386425,0.11409060657024384,0.06258171051740646
0.22349570200573068,0.023054755043227668,0.12607449856733524,0.009418770846673542,-0.046330153942108154,-0.03902605548501015,-0.04098691791296005
0.11382113821138211,0.05872756933115824,0.0910569105691057,0.02037263182034516,0.001072920742444694,0.17025354504585266,0.08572971075773239
0.14534883720930236,0.023391812865497075,0.0872093023255814,0.019972717297685103,-0.09388640522956848,-0.018637383356690407,-0.05483333766460419
0.26361031518624645,0.1729106628242075,0.22349570200573066,0.08771074085940066,0.08309387415647507,0.35074636340141296,0.21472777426242828
0.08043875685557587,0.011009174311926606,0.04753199268738574,0.0019249628961659174,-0.5853778719902039,-0.08972501754760742,-0.3487025797367096
0.18594104308390022,0.09111617312072892,0.15419501133786848,0.031557065551157,-0.06108785420656204,-0.18141037225723267,-0.1201813668012619
0.1837270341207349,0.047493403693931395,0.09973753280839895,0.017192807166839144,-0.07041586190462112,0.11640927195549011,0.022831568494439125
0.1958762886597938,0.07772020725388601,0.11340206185567009,0.01997349824040078,-0.09188595414161682,0.15788911283016205,0.03144412860274315
0.15151515151515152,0.07926829268292683,0.1272727272727273,0.021925923424050333,-0.017876707017421722,0.28681033849716187,0.1313091516494751
0.11224489795918366,0.015384615384615385,0.0663265306122449,0.0018238858496571707,-0.18434922397136688,0.059661272913217545,-0.06366203725337982
0.3640081799591002,0.0862422997946612,0.17177914110429449,0.04480258811748235,0.07384687662124634,0.07599909603595734,0.07642566412687302
0.10031347962382446,0.006309148264984227,0.07523510971786834,0.002950378113197549,-0.12434101104736328,0.07593400776386261,-0.02457336336374283
0.16442048517520216,0.07567567567567567,0.09973045822102426,0.02984661300299353,-0.749440610408783,-0.4540565013885498,-0.6041629910469055
0.24414715719063546,0.1308724832214765,0.16722408026755853,0.04593115344979763,-0.35038840770721436,0.15791741013526917,-0.10777019709348679
0.350109409190372,0.07912087912087912,0.15317286652078774,0.012873371890894875,0.0972866415977478,0.13994714617729187,0.11995993554592133
0.21782178217821785,0.054726368159203974,0.13366336633663367,0.031415179376736255,0.03871995210647583,-0.1635228842496872,-0.06277559697628021
0.24070021881838075,0.08351648351648351,0.16192560175054704,0.02157745833687457,-0.045313481241464615,0.17965200543403625,0.06616489589214325
0.33480176211453744,0.07522123893805309,0.1762114537444934,0.013467207618992989,0.11140865087509155,0.1565127670764923,0.1352691501379013
0.22535211267605632,0.0847457627118644,0.13521126760563382,0.029344717290537052,-0.1295039802789688,0.1039327085018158,-0.01389798242598772
0.24882629107981222,0.07547169811320754,0.1643192488262911,0.02474532629316411,0.06035347282886505,0.07693611085414886,0.07014432549476624
0.16755793226381463,0.04293381037567084,0.10695187165775402,0.0117034459323206,-0.17989765107631683,-0.0034962117206305265,-0.09152262657880783
0.22792022792022792,0.13180515759312322,0.17094017094017094,0.05959135003951938,0.04329392686486244,0.3065796196460724,0.17289750277996063
0.12213740458015268,0.015345268542199485,0.08651399491094149,0.002283572580711679,-0.11742202937602997,0.09994269907474518,-0.009489108808338642
0.16507936507936508,0.057324840764331204,0.12063492063492064,0.03149396228073049,-0.4567200541496277,0.23990683257579803,-0.13168491423130035
0.15561959654178675,0.04057971014492753,0.10951008645533139,0.008448641038646024,-0.1406307965517044,0.0589241124689579,-0.04118857532739639
0.14285714285714285,0.04972375690607735,0.1098901098901099,0.012582386956061321,-0.0398784801363945,0.2745406925678253,0.11388837546110153
0.22929936305732485,0.09615384615384615,0.1656050955414013,0.039395897249954515,-0.024505963549017906,0.2168811410665512,0.09477101266384125
0.3037383177570093,0.14553990610328638,0.2102803738317757,0.07284308847767412,-0.00829258468002081,0.3019079864025116,0.1434745192527771
0.2525879917184265,0.05821205821205821,0.14078674948240164,0.006586946314810508,-0.027229122817516327,0.1861799955368042,0.07870885729789734
0.22942643391521195,0.13032581453634087,0.16957605985037408,0.06807778391417242,-0.04705534130334854,0.2824588119983673,0.11377889662981033
0.15165876777251183,0.00956937799043062,0.07582938388625592,0.002049413023138613,-0.1579354852437973,0.03918876871466637,-0.05963669344782829
0.0946372239747634,0.03809523809523809,0.06940063091482651,0.0027394561562538674,-0.1461397260427475,0.2157081961631775,0.02978532761335373
0.2434782608695652,0.08720930232558141,0.15652173913043477,0.029415359727460642,-0.13506916165351868,0.13793835043907166,-0.0007049113046377897
0.1108179419525066,0.10079575596816975,0.1108179419525066,0.044708250730001134,-0.12017808854579926,0.4806622564792633,0.1639716923236847
0.11091854419410745,0.07304347826086957,0.09705372616984403,0.039387953907216985,-0.29732781648635864,0.15627966821193695,-0.07933112233877182
0.268733850129199,0.1090909090909091,0.17054263565891473,0.04632832958159846,0.02954370342195034,0.2607550024986267,0.14391668140888214
0.33404710920770875,0.05161290322580646,0.145610278372591,0.010489890607394359,0.018168196082115173,-0.0356370210647583,-0.007243352010846138
0.23950233281493002,0.093603744149766,0.17107309486780717,0.044595651863559384,-0.042312271893024445,0.05080684646964073,0.005429158918559551
0.09999999999999999,0.021164021164021163,0.06842105263157894,0.010753848163546352,-0.18301311135292053,0.05168762058019638,-0.06674937903881073
0.23782234957020057,0.09195402298850575,0.15759312320916904,0.0509816380241031,-0.17898602783679962,0.09743019193410873,-0.042976632714271545
0.16990291262135926,0.06341463414634146,0.1262135922330097,0.032392489918531546,-0.08872980624437332,0.053065020591020584,-0.01719580963253975
0.13333333333333333,0.03695150115473442,0.09655172413793103,0.012197140993940776,-0.22632189095020294,0.059503864496946335,-0.0858444944024086
0.2871287128712871,0.06965174129353234,0.15841584158415842,0.038551443204813844,-0.049084797501564026,0.08159112185239792,0.016993800178170204
0.27621483375959077,0.09254498714652956,0.1636828644501279,0.04102800511404592,0.0033800718374550343,-0.008806321769952774,-0.001091623678803444
0.15274463007159905,0.028776978417266185,0.11455847255369929,0.020971266009509677,-0.19638517498970032,0.09520349651575089,-0.053221508860588074
0.023980815347721823,0.0,0.019184652278177457,0.0010381388121975899,-0.3932029902935028,-0.025770941749215126,-0.2146437168121338
0.2018348623853211,0.027649769585253458,0.11926605504587157,0.006690514808809494,-0.14116814732551575,-0.02715400420129299,-0.08306581526994705
0.16033755274261605,0.03813559322033898,0.09282700421940929,0.011706322119866502,-0.1419389545917511,0.06799501925706863,-0.037527695298194885
0.22622107969151672,0.1498708010335917,0.1953727506426735,0.07154248632488051,0.08901775628328323,0.28977593779563904,0.18875554203987122
0.335632183908046,0.11547344110854503,0.20689655172413793,0.0907147897501353,0.1592181921005249,0.15212871134281158,0.15704265236854553
0.17582417582417584,0.027624309392265196,0.0989010989010989,0.0025937580451751113,-0.05431568622589111,-0.2487085461616516,-0.15161843597888947
0.10298102981029811,0.03814713896457766,0.08130081300813008,0.016110145749125088,-0.09222625941038132,0.12092350423336029,0.013663836754858494
0.02823529411764706,0.0047169811320754715,0.02823529411764706,0.0007538261817324454,-0.38725966215133667,0.11750369518995285,-0.1462697982788086
0.26464208242950105,0.056644880174291944,0.1301518438177874,0.02057681769706901,-0.04933065548539162,0.0743677169084549,0.013353760354220867
0.023054755043227664,0.005797101449275363,0.01729106628242075,0.0012763102767416959,-0.27658963203430176,0.13139021396636963,-0.07939116656780243
0.2869198312236287,0.0635593220338983,0.16033755274261602,0.012867824535777462,0.1350567787885666,0.05790998414158821,0.09765387326478958
0.2061281337047354,0.10644257703081234,0.13370473537604458,0.04541888444784042,-0.05217621102929115,0.2585417330265045,0.09986396133899689
0.14736842105263157,0.0582010582010582,0.10526315789473685,0.016468221956017024,-0.0898391604423523,0.14594879746437073,0.026843488216400146
0.13109243697478992,0.02023608768971332,0.08403361344537814,0.0034444064468836843,-0.4158528447151184,0.1726755052804947,-0.13771268725395203
0.22807017543859645,0.11453744493392069,0.15789473684210525,0.04384947993899404,-0.02912026457488537,0.2318231612443924,0.0994429960846901
0.3403141361256545,0.09473684210526316,0.16753926701570682,0.03474585188742763,0.057635266333818436,0.20700444281101227,0.1326342076063156
0.24641833810888253,0.069164265129683,0.12034383954154727,0.009221116929623569,-0.06111615523695946,0.19938452541828156,0.06726782023906708
0.22629969418960244,0.10461538461538461,0.1651376146788991,0.03950776834701652,0.005641942843794823,0.1968451291322708,0.10089625418186188
0.17467248908296942,0.02335766423357664,0.10480349344978165,0.015213779492165541,-0.1077006533741951,0.0753432884812355,-0.01622355356812477
0.16173570019723868,0.031683168316831684,0.09861932938856016,0.021601252120365247,-0.8346729278564453,0.12101051956415176,-0.4043962359428406
0.32558139534883723,0.08831168831168831,0.19121447028423774,0.05532016685361359,0.05032610520720482,0.1359836757183075,0.09426634758710861
0.05545927209705373,0.01391304347826087,0.045060658578856154,0.00299097576185935,-0.2544810175895691,0.09271115809679031,-0.08531828224658966
0.18250950570342203,0.0648854961832061,0.11787072243346007,0.02664537088894968,-0.08773577213287354,0.2549836337566376,0.0792788565158844
0.304635761589404,0.11973392461197341,0.18543046357615894,0.059130172261291844,-0.02402203343808651,0.20321322977542877,0.08851475268602371
0.3543307086614173,0.20948616600790515,0.24803149606299213,0.11757396332676819,0.04940741881728172,0.23264698684215546,0.14077600836753845
0.21925133689839574,0.10752688172043012,0.1871657754010695,0.05504677483883198,0.1470099538564682,0.28507140278816223,0.21639399230480194
0.20052770448548815,0.015915119363395226,0.1108179419525066,0.0038190546784513785,-0.07188356667757034,0.0722213163971901,0.0007465843809768558
0.23437499999999997,0.07329842931937172,0.14583333333333334,0.03430709661710888,0.039721060544252396,0.1751268059015274,0.1079697385430336
0.36414565826330536,0.25915492957746483,0.2857142857142857,0.12741934485864867,0.08310943841934204,-0.022075230255723,0.03153347969055176
0.18279569892473121,0.02702702702702703,0.10752688172043011,0.02076313076404954,-0.06407066434621811,-0.020971963182091713,-0.04092087596654892
0.2532981530343008,0.05305039787798408,0.1424802110817942,0.019525132347720187,0.03112177737057209,0.12117181718349457,0.07724570482969284
0.21568627450980393,0.1182266009852217,0.18627450980392157,0.04789342325951943,0.015093409456312656,0.35995909571647644,0.18305867910385132
0.14025974025974025,0.020887728459530026,0.09350649350649351,0.005760697301319944,-0.19066399335861206,-0.031152505427598953,-0.1104157343506813
0.16999999999999998,0.025125628140703515,0.09000000000000001,0.0026891507070679783,-0.16257844865322113,0.11647648364305496,-0.025339018553495407
0.1322314049586777,0.0110803324099723,0.08264462809917356,0.0023978638349724537,-0.13350558280944824,-0.007813417352735996,-0.0697275921702385
0.21959459459459457,0.12203389830508474,0.16216216216216217,0.06983619840793294,-0.18531106412410736,0.14526928961277008,-0.023905180394649506
0.19339622641509432,0.042654028436018954,0.1179245283018868,0.008721286137119515,-0.15989702939987183,-0.06014304608106613,-0.10872867703437805
0.2626262626262626,0.15736040609137056,0.1868686868686869,0.08480249012270767,0.007921854965388775,0.2969484329223633,0.14972054958343506
0.1366742596810934,0.03203661327231121,0.10022779043280182,0.007215135304220305,-0.1540304571390152,0.1138235479593277,-0.022083217278122902
0.1782178217821782,0.05980066445182725,0.11881188118811879,0.017966469229308814,-0.029959004372358322,0.1108812689781189,0.04102823883295059
0.1898454746136865,0.03547671840354767,0.11920529801324505,0.006530791722842099,-0.05987520515918732,0.07729902863502502,0.009375743567943573
0.2807017543859649,0.15967523680649529,0.19163292847503374,0.0726154447037325,0.01881980150938034,0.05402220040559769,0.0379253588616848
0.12355212355212354,0.034883720930232565,0.07722007722007722,0.019384997457583444,-0.1630740463733673,0.03583616763353348,-0.0639134868979454
0.4738955823293173,0.16129032258064516,0.23293172690763053,0.10088262684846469,0.09079357236623764,0.103888139128685,0.09879917651414871
0.1376146788990826,0.03987730061349694,0.09174311926605504,0.009877044684326262,-0.344740092754364,-0.07237129658460617,-0.2105025351047516
0.1370716510903427,0.028124999999999997,0.09657320872274144,0.009186678642056714,-0.3461833894252777,-0.10252559185028076,-0.22550486028194427
0.2480211081794195,0.11671087533156499,0.17941952506596306,0.06911078955546279,0.052777230739593506,0.17535461485385895,0.11476562917232513
0.11794871794871796,0.020618556701030927,0.08205128205128205,0.002562244914795328,-0.21555624902248383,-0.014639589935541153,-0.11537165939807892
0.40732265446224253,0.23908045977011494,0.27002288329519447,0.13659520069097006,0.2501971125602722,0.31042566895484924,0.28130868077278137
0.272108843537415,0.12300683371298404,0.19954648526077096,0.07779440086362592,-0.013557431288063526,-0.0075014326721429825,-0.008889086544513702
0.17445482866043613,0.05642633228840125,0.11838006230529595,0.0075267179180154645,-0.10208312422037125,0.229721337556839,0.05985071137547493
0.24096385542168672,0.09063444108761327,0.14457831325301204,0.04172482361140386,-0.12418748438358307,-0.06542591750621796,-0.09320438653230667
0.25728155339805825,0.15121951219512195,0.2038834951456311,0.08354247785206875,-0.020796550437808037,0.38243192434310913,0.17422468960285187
0.1649175412293853,0.11127819548872181,0.13493253373313344,0.054242196634279635,-0.6328191161155701,-0.05736949294805527,-0.3609011471271515
0.16879795396419436,0.02056555269922879,0.10741687979539644,0.0038230167264110193,-0.09609910100698471,-0.2978231906890869,-0.19716572761535645
0.23501199040767384,0.11566265060240966,0.1726618705035971,0.06510798579957752,0.025621334090828896,-0.04492971673607826,-0.008267874829471111
0.29598308668076106,0.19108280254777069,0.21564482029598306,0.09105444991664237,-0.008750335313379765,0.2788837254047394,0.13240571320056915
0.21123595505617979,0.11286681715575621,0.148314606741573,0.04070121341423354,-0.10600726306438446,0.26994261145591736,0.0764366090297699
0.4008264462809917,0.14107883817427383,0.2190082644628099,0.0811610050965237,0.1534474790096283,0.08476650714874268,0.12030356377363205
0.23684210526315785,0.13756613756613756,0.16842105263157894,0.062459283466135995,-0.09810061752796173,0.2503579556941986,0.07158981263637543
0.33755274261603374,0.05106382978723405,0.14345991561181434,0.01644752232181666,0.022397618740797043,0.11229333281517029,0.06845974177122116
0.10026385224274408,0.02652519893899204,0.05804749340369394,0.014209775595996487,-1.199230432510376,-0.06353738158941269,-0.7035067677497864
0.20512820512820515,0.03092783505154639,0.10256410256410257,0.0027562922155092025,-0.17644894123077393,-0.05728849023580551,-0.11578697711229324
0.1360824742268041,0.037267080745341616,0.10721649484536082,0.004478912010265427,-0.2086450606584549,0.11909227073192596,-0.04855341464281082
0.28184281842818426,0.09809264305177111,0.15718157181571815,0.03687064762678484,0.07883580029010773,0.168854221701622,0.12487100809812546
0.11458333333333333,0.03484320557491288,0.06944444444444445,0.008597759710431585,-0.43246984481811523,-0.08481921255588531,-0.26304173469543457
0.1883116883116883,0.0915032679738562,0.14935064935064934,0.05310128596219354,0.04441601783037186,0.3364088535308838,0.18758197128772736
0.24830699774266363,0.14965986394557823,0.18510158013544017,0.09354307104846747,0.007190656382590532,0.30156558752059937,0.15150859951972961
0.44387755102040816,0.27179487179487183,0.3163265306122449,0.1265948183599015,0.3022300601005554,0.1747334748506546,0.23893173038959503
0.3312368972746331,0.11368421052631579,0.18448637316561842,0.047602603694635884,-0.02966008521616459,-0.09158135950565338,-0.05909529700875282
0.2450765864332604,0.021978021978021973,0.11816192560175057,0.005346531461310438,-0.10315710306167603,0.10184679180383682,-0.0011498953681439161
0.170873786407767,0.023391812865497075,0.10097087378640776,0.009695461792114186,-0.292776495218277,-0.05813424661755562,-0.17642664909362793
0.10888252148997134,0.02881844380403458,0.08595988538681948,0.01874685095390241,-0.17482028901576996,0.26680368185043335,0.037779148668050766
0.14420062695924765,0.0440251572327044,0.0909090909090909,0.02447393029163287,-0.6957822442054749,-0.3896988332271576,-0.5455490350723267
0.16417910447761197,0.06586826347305388,0.13134328358208958,0.036730691044883926,-0.18093448877334595,0.22530190646648407,0.015472731553018093
0.36097560975609755,0.17647058823529413,0.23414634146341462,0.1382503087164692,0.1292206197977066,0.1657237559556961,0.1487927883863449
0.27213822894168466,0.047722342733188726,0.15118790496760257,0.009813974047199359,-0.12794536352157593,-0.0675896480679512,-0.09617023915052414
0.19999999999999996,0.025157232704402514,0.14375,0.00387730585426423,-0.0017188664060086012,0.21282145380973816,0.1047305315732956
0.24552429667519182,0.08740359897172237,0.15856777493606136,0.04756117601985851,-0.032330892980098724,0.21073482930660248,0.08775227516889572
0.25333333333333335,0.05803571428571429,0.1511111111111111,0.007695326827284378,-0.00925301294773817,0.15103358030319214,0.07112257927656174
0.24456521739130438,0.03825136612021858,0.13043478260869568,0.01884062844574642,-0.06469468027353287,0.05207141116261482,-0.005364530254155397
0.1348314606741573,0.09039548022598869,0.12359550561797752,0.039949231720678526,-0.044763755053281784,0.2272176742553711,0.08903636783361435
0.40099009900990096,0.11442786069651742,0.21782178217821782,0.08539204099511294,0.07756689935922623,0.0171612910926342,0.048727523535490036
0.42056074766355145,0.16431924882629106,0.21495327102803738,0.08340949504708206,0.18155920505523682,0.21683445572853088,0.20043812692165375
0.2611275964391691,0.10149253731343283,0.18397626112759644,0.06675377268309415,0.011360296048223972,0.12831845879554749,0.07067088782787323
0.1535181236673774,0.017130620985010704,0.0980810234541578,0.005490559892369319,-0.15149620175361633,0.03677884489297867,-0.05744991451501846
0.1292517006802721,0.020477815699658706,0.0748299319727891,0.0032829552346587128,-0.5008389353752136,0.16562648117542267,-0.1889476478099823
0.17557251908396948,0.03065134099616858,0.10687022900763357,0.005452513720036413,-0.7662100791931152,0.059784721583127975,-0.38815996050834656
0.16691505216095381,0.03886397608370702,0.08047690014903129,0.015069149136855215,-0.697884202003479,-0.3184516727924347,-0.5138245224952698
0.2752688172043011,0.09935205183585313,0.16344086021505377,0.045179603173893315,-0.038384951651096344,0.12411905080080032,0.04310200363397598
0.16551724137931031,0.0,0.10574712643678161,0.002178489425774294,-0.2069336175918579,-0.20786117017269135,-0.20543572306632996
0.2727272727272727,0.0964467005076142,0.17676767676767677,0.04214749250961157,0.01408770028501749,0.11874032020568848,0.06738647818565369
0.3465045592705167,0.055045871559633024,0.1641337386018237,0.0398009076836931,0.035017259418964386,0.007288490422070026,0.02270372398197651
0.15675675675675674,0.010869565217391304,0.09729729729729729,0.0035720069296723694,-0.12316090613603592,0.00761568546295166,-0.0569261759519577
0.21204819277108433,0.053268765133171914,0.13012048192771086,0.008191322100149214,-0.07203143835067749,0.12192100286483765,0.024640463292598724
0.4155251141552512,0.14678899082568805,0.20091324200913244,0.07596877524838401,0.011310417205095291,0.1700126677751541,0.09089188277721405
0.09253731343283582,0.035928143712574856,0.07761194029850746,0.014521575659016673,-0.2947949767112732,0.12810374796390533,-0.09077569097280502
0.25329815303430075,0.12201591511936341,0.17941952506596306,0.0662734038270054,0.05219743400812149,0.2858029305934906,0.16768695414066315
0.23180592991913745,0.032520325203252036,0.12398921832884097,0.007011044387264769,-0.05386076495051384,0.03411954641342163,-0.008619977161288261
0.297979797979798,0.116751269035533,0.18686868686868688,0.05274355836975631,0.06971367448568344,0.10656441748142242,0.08955410122871399
0.12618296529968456,0.06012658227848102,0.09148264984227128,0.026432337973591166,-0.22369778156280518,0.17851866781711578,-0.029138334095478058
0.19120458891013384,0.04990403071017275,0.12619502868068835,0.02653388179782602,-0.18008972704410553,0.13266149163246155,-0.027014417573809624
0.14125200642054578,0.061191626409017714,0.10914927768860355,0.0347587068227484,-0.5570457577705383,0.05435045436024666,-0.26921960711479187
0.2336182336182336,0.022922636103151862,0.11396011396011396,0.015271535986480875,-0.03502751886844635,-0.25943487882614136,-0.1479981690645218
0.30416666666666664,0.15481171548117154,0.20833333333333331,0.08768339946009338,0.07393248379230499,0.22402319312095642,0.14925789833068848
0.12618296529968454,0.01904761904761905,0.08832807570977919,0.002543848573549012,-0.1392589658498764,0.04628271237015724,-0.04654109477996826
0.10625,0.006289308176100629,0.07500000000000001,0.0033183887718666255,-0.08665188401937485,0.0640074834227562,-0.010825826786458492
0.17346938775510204,0.08717948717948719,0.14795918367346939,0.026854267118742028,-0.1381959468126297,0.11155900359153748,-0.014829270541667938
0.18120805369127516,0.02702702702702703,0.08724832214765102,0.007218114643602441,-0.024747926741838455,0.0016175814671441913,-0.009956342168152332
0.2080745341614907,0.07476635514018692,0.13043478260869568,0.04133105193365959,-0.23923161625862122,0.049912985414266586,-0.09718452394008636
0.11683848797250859,0.01384083044982699,0.06872852233676975,0.005038655859095199,-0.06977275013923645,0.01670675538480282,-0.025243664160370827
0.10591900311526481,0.0,0.06542056074766354,0.0015494249785124837,-0.3430106043815613,0.02123831771314144,-0.16592749953269958
0.3272727272727273,0.0730593607305936,0.18181818181818182,0.0575182130178818,-0.009137690998613834,0.15078066289424896,0.07105971872806549
0.06745362563237775,0.006768189509306261,0.053962900505902196,0.0006216773815693058,-0.410740464925766,-0.44662511348724365,-0.42643389105796814
0.24324324324324323,0.08152173913043478,0.18378378378378382,0.03135366937257272,0.06429706513881683,0.33557015657424927,0.19766297936439514
0.21768707482993196,0.09111617312072892,0.14512471655328799,0.03724899161006072,-0.07769212871789932,0.13704201579093933,0.028938444331288338
0.0909090909090909,0.024390243902439025,0.0787878787878788,0.0017216880896616037,-0.09769486635923386,0.1932229995727539,0.04507865384221077
0.1792717086834734,0.02816901408450704,0.09523809523809523,0.003013248504641712,-0.09660284221172333,0.14392195641994476,0.022339260205626488
0.21578947368421048,0.07407407407407408,0.15263157894736842,0.032284575367669446,-0.025954918935894966,0.2639084458351135,0.11626515537500381
0.22848664688427298,0.08928571428571429,0.15133531157270028,0.03536026568581583,-0.03275114670395851,0.2870190143585205,0.12351769208908081
0.12461059190031153,0.0,0.0809968847352025,0.0012626136881022849,-0.14893434941768646,0.03408169746398926,-0.057418130338191986
0.17209302325581394,0.06542056074766354,0.12558139534883722,0.021091602845634046,-0.04703623801469803,0.09398456662893295,0.024063043296337128
0.21428571428571427,0.08982035928143713,0.1488095238095238,0.022892452171352187,0.0413578599691391,0.19793283939361572,0.11986882239580154
0.30508474576271183,0.0875912408759124,0.17917675544794187,0.06463241489627343,0.07458514720201492,0.07212121784687042,0.07485833019018173
0.28817204301075267,0.1511879049676026,0.18064516129032257,0.05740619033294162,-0.06331576406955719,0.20291928946971893,0.06778449565172195
0.20400000000000001,0.10441767068273093,0.16,0.045035232665613115,-0.05323321372270584,0.3041251301765442,0.12057620286941528
0.18975332068311196,0.02666666666666667,0.12144212523719165,0.0054730670374647135,-0.13263359665870667,0.0600687637925148,-0.03648586943745613
0.023437500000000003,0.00784313725490196,0.01953125,0.0018410504193818412,-0.6170033812522888,-0.6662182807922363,-0.639086127281189
0.14484679665738162,0.05042016806722689,0.116991643454039,0.020392846455294718,-0.022314487025141716,0.21553628146648407,0.09527745097875595
0.3173803526448362,0.09113924050632911,0.17632241813602015,0.03192215058110046,0.05747148022055626,0.24080882966518402,0.1488768458366394
0.09826589595375722,0.0,0.06936416184971098,0.00214685268859517,-0.17747552692890167,-0.05902527645230293,-0.11715760082006454
0.14334470989761092,0.034364261168384876,0.10238907849829351,0.006261274724950888,-0.24005372822284698,-0.02436913177371025,-0.13278360664844513
0.2814814814814815,0.09925558312655085,0.1728395061728395,0.05829351871746843,-0.06086711585521698,0.1539493352174759,0.04578285664319992
0.09493670886075949,0.031746031746031744,0.060126582278481014,0.011913674378398312,-0.2691209316253662,-0.2854226529598236,-0.27521100640296936
0.25901639344262295,0.07236842105263158,0.17049180327868851,0.01890027770295931,-0.04564741998910904,0.14551371335983276,0.04965139552950859
0.3225806451612903,0.15461346633416456,0.24317617866004965,0.046402421985730934,0.05029638856649399,0.16341358423233032,0.10767519474029541
0.17021276595744678,0.05700712589073634,0.11347517730496455,0.016868592780656517,-0.10237319767475128,0.04817407578229904,-0.02657967619597912
0.2165242165242165,0.06876790830945557,0.14814814814814814,0.008911197476807567,0.008110756985843182,0.23463527858257294,0.12027283757925034
0.23863636363636365,0.06285714285714285,0.11931818181818182,0.021633973149795205,0.027614708989858627,0.2168365716934204,0.12188926339149475
0.4523160762942779,0.2684931506849315,0.3106267029972752,0.1689353410624493,0.15036243200302124,0.26315784454345703,0.20743392407894135
0.1187214611872146,0.015267175572519083,0.0547945205479452,0.0017107310336048553,-0.9719098806381226,-0.24061039090156555,-0.6344664096832275
0.1607717041800643,0.03883495145631068,0.09646302250803858,0.015325658519995426,-0.03999769315123558,0.14241084456443787,0.051086995750665665
0.4317180616740088,0.18141592920353983,0.24669603524229072,0.08370054982687185,0.06240734085440636,0.24051806330680847,0.1512889415025711
0.008869179600886918,0.0,0.0066518847006651885,0.00022319197879946203,-0.7450332641601562,-0.0582665391266346,-0.4253225028514862
0.3787528868360277,0.15777262180974477,0.23094688221709006,0.11036956968140295,0.10306300967931747,0.21498164534568787,0.15977753698825836
0.2524916943521595,0.12040133779264214,0.16611295681063123,0.05619024271533635,0.03473956882953644,0.26840144395828247,0.15027500689029694
0.24019607843137253,0.1330049261083744,0.17156862745098042,0.0600454072888207,0.026325294747948647,0.11073058098554611,0.06968803703784943
0.26911314984709483,0.1415384615384615,0.18960244648318042,0.0708358222780076,0.01907273195683956,0.38338449597358704,0.19608435034751892
0.3333333333333333,0.06470588235294117,0.18128654970760233,0.02461595030247582,0.09606584906578064,0.24104192852973938,0.1688799262046814
0.10351201478743068,0.09647495361781076,0.10351201478743068,0.04144257851115288,-0.286080002784729,0.2790404260158539,-0.018039865419268608
0.19968304278922344,0.11128775834658189,0.1458003169572108,0.05155728681353321,-0.19549231231212616,0.2541912794113159,0.020770514383912086
0.17689015691868756,0.04005722460658084,0.10841654778887304,0.020436209607716787,-0.08920453488826752,0.05896514281630516,-0.01458064466714859
0.19753086419753088,0.07444168734491315,0.10864197530864197,0.015076456308661244,-0.09006768465042114,0.05760648846626282,-0.015682511031627655
0.509719222462203,0.2516268980477223,0.30669546436285106,0.144638220550259,0.1499878168106079,0.11726599186658859,0.1349809765815735
0.25792811839323465,0.10615711252653928,0.18181818181818182,0.07591809008620899,-0.05062679201364517,0.14632657170295715,0.047458257526159286
0.33004926108374383,0.11386138613861385,0.1921182266009852,0.03901805494407757,0.06144160404801369,0.28290167450904846,0.1711246371269226
0.12234042553191489,0.0213903743315508,0.09042553191489361,0.005152883749764558,-0.2117690145969391,-0.08156318217515945,-0.14568354189395905
0.25974025974025977,0.09261939218523878,0.1616161616161616,0.0477697751071329,0.03524790704250336,0.10570769757032394,0.07174237817525864
0.1691842900302115,0.04255319148936171,0.1027190332326284,0.009613575196354137,-0.024797452613711357,-0.23909997940063477,-0.1325017809867859
0.22560975609756098,0.049079754601226995,0.12804878048780488,0.008874495536711836,-0.049691829830408096,0.002644443418830633,-0.021998459473252296
0.1951219512195122,0.045871559633027525,0.11585365853658539,0.008157456321298445,-0.154918372631073,0.10003961622714996,-0.029069820418953896
0.12975391498881433,0.07191011235955055,0.1029082774049217,0.032581248892421595,-0.22182221710681915,0.2757592797279358,0.01610701158642769
0.3028571428571428,0.13218390804597702,0.21142857142857144,0.06918397696803655,0.057633496820926666,0.2020576149225235,0.13023483753204346
0.10631229235880399,0.023333333333333334,0.08305647840531562,0.0022786628022150642,-0.40926602482795715,0.04244975373148918,-0.19219250977039337
0.0648508430609598,0.052015604681404426,0.062256809338521416,0.02778943214553107,-0.7755511999130249,-0.09151768684387207,-0.4571310877799988
0.25906735751295334,0.078125,0.15025906735751296,0.03589797296425169,0.08396091312170029,0.15476113557815552,0.12054583430290222
0.22821576763485477,0.08333333333333333,0.15352697095435686,0.03295381467115669,-0.0664457380771637,0.2241286039352417,0.07614172250032425
0.1721518987341772,0.05089058524173028,0.11139240506329114,0.02136440929138582,-0.09091313928365707,0.17184565961360931,0.03856811299920082
0.21882951653944022,0.07672634271099744,0.15267175572519084,0.04017805940448473,0.05792250856757164,-0.06231137737631798,-0.00130069546867162
0.06369426751592357,0.006410256410256411,0.04458598726114649,0.001895555577569376,-0.18301275372505188,0.08543752133846283,-0.05075855553150177
0.11731843575418993,0.02247191011235955,0.0782122905027933,0.005028777333090349,-0.15909649431705475,0.005670555401593447,-0.07635432481765747
0.1542857142857143,0.04597701149425287,0.1142857142857143,0.007827994731160337,-0.04817318543791771,-0.024925895035266876,-0.03489275649189949
0.14832535885167467,0.01923076923076923,0.0861244019138756,0.003210942241249839,-0.09248874336481094,0.10783287137746811,0.007262422703206539
0.11209439528023599,0.02373887240356083,0.07669616519174041,0.002525434214401185,-0.13404929637908936,0.08874590694904327,-0.023507166653871536
0.1466992665036675,0.01474201474201474,0.08312958435207823,0.002154504365172034,-0.22230154275894165,0.09114380180835724,-0.0688757672905922
0.19935691318327975,0.05825242718446602,0.13504823151125403,0.010920818004570986,-0.020995358005166054,0.13353660702705383,0.05661327391862869
0.15850815850815853,0.032786885245901634,0.10722610722610725,0.0057647236696182986,-0.23819725215435028,0.09320318698883057,-0.07638363540172577
0.14,0.03015075376884422,0.09999999999999999,0.002873875961592594,-0.14455705881118774,0.06168634444475174,-0.04190796613693237
0.41596638655462187,0.1729957805907173,0.2184873949579832,0.11544827730629441,0.016704382374882698,-0.07051212340593338,-0.02562437206506729
0.18907563025210083,0.0379746835443038,0.1008403361344538,0.005285534842856138,-0.8465829491615295,0.019950762391090393,-0.4524456858634949
0.03234501347708895,0.008108108108108109,0.03234501347708895,0.0009038797901077885,-0.3864538073539734,0.062129560858011246,-0.170785591006279
0.3333333333333333,0.16756756756756758,0.22043010752688172,0.07564091410432755,0.10303152352571487,0.2863122820854187,0.1943499743938446
0.33649289099526064,0.10476190476190476,0.18009478672985782,0.04724252293803315,0.09888841211795807,0.14672061800956726,0.12411806732416153
0.29850746268656714,0.145,0.22388059701492538,0.0829921039317547,0.1289188712835312,0.2940567135810852,0.21145042777061462
0.17834394904458598,0.08333333333333333,0.11464968152866241,0.01975478137478626,0.034936606884002686,0.2789696753025055,0.15540927648544312
0.12820512820512822,0.015463917525773198,0.0923076923076923,0.00305981064804935,-0.21339166164398193,-0.07439424842596054,-0.14303766191005707
0.0097323600973236,0.0,0.0072992700729927005,0.00027651113353782057,-0.8285059928894043,-0.56522536277771,-0.6981831789016724
0.06493506493506494,0.0130718954248366,0.04545454545454546,0.002246971462982122,-0.15098431706428528,0.10207388550043106,-0.026039691641926765
0.1451905626134301,0.032786885245901634,0.08348457350272231,0.005755066282392178,-0.3006870150566101,-0.020980099216103554,-0.16303086280822754
0.3333333333333333,0.09433962264150944,0.18779342723004697,0.05345818216581535,0.08394569903612137,0.11421052366495132,0.10049717873334885
0.2857142857142857,0.03308823529411765,0.12820512820512822,0.008275026204066248,-0.08757834881544113,-0.07083366066217422,-0.07746642827987671
0.174496644295302,0.10135135135135134,0.15436241610738255,0.05946383318291558,-0.07308702170848846,0.34930670261383057,0.13074196875095367
0.20318725099601595,0.011999999999999999,0.10756972111553785,0.003432612745285024,-0.08886493742465973,-0.021546058356761932,-0.05372123047709465
0.368,0.13941018766756033,0.23466666666666663,0.07417923569124635,0.06765202432870865,0.19480237364768982,0.1318448930978775
0.27435387673956263,0.09580838323353293,0.1749502982107356,0.0437750981476579,-0.05094233527779579,0.08780499547719955,0.019059445708990097
0.10316529894490037,0.009400705052878966,0.06096131301289566,0.0027651113353782063,-0.37015873193740845,0.046960800886154175,-0.16879905760288239
0.28496042216358836,0.05305039787798409,0.15303430079155672,0.005102085372469273,0.029360106214880943,-0.003067497629672289,0.01469577569514513
0.2612612612612613,0.06334841628959274,0.15315315315315317,0.0181890285971829,0.0006912255776114762,0.05733907222747803,0.03043302521109581
0.3157894736842105,0.05541561712846348,0.15538847117794485,0.026831793437623243,0.058141835033893585,0.10979250818490982,0.08532428741455078
0.18421052631578946,0.031746031746031744,0.11052631578947367,0.006320137879757852,-0.08610569685697556,0.10081498324871063,0.007207329384982586
0.25193798449612403,0.08932038834951456,0.1511627906976744,0.034958709965491254,-0.08977265655994415,0.08082319051027298,-0.004311754368245602
0.17445482866043616,0.03761755485893417,0.10591900311526481,0.006572833617134986,-0.0665362998843193,0.07132144272327423,0.0030559105798602104
0.17674418604651165,0.08411214953271028,0.14883720930232558,0.042418387873944544,0.022536996752023697,0.1947019100189209,0.10860472172498703
0.1,0.01775147928994083,0.07058823529411766,0.004321674438831228,-0.21204069256782532,0.18290697038173676,-0.020821722224354744
0.1624649859943978,0.05070422535211268,0.11204481792717087,0.014528587288231297,-0.01994861476123333,0.17775604128837585,0.07845916599035263
0.21649484536082475,0.05181347150259067,0.10309278350515465,0.02616369301251671,-0.05694403871893883,0.15478801727294922,0.0482267402112484
0.11846689895470383,0.04912280701754386,0.10452961672473866,0.01678393729233792,-0.06127852573990822,0.27274271845817566,0.10166791081428528
0.08294930875576037,0.009244992295839754,0.052227342549923186,0.0016027275458323337,-0.5266278982162476,-0.04668595641851425,-0.29692232608795166
0.3088235294117647,0.1625615763546798,0.17647058823529413,0.08073452676207651,0.07443622499704361,0.1504983901977539,0.11362491548061371
0.16455696202531642,0.09554140127388536,0.1518987341772152,0.055089194014673215,-0.08837641030550003,0.1874183714389801,0.04726260527968407
0.21203438395415472,0.046109510086455335,0.14326647564469913,0.022468819802919524,0.01265041809529066,0.12142650038003922,0.06796637177467346
0.07920792079207921,0.006644518272425248,0.05940594059405941,0.001976397014683722,-0.1827860027551651,0.13825422525405884,-0.025833798572421074
0.16560509554140126,0.032051282051282055,0.10191082802547771,0.004085718492712597,-0.04613771662116051,0.17062708735466003,0.06142687425017357
0.3168831168831169,0.20365535248041775,0.25974025974025977,0.08902153683556785,0.12842893600463867,0.30962979793548584,0.21871215105056763
0.3472527472527472,0.1368653421633554,0.2285714285714286,0.08302794977078298,0.09147419035434723,0.24912630021572113,0.1704370230436325
0.14948453608247422,0.03108808290155441,0.08762886597938144,0.005422035336997372,-0.2787538766860962,0.03335762396454811,-0.12591849267482758
0.14438502673796794,0.09139784946236558,0.1229946524064171,0.0490177400801394,-0.090794637799263,0.1969073861837387,0.05045977979898453
0.07102803738317758,0.0075046904315197,0.05233644859813084,0.0006561634060433914,-0.6977953910827637,-0.22147460281848907,-0.46990424394607544
0.18701298701298702,0.08877284595300261,0.15584415584415584,0.04456174135533521,-0.06450294703245163,0.20326346158981323,0.06732255965471268
0.17901234567901234,0.05590062111801243,0.1234567901234568,0.008802537522937937,-0.08555915206670761,0.17396163940429688,0.04238402843475342
0.1440443213296399,0.016713091922005572,0.08310249307479224,0.002861806014019196,-0.13453924655914307,0.07154817879199982,-0.031976696103811264
0.2693409742120344,0.12103746397694527,0.17191977077363896,0.0392858137710345,-0.021116340532898903,0.19443626701831818,0.08583954721689224
0.16470588235294117,0.05673758865248227,0.10823529411764707,0.02389575110745376,-0.18724042177200317,0.15744447708129883,-0.019267810508608818
0.0996884735202492,0.025078369905956112,0.06230529595015577,0.002978732197450956,-0.1692834049463272,0.04235813766717911,-0.06402473151683807
0.097165991902834,0.008163265306122448,0.08906882591093118,0.001427774252745692,-0.14838144183158875,0.01997552253305912,-0.06392231583595276
0.16292134831460675,0.028248587570621472,0.11235955056179776,0.005984621960803979,-0.031167056411504745,-0.1196504458785057,-0.07406583428382874
0.15229885057471265,0.005763688760806916,0.08620689655172414,0.0016038518167013126,-0.6855199337005615,-0.32253435254096985,-0.5089954137802124
0.27435897435897433,0.04370179948586118,0.1435897435897436,0.027880719600590617,-0.1208282858133316,-0.46181049942970276,-0.2954803705215454
0.2185273159144893,0.01909307875894988,0.11401425178147269,0.004448534483130722,-0.07882270961999893,0.034609805792570114,-0.021096836775541306
0.02150537634408602,0.0,0.02150537634408602,0.0008001245867153161,-0.26703768968582153,0.004769619554281235,-0.13312792778015137
0.27568922305764415,0.11586901763224182,0.16040100250626568,0.05720228747821537,0.058347009122371674,0.2770574390888214,0.16671964526176453
0.2702702702702703,0.07250755287009063,0.16216216216216214,0.05316362720190226,-0.024142662063241005,-0.13822981715202332,-0.08010172843933105
0.21264367816091956,0.04046242774566474,0.13218390804597702,0.006970992244377788,0.010967280715703964,0.11734557896852493,0.06511423736810684
0.1842818428184282,0.03814713896457766,0.11924119241192413,0.007090267000364094,-0.04332258179783821,0.09518404304981232,0.026551775634288788
0.10220994475138122,0.008310249307479225,0.052486187845303865,0.0028875696246184446,-0.45608577132225037,-0.14118553698062897,-0.3018556535243988
0.05859375,0.03529411764705883,0.0546875,0.012144546409257153,-0.6210201978683472,-0.5537809729576111,-0.5850791931152344
0.14854111405835543,0.032,0.10079575596816975,0.0037759701101721253,-0.2765507102012634,-0.17950308322906494,-0.2265283316373825
0.33879781420765026,0.1098901098901099,0.19672131147540983,0.07416992925047086,0.06613408774137497,0.10723719745874405,0.08808636665344238
0.22476190476190472,0.09177820267686425,0.14476190476190476,0.04272721662792113,-0.16002331674098969,-0.16886022686958313,-0.16255444288253784
0.16847826086956522,0.01639344262295082,0.09782608695652174,0.0026060524207632834,-0.20119687914848328,0.08092258125543594,-0.062483180314302444
0.08888888888888888,0.01910828025477707,0.05714285714285715,0.004009712768848094,-0.38069018721580505,0.043640390038490295,-0.1760445237159729
0.13068181818181818,0.017142857142857144,0.08522727272727273,0.01088048242173587,-0.15408635139465332,0.011230748146772385,-0.07108549773693085
0.12923076923076923,0.0,0.08,0.002119633926986805,-0.18256349861621857,0.039641182869672775,-0.07224881649017334
0.3090909090909091,0.1141552511415525,0.17727272727272728,0.05572821932185666,0.10216448456048965,0.011306092143058777,0.05785287544131279
0.19895287958115182,0.05263157894736842,0.13089005235602094,0.008170340810997177,-0.09582246840000153,0.03683331981301308,-0.028714187443256378
0.13880126182965302,0.09523809523809523,0.13880126182965302,0.047356194061549804,-0.056266963481903076,0.33244431018829346,0.1320638507604599
0.06646525679758308,0.0182370820668693,0.06646525679758308,0.0038787885959743313,-0.16049061715602875,0.04641641676425934,-0.05750536173582077
0.27078384798099764,0.13365155131264916,0.2137767220902613,0.05817367071184785,-0.05089104175567627,0.2368442863225937,0.09034695476293564
0.1161695447409733,0.059842519685039376,0.10047095761381475,0.0231738351213524,-0.3795744478702545,0.006282498594373465,-0.19253437221050262
0.16091954022988506,0.06658130601792574,0.12260536398467431,0.02393800407654769,-0.22836868464946747,0.19334468245506287,-0.024875668808817863
0.058519793459552494,0.0069084628670120895,0.03442340791738382,0.0008669997268517175,-0.43553048372268677,0.11999745666980743,-0.1719958782196045
0.013392857142857144,0.0,0.013392857142857144,0.00040753285088894936,-0.7795952558517456,0.01656915619969368,-0.4139937460422516
0.3394255874673629,0.08398950131233596,0.1618798955613577,0.023866457419019358,0.07718484848737717,0.17451415956020355,0.12680457532405853
0.2142857142857143,0.07172995780590717,0.14285714285714285,0.038783704281909394,-0.07931123673915863,0.10970478504896164,0.015000201761722565
0.19700214132762314,0.017204301075268817,0.1284796573875803,0.005736461086820397,-0.1290494054555893,0.01342666894197464,-0.05712783336639404
0.12996389891696752,0.09454545454545454,0.11552346570397112,0.03601148293548922,-0.03515876084566116,-0.38138914108276367,-0.21265047788619995
0.1786743515850144,0.028985507246376805,0.12103746397694526,0.003742487052894482,-0.008341401815414429,0.08954567462205887,0.04168229550123215
0.13003095975232196,0.031152647975077885,0.09907120743034056,0.008021954871498595,-0.12811940908432007,0.1345938891172409,0.0013745063915848732
0.26252983293556087,0.10071942446043164,0.17183770883054894,0.0552881732089261,0.10384266823530197,0.09503193944692612,0.10089625418186188
0.12587412587412586,0.05152224824355973,0.09324009324009325,0.005886566157853842,-0.1490192413330078,0.04678252339363098,-0.05136493593454361
0.155,0.04020100502512562,0.095,0.02000701654968085,-0.13882137835025787,0.11583765596151352,-0.013130208477377892
0.26315789473684215,0.1762114537444934,0.18859649122807015,0.0873270502138434,0.06540217995643616,0.3256973624229431,0.19356630742549896
0.12173913043478261,0.013100436681222707,0.08260869565217391,0.004519537621568156,-0.296142041683197,-0.01017063669860363,-0.15554417669773102
0.3021148036253776,0.10334346504559269,0.20543806646525678,0.05953084950631262,0.07654669135808945,0.1878025233745575,0.13297748565673828
0.10126582278481013,0.06106870229007634,0.09620253164556962,0.031254495038696435,-0.04665100574493408,0.3257804811000824,0.13414856791496277
0.16,0.02873563218390805,0.09714285714285714,0.005738910451144993,-0.15464350581169128,0.11792003363370895,-0.020472092553973198
0.17142857142857143,0.033492822966507185,0.11904761904761904,0.006592816836029641,-0.24118536710739136,0.03549057990312576,-0.10500247031450272
0.26329113924050634,0.15267175572519084,0.19240506329113924,0.0913740559309318,0.07003062963485718,0.324588805437088,0.19546844065189362
0.23076923076923078,0.07272727272727274,0.14479638009049775,0.043633050012521914,-0.05798689275979996,0.16054558753967285,0.050435058772563934
0.31840796019900497,0.08500000000000002,0.18407960199004977,0.02379644909099572,0.06090744584798813,0.06430213898420334,0.06412714719772339
0.35737704918032787,0.10526315789473685,0.19016393442622953,0.034215391057713235,0.15900097787380219,-0.06264564394950867,0.04725801572203636
0.14025974025974025,0.005221932114882507,0.08831168831168831,0.002369086736181753,-0.1561112105846405,-0.0013735117390751839,-0.07821619510650635
0.21288515406162467,0.08450704225352113,0.15126050420168066,0.04042968714439665,-0.04945304989814758,0.23446159064769745,0.08998355269432068
0.1741741741741742,0.02416918429003021,0.1081081081081081,0.003931405500805087,-0.08233437687158585,0.05314779281616211,-0.013872201554477215
0.09508196721311475,0.019736842105263157,0.05901639344262295,0.006767663817270753,-0.44023215770721436,-0.06529256701469421,-0.25821155309677124
0.1375186846038864,0.03598200899550225,0.07473841554559042,0.0038028192200560496,-0.11552982777357101,0.07810375094413757,-0.01895667426288128
0.1597444089456869,0.05787781350482314,0.11501597444089458,0.016971255742855296,0.03201959282159805,0.1424090713262558,0.08809413015842438
0.29577464788732394,0.15901060070671377,0.22183098591549297,0.09581019532665767,0.029761966317892075,0.1413489580154419,0.08642473816871643
0.11781206171107995,0.014064697609001404,0.0729312762973352,0.0016880179028200461,-0.3780826926231384,-0.06634701788425446,-0.22536782920360565
0.16613418530351437,0.07371794871794872,0.12779552715654952,0.03871831668058511,-0.17494338750839233,0.12891130149364471,-0.026037925854325294
0.22592592592592592,0.05947955390334572,0.1222222222222222,0.014966175605449262,-0.18341921269893646,-0.16089576482772827,-0.17027880251407623
0.06569343065693431,0.029411764705882353,0.058394160583941604,0.00603854689824038,-0.1772172898054123,-0.08086422085762024,-0.12768606841564178
0.2125,0.06918238993710692,0.14375000000000002,0.024624318437469907,-0.08682592958211899,0.10048389434814453,0.006674760952591896
0.257372654155496,0.1778975741239892,0.19839142091152812,0.08984841460207553,0.11680828034877777,0.3197293281555176,0.21754883229732513
0.21928166351606806,0.06451612903225806,0.12098298676748584,0.009672011227188691,-0.03186606615781784,0.1441260576248169,0.05611884966492653
0.09202453987730061,0.06790123456790124,0.08588957055214724,0.02909639138298429,-0.2168552279472351,0.2136523425579071,-0.009340780787169933
0.1779788838612368,0.10892586989409983,0.1417797888386124,0.04976035662936529,-0.30734774470329285,0.2180158942937851,-0.05704342573881149
0.13548387096774192,0.07119741100323625,0.11290322580645161,0.02650335785809136,-0.6819531321525574,-0.53594970703125,-0.6075628995895386
0.24873096446700504,0.03571428571428571,0.10152284263959391,0.01645889461476097,-0.0687723457813263,0.01108501385897398,-0.027494365349411964
0.09287925696594428,0.006230529595015577,0.06811145510835911,0.00531183321355835,-0.24779269099235535,-0.03649091348052025,-0.14260609447956085
0.08846761453396525,0.05071315372424722,0.07898894154818324,0.015409431895763591,-0.34737834334373474,0.08767624199390411,-0.13783593475818634
0.19267822736030826,0.03481624758220503,0.11560693641618497,0.01162192409935243,-0.1822836846113205,0.019153112545609474,-0.08188978582620621
0.0397196261682243,0.00234192037470726,0.030373831775700934,0.000835807964029732,-0.3818519115447998,-0.007371969521045685,-0.2000454217195511
0.14596273291925466,0.04672897196261682,0.09316770186335403,0.011915040906713654,-0.21865049004554749,0.0820721909403801,-0.07118403166532516
0.1994459833795014,0.10027855153203342,0.12188365650969529,0.022407960908851932,0.00456866854801774,0.31574779748916626,0.156786248087883
0.29652996845425866,0.1841269841269841,0.24605678233438488,0.10356943767507679,0.09218239784240723,0.40370774269104004,0.2445000261068344
0.21229050279329612,0.0898876404494382,0.1675977653631285,0.04283957391970858,0.04300349950790405,0.23344887793064117,0.1378461718559265
0.3289719626168224,0.10881801125703565,0.17570093457943922,0.07109627173382865,-0.005815280135720968,0.17781369388103485,0.08581200242042542
0.14130434782608697,0.01090909090909091,0.08333333333333333,0.004339228604211053,-0.852674126625061,-0.0029995825607329607,-0.46547454595565796
0.20430107526881722,0.10270270270270272,0.16129032258064516,0.04284975079374948,-0.0570848323404789,-0.13561013340950012,-0.09488614648580551
0.2857142857142857,0.054455445544554455,0.16748768472906403,0.04586755499723245,-0.011971928179264069,0.02064971998333931,0.0059038084000349045
0.15094339622641512,0.030303030303030304,0.09811320754716982,0.002618902723798664,-0.23074588179588318,-0.3105466365814209,-0.2689247131347656
0.16190476190476188,0.03821656050955414,0.10476190476190476,0.016273305923240916,-0.3303757607936859,0.05784100666642189,-0.14225046336650848
0.23738872403560832,0.07761194029850746,0.1543026706231454,0.027401760562733288,0.08955687284469604,0.2412145435810089,0.165619894862175
0.10052910052910052,0.005319148936170212,0.07407407407407407,0.00186358985076483,-0.1512690931558609,0.08917108178138733,-0.03231043368577957
0.22857142857142856,0.028708133971291867,0.1380952380952381,0.003849782263494613,0.003929798025637865,0.13698895275592804,0.07109008729457855
0.1400560224089636,0.039436619718309855,0.09523809523809523,0.006897569896114931,-0.0814560204744339,-0.07659547030925751,-0.07727360725402832
0.0686106346483705,0.013769363166953527,0.04802744425385935,0.0012566782471855164,-0.2612125277519226,0.14710122346878052,-0.06385909765958786
0.045016077170418,0.0,0.03215434083601287,0.0008472370786140287,-0.21188116073608398,0.06183420121669769,-0.07711821049451828
0.1818181818181818,0.04177545691906005,0.11428571428571428,0.008347897084546996,-0.03771106153726578,0.12150643765926361,0.04218661040067673
0.08996539792387542,0.020905923344947733,0.07612456747404844,0.005048479210152384,-0.1225588247179985,0.07760995626449585,-0.022844281047582626
0.18607068607068608,0.05411030176899063,0.07380457380457381,0.0004601839738785955,0.08987949043512344,-0.13146449625492096,-0.021627992391586304
0.29765013054830286,0.14698162729658792,0.17754569190600522,0.06416012583872606,0.08456087112426758,0.21483449637889862,0.15024922788143158
0.18881118881118883,0.07943925233644861,0.1282051282051282,0.030128526443354123,-0.2043314427137375,0.030578764155507088,-0.08794545382261276
0.17190775681341716,0.05052631578947369,0.12578616352201258,0.00321491660097,-0.07324621081352234,0.15307457745075226,0.03890961781144142
0.21511627906976746,0.03508771929824562,0.13953488372093023,0.014834945564787233,0.005702788010239601,0.19030052423477173,0.0977817177772522
0.04666666666666667,0.0,0.036666666666666674,0.0005173156379788444,-1.1131830215454102,-0.030671440064907074,-0.6363809108734131
0.1070110701107011,0.040740740740740744,0.07380073800738006,0.02267852877985949,-0.31231898069381714,0.07239853590726852,-0.12580300867557526
0.16666666666666666,0.04046242774566474,0.1206896551724138,0.008896390413244738,-0.14333945512771606,-0.007285307161509991,-0.07451258599758148
0.2987551867219917,0.13389121338912133,0.21576763485477182,0.0734647520880707,-0.05354698747396469,0.17473700642585754,0.05952262505888939
0.27218934911242604,0.09523809523809523,0.15976331360946747,0.043023841529711344,0.05453925579786301,0.2544473707675934,0.15391187369823456
0.29064039408867,0.1386138613861386,0.1724137931034483,0.07965499091370991,0.032836753875017166,0.3050278425216675,0.16666561365127563
0.10079575596816975,0.016,0.07957559681697614,0.0017809407970004966,-0.12317398935556412,0.08886617422103882,-0.01777852699160576
0.2479784366576819,0.07046070460704608,0.14555256064690025,0.0242934359922458,0.03713657334446907,0.12508612871170044,0.08222104609012604
0.23394495412844038,0.0967741935483871,0.14678899082568808,0.04888182417309532,-0.05797557160258293,0.22364011406898499,0.0803842544555664
0.06312292358803988,0.01,0.04318936877076412,0.0012150554674108588,-0.3704527020454407,0.11053497344255447,-0.14012865722179413
0.24821002386634847,0.12470023980815349,0.1766109785202864,0.06488600936716264,-0.015239860862493515,0.13159501552581787,0.058633361011743546
0.06039488966318235,0.009313154831199067,0.04413472706155633,0.0018433275682243262,-0.930902898311615,-0.23386061191558838,-0.6076529622077942
0.18652849740932645,0.07291666666666666,0.13989637305699484,0.04437888387152688,-0.014717373996973038,-0.004416248761117458,-0.0079316645860672
0.2737752161383285,0.09537572254335258,0.12680115273775217,0.03279584308492008,-0.4145333468914032,-0.08367101848125458,-0.2528950572013855
0.11635220125786164,0.03470031545741325,0.07547169811320754,0.01597636786921694,-0.2933439016342163,0.08291193097829819,-0.11072757840156555
0.17258883248730963,0.05102040816326531,0.11167512690355329,0.0027418930336611325,-0.15659655630588531,0.07480138540267944,-0.041931625455617905
0.18565400843881857,0.046610169491525424,0.12658227848101267,0.014503914597190356,-0.882896363735199,-0.04418477043509483,-0.5004061460494995
0.26639344262295084,0.07818930041152264,0.14344262295081966,0.007680246429278852,-0.13099290430545807,0.13146236538887024,-0.0016181881073862314
0.1507246376811594,0.011661807580174927,0.0927536231884058,0.003053760956371546,-0.09204938262701035,0.09852708876132965,0.003026951104402542
0.16986301369863013,0.03856749311294766,0.11506849315068492,0.022394438146100544,-0.03605162352323532,0.044843051582574844,0.005684494972229004
0.07947019867549669,0.008869179600886918,0.05298013245033113,0.0035720781035215666,-0.9496965408325195,-0.36187347769737244,-0.6732319593429565
0.2222222222222222,0.11145510835913314,0.16666666666666669,0.052794391469701774,-0.11905883252620697,0.21493566036224365,0.043905094265937805
0.02154398563734291,0.0,0.017953321364452424,0.0008942423999986027,-0.4393109977245331,0.06362228095531464,-0.19920100271701813
0.20717131474103587,0.07190412782956059,0.13280212483399734,0.04097115173957983,-0.005411652382463217,0.08229892700910568,0.03962159529328346
0.09956709956709957,0.017391304347826087,0.06493506493506493,0.0020412004567873774,-0.2962672710418701,0.03255466744303703,-0.1356276124715805
0.4161073825503356,0.1438202247191011,0.21476510067114093,0.06679146202322324,0.17740902304649353,0.15902139246463776,0.16954952478408813
0.2741935483870968,0.1081081081081081,0.18817204301075272,0.04164168342284599,0.07267242670059204,0.2528856694698334,0.16255304217338562
0.30000000000000004,0.11173184357541899,0.20555555555555555,0.06486189580794391,-0.011687513440847397,0.22599272429943085,0.10581226646900177
0.16417910447761194,0.009999999999999998,0.09452736318407959,0.002580840215702978,-0.2756698727607727,-0.03952197730541229,-0.15862269699573517
0.051118210862619806,0.006430868167202572,0.038338658146964855,0.0019329069250764402,-0.20858103036880493,-0.04556677117943764,-0.12661845982074738
0.1432225063938619,0.020565552699228794,0.08184143222506395,0.0030336660393696846,-0.11007006466388702,0.16821680963039398,0.0267636738717556
0.09646302250803859,0.01935483870967742,0.06109324758842443,0.0019052572622496764,-0.618885338306427,-0.06621649116277695,-0.3569563329219818
0.10526315789473684,0.007067137809187279,0.06315789473684211,0.002703053728945543,-0.2310582399368286,0.10163915902376175,-0.0686444416642189
0.15868263473053892,0.036036036036036036,0.10179640718562875,0.01580468239183632,-0.18403403460979462,0.10937298834323883,-0.040025610476732254
0.1864406779661017,0.017045454545454544,0.10734463276836159,0.0036367325644702402,-0.06887564063072205,0.1452922821044922,0.0374743677675724
0.18087855297157623,0.020779220779220776,0.10852713178294576,0.006423635467029159,-0.06664171814918518,0.08903206884860992,0.011582653038203716
0.20526315789473684,0.010582010582010581,0.11052631578947367,0.00360983774547185,-0.034594178199768066,0.017313746735453606,-0.007137049920856953
0.2697201017811705,0.09718670076726343,0.16793893129770993,0.04988876418944625,0.06115506961941719,0.29294851422309875,0.1757708340883255
0.19548872180451127,0.07052896725440806,0.14536340852130325,0.04059487751423089,0.0006533744162879884,-0.21695683896541595,-0.10880567133426666
0.27567567567567564,0.05978260869565218,0.17297297297297295,0.019060242984769403,0.0875079557299614,0.20552198588848114,0.14722050726413727
0.1348314606741573,0.07909604519774012,0.11797752808988765,0.0260968865268508,-0.1056835800409317,0.3208870589733124,0.1000543162226677
0.09061488673139159,0.0,0.07119741100323625,0.0010601787063315678,-0.31665241718292236,-0.5986462831497192,-0.4597225785255432
0.09463722397476342,0.050793650793650794,0.08832807570977917,0.0253683601311489,-0.03693635016679764,0.3041979968547821,0.12931589782238007
0.21608040201005027,0.025252525252525252,0.11055276381909548,0.004360783834235299,-0.09602411091327667,0.021298451349139214,-0.03637603670358658
0.15654952076677317,0.03205128205128205,0.08626198083067094,0.004409364719756938,-0.41132059693336487,0.035057976841926575,-0.19666671752929688
0.12353567625133119,0.04695837780149414,0.09371671991480299,0.01678270804135379,-0.224789097905159,0.14121632277965546,-0.046918272972106934
0.15083798882681565,0.050561797752808994,0.09497206703910614,0.01878000620907124,-0.1801321804523468,-0.06365057826042175,-0.12076938152313232
0.1287128712871287,0.009933774834437087,0.07590759075907591,0.0035059635761208203,-0.35781431198120117,-0.09084349125623703,-0.226109117269516
0.1343669250645995,0.005194805194805196,0.08785529715762273,0.002708210757307798,-0.19804957509040833,-0.05649791657924652,-0.12647895514965057
0.04181184668989547,0.031468531468531465,0.04181184668989547,0.010642876142140711,-0.5036105513572693,0.266671746969223,-0.14738120138645172
0.14035087719298245,0.05865102639296188,0.10233918128654969,0.026365686394707287,-0.5718564987182617,-0.1275908499956131,-0.35826268792152405
0.14330218068535827,0.025078369905956112,0.09968847352024922,0.00375786042394441,-0.09648291766643524,0.004864417482167482,-0.04463190212845802
0.06734006734006734,0.0,0.05387205387205387,0.0010557486339456952,-0.265288770198822,0.031089188531041145,-0.11982785165309906
0.20316027088036118,0.049886621315192746,0.11738148984198647,0.015961227482930017,-0.08699572831392288,0.17229948937892914,0.040842123329639435
0.11965811965811966,0.011461318051575931,0.09686609686609686,0.0024936007692623694,-0.2011774182319641,0.10304415225982666,-0.05208256095647812
0.14193548387096772,0.032467532467532464,0.1032258064516129,0.003126633004920241,-0.12458368390798569,0.06914674490690231,-0.0279527697712183
0.12394366197183099,0.03399433427762039,0.08450704225352111,0.01649972676973454,-0.10490922629833221,0.06265837699174881,-0.020888470113277435
0.2142857142857143,0.06629834254143646,0.1043956043956044,0.023065043284112307,-0.029574478045105934,0.1006108820438385,0.03623688966035843
0.2613065326633166,0.0505050505050505,0.15075376884422112,0.011548288734875315,0.01581505686044693,0.09968589246273041,0.058931782841682434
0.20430107526881716,0.1081081081081081,0.15053763440860218,0.05634816790328237,0.03707466647028923,-0.25655874609947205,-0.11240686476230621
0.40611353711790393,0.18421052631578946,0.24017467248908295,0.08701895990135815,0.18507087230682373,0.038044825196266174,0.11192867904901505
0.36413043478260865,0.20218579234972678,0.2608695652173913,0.111954440195916,0.10973860323429108,0.40350577235221863,0.25368717312812805
0.18965517241379312,0.06358381502890173,0.13793103448275862,0.0325494912789169,-0.07317722588777542,0.15029606223106384,0.03762022405862808
0.04745762711864407,0.0,0.04067796610169492,0.0010284112685858412,-0.25730782747268677,0.007104907650500536,-0.12689462304115295
0.06153846153846154,0.02061855670103093,0.05641025641025641,0.01061438361169581,-0.22400660812854767,0.18774698674678802,-0.02507202699780464
0.11140583554376657,0.02666666666666667,0.07957559681697612,0.016180961451872172,-0.23728103935718536,-0.032611969858407974,-0.13527551293373108
0.28148148148148144,0.2014925373134328,0.23703703703703705,0.102428657135894,0.14979077875614166,0.4694162905216217,0.30587005615234375
0.20168067226890754,0.02253521126760563,0.12324929971988798,0.0037760956793139633,-0.11495392769575119,-0.01597277820110321,-0.06423203647136688
0.30188679245283023,0.09756097560975609,0.1940700808625337,0.05388635743178553,-0.09779957681894302,-0.02315196767449379,-0.059036318212747574
0.20183486238532108,0.013824884792626727,0.11467889908256881,0.005587190892479926,-0.151727557182312,0.00833516102284193,-0.07126561552286148
0.05341246290801186,0.01488095238095238,0.04154302670623146,0.0013533374974318171,-0.3063685894012451,0.20832030475139618,-0.06083991751074791
0.18491484184914841,0.05867970660146699,0.121654501216545,0.0032403536949813043,-0.14989513158798218,0.2543755769729614,0.04560980945825577
0.13559322033898305,0.05113636363636363,0.1016949152542373,0.020881170578839273,-0.12854991853237152,-0.3307230770587921,-0.2298123836517334
0.1238532110091743,0.004608294930875577,0.0779816513761468,0.0020670600536062825,-0.35468751192092896,-0.011465621180832386,-0.187333345413208
0.1830508474576271,0.04421768707482994,0.1016949152542373,0.023930401697404423,-0.4569896161556244,-0.18675832450389862,-0.3236701190471649
0.2805194805194805,0.04177545691906005,0.13506493506493505,0.0218168488503947,-0.0498400516808033,0.1516692191362381,0.05042870342731476
0.23837209302325582,0.046783625730994156,0.13953488372093023,0.008490496140600092,0.0687107965350151,0.18575480580329895,0.1279781311750412
0.16532258064516128,0.04048582995951417,0.11693548387096775,0.018797433320464657,-0.8356814384460449,-0.007591632194817066,-0.457227498292923
0.12261580381471389,0.0273224043715847,0.08446866485013624,0.010211624307570819,-0.3928605616092682,-0.12503980100154877,-0.2607264220714569
0.16107382550335572,0.061911170928667554,0.10201342281879196,0.03437382288790867,-0.2530738115310669,-0.03727051988244057,-0.14573264122009277
0.07054673721340388,0.007079646017699116,0.052910052910052914,0.0014829204691204627,-0.3095109462738037,0.048404350876808167,-0.13536274433135986
0.14705882352941177,0.011834319526627219,0.07647058823529411,0.005247384686228562,-0.1903633177280426,-0.013575587421655655,-0.10178904980421066
0.10263929618768328,0.026470588235294117,0.06451612903225806,0.00415246518870951,-0.4540322721004486,0.02681407518684864,-0.22384853661060333
0.2712933753943218,0.1523809523809524,0.22082018927444796,0.07566223420893356,0.07489857077598572,-0.04785112291574478,0.01436309702694416
0.14609571788413098,0.035443037974683546,0.12594458438287154,0.016260145411905968,-0.11049138009548187,0.2310509830713272,0.055986061692237854
0.27296587926509186,0.13720316622691292,0.19422572178477693,0.07262113806852412,0.04533647373318672,-0.15638896822929382,-0.05589776858687401
0.24489795918367346,0.03519061583577713,0.1457725947521866,0.01926957054064925,0.0381118580698967,0.22481447458267212,0.131161168217659
0.0912280701754386,0.02120141342756184,0.07719298245614035,0.005619501085418411,-0.10707098245620728,0.13091550767421722,0.010675732977688313
0.1407766990291262,0.07804878048780488,0.09223300970873786,0.03851531089721153,-0.122190922498703,0.20736949145793915,0.03870619833469391
0.15686274509803919,0.033802816901408454,0.11204481792717084,0.007642988381656128,-0.051451731473207474,0.04232984036207199,-0.003371990518644452
0.2769230769230769,0.08762886597938144,0.1794871794871795,0.04776359669647618,-0.009226128458976746,0.18400317430496216,0.08702052384614944
0.08547008547008549,0.028653295128939833,0.06837606837606837,0.005292739931285627,-0.142786905169487,0.2965317368507385,0.06877052038908005
0.29521829521829523,0.10020876826722339,0.1704781704781705,0.07421456099569765,0.06230970472097397,-0.04602343216538429,0.009159255772829056
0.17177914110429449,0.01851851851851852,0.10429447852760736,0.0035699514871274755,-0.08313774317502975,0.0985136479139328,0.007638540118932724
0.18181818181818185,0.027700831024930747,0.12121212121212123,0.007385369355225535,-0.05617215856909752,0.07070066034793854,0.008067632094025612
0.10862619808306709,0.016025641025641024,0.06389776357827476,0.0019845978357464727,-0.314145028591156,-0.024053256958723068,-0.1715996265411377
0.11650485436893203,0.026058631921824105,0.0970873786407767,0.002594981918472892,-0.10332902520895004,-0.018127666786313057,-0.059374649077653885
0.1833810888252149,0.0345821325648415,0.10888252148997138,0.007300324965086269,-0.1158425435423851,0.04628447815775871,-0.034432586282491684
0.2417910447761194,0.06287425149700598,0.13432835820895522,0.00709445597317867,-0.3029605746269226,0.028348177671432495,-0.14116060733795166
0.3835616438356164,0.1650294695481336,0.19569471624266144,0.09149127128080073,0.11203230917453766,-0.005606885068118572,0.054055675864219666
0.14285714285714288,0.0608695652173913,0.1212121212121212,0.026370316624510465,-0.16658960282802582,0.19825471937656403,0.010729413479566574
0.1498371335504886,0.013114754098360656,0.10423452768729641,0.002815572794133654,-0.10486677289009094,0.02559514157474041,-0.038811441510915756
0.14634146341463414,0.027247956403269755,0.11382113821138211,0.003102564372823066,-0.16895689070224762,-0.07601889967918396,-0.1211094781756401
0.23940149625935161,0.08020050125313284,0.14463840399002495,0.01848598314322516,-0.015803029760718346,0.14412498474121094,0.06440826505422592
0.19390581717451524,0.06128133704735376,0.1329639889196676,0.018193808541979477,-0.07213331758975983,0.18251292407512665,0.05348743870854378
0.2904109589041096,0.13774104683195593,0.18082191780821916,0.04722779174531555,0.010549857281148434,0.21351085603237152,0.11144061386585236
0.15254237288135594,0.04421768707482993,0.09830508474576272,0.019124826430027327,-0.7565124034881592,-0.21038994193077087,-0.49774929881095886
0.09876543209876543,0.0125,0.0617283950617284,0.003052700271320045,-0.22143803536891937,0.14056828618049622,-0.0454183928668499
0.11198208286674131,0.04713804713804713,0.09854423292273236,0.01213749331688934,-0.30385908484458923,0.20882612466812134,-0.059225261211395264
0.2182890855457227,0.04154302670623145,0.12979351032448377,0.007334015592643617,-0.07132499665021896,0.09786421060562134,0.013432515785098076
0.1798365122615804,0.03835616438356164,0.12534059945504086,0.005918799389172616,-0.2158505767583847,-0.0010717848781496286,-0.1090405210852623
0.24109589041095889,0.0881542699724518,0.15342465753424658,0.028366873355623032,0.0767122432589531,0.19535842537879944,0.13674890995025635
0.10719754977029097,0.07066052227342551,0.08575803981623278,0.03217426105808119,-0.6637916564941406,-0.3940846621990204,-0.5305668711662292
0.09125475285171102,0.007662835249042145,0.07604562737642584,0.0020943992568699344,-0.0933494120836258,0.3384547829627991,0.11478611081838608
0.09948542024013722,0.013769363166953529,0.06174957118353345,0.0016076400655268108,-0.38673752546310425,-0.050937723368406296,-0.22281694412231445
0.22160664819944595,0.07799442896935933,0.1440443213296399,0.042892835732138736,-0.036678820848464966,0.09500611573457718,0.029871851205825806
0.06228373702422146,0.04181184668989547,0.06228373702422146,0.021808412158092733,-0.0741029903292656,-0.4959608316421509,-0.2925085127353668
0.15977961432506887,0.02770083102493075,0.09366391184573003,0.006713308148805486,-0.09957504272460938,-0.0852695032954216,-0.09065773338079453
0.25963488843813387,0.15885947046843177,0.2028397565922921,0.08373900344873351,-0.10105088353157043,0.18077296018600464,0.03744293749332428
0.09271523178807946,0.009966777408637875,0.059602649006622516,0.003038714806431807,-0.4132881462574005,-0.19030088186264038,-0.30235183238983154
0.24657534246575347,0.03305785123966942,0.12602739726027398,0.009244869933834934,-0.06921134889125824,0.012626544572412968,-0.026960384100675583
0.3155080213903743,0.13440860215053763,0.2085561497326203,0.05185399972922718,0.11589313298463821,-0.0052329981699585915,0.05612838268280029
0.20526315789473687,0.07936507936507936,0.15789473684210525,0.039537493760172765,0.05303864926099777,0.13448387384414673,0.0949062779545784
0.2777777777777778,0.11173184357541899,0.22222222222222224,0.06918233245235476,0.07442277669906616,0.2646501958370209,0.16912078857421875
0.28328611898017,0.13105413105413105,0.18696883852691218,0.08492940476157294,-0.04908161610364914,0.1297694444656372,0.04030248895287514
0.11285266457680251,0.025236593059936908,0.06269592476489028,0.006132528326415069,-0.17706023156642914,0.04884084686636925,-0.06499027460813522
0.2760416666666667,0.16753926701570682,0.19791666666666666,0.07559847330687276,0.07940533012151718,0.3629763722419739,0.21857017278671265
0.336,0.08579088471849866,0.16533333333333333,0.028654798170573238,0.13273900747299194,0.1718718409538269,0.153608500957489
0.22510822510822512,0.0,0.12121212121212122,0.002044699080592798,-0.01592542603611946,0.11964372545480728,0.05248304829001427
0.196078431372549,0.08552631578947369,0.12418300653594772,0.035396457747943956,-0.16860632598400116,-0.0007643983699381351,-0.0843682736158371
0.061465721040189124,0.0,0.04728132387706856,0.0015076466704139315,-0.3308727741241455,0.06608278304338455,-0.1387343853712082
0.14245014245014245,0.07449856733524354,0.12535612535612536,0.03429690090453679,-0.06017942726612091,0.3307400643825531,0.12917110323905945
0.29396325459317585,0.07387862796833773,0.1679790026246719,0.02638815921275863,0.10543100535869598,0.11677997559309006,0.11254353821277618
0.17295597484276728,0.08201892744479496,0.14779874213836477,0.05042328301598414,-0.19666145741939545,0.04720699414610863,-0.07602977007627487
0.19099590723055934,0.08481532147742818,0.13915416098226466,0.03346830153623066,-0.20559857785701752,0.22328637540340424,0.0011777951149269938
0.2175226586102719,0.1276595744680851,0.1268882175226586,0.052925468448969136,-0.012647588737308979,0.2867986559867859,0.1340719312429428
0.13866666666666666,0.026809651474530828,0.10133333333333334,0.003229760981798139,-0.1356266587972641,0.080807626247406,-0.028117695823311806
0.255,0.10552763819095477,0.165,0.06900133643096328,0.029400434345006943,0.24818964302539825,0.13784441351890564
0.17123287671232876,0.020689655172413793,0.10273972602739727,0.003010922723740197,-0.05757442116737366,0.13581176102161407,0.038807909935712814
0.3137254901960784,0.13022113022113022,0.19362745098039214,0.07717778092419661,-0.059891477227211,-0.024142395704984665,-0.040388308465480804
0.23699421965317916,0.0755813953488372,0.15606936416184972,0.04176742671240656,0.07880502194166183,0.2637602388858795,0.17096146941184998
0.27012987012987016,0.05221932114882507,0.14545454545454548,0.00841910401062018,-0.03122931718826294,0.11092796176671982,0.04039890319108963
0.28358208955223885,0.12,0.1940298507462687,0.07726708415712148,0.02079867385327816,-0.14064858853816986,-0.059541694819927216
0.10928961748633881,0.005494505494505494,0.07650273224043716,0.0011576054458959258,-0.16214829683303833,0.06191414222121239,-0.05097045376896858
0.19638242894056845,0.051948051948051945,0.12403100775193798,0.006114568518742445,-0.048097483813762665,0.06235877424478531,0.008130141533911228
0.1761658031088083,0.031249999999999997,0.12435233160621763,0.005738910451144993,-0.03188764303922653,0.1007223054766655,0.035105712711811066
0.12927756653992395,0.034351145038167934,0.07604562737642585,0.0021362976272576843,-0.9866958260536194,-0.08513190597295761,-0.5795122981071472
0.09032258064516129,0.03896103896103897,0.07096774193548389,0.00523860581794981,-0.15188036859035492,0.16143131256103516,0.0014394881436601281
0.1561712846347607,0.035443037974683546,0.11083123425692694,0.003184589054598221,0.016572080552577972,0.22248342633247375,0.1188693717122078
0.21176470588235297,0.03372681281618887,0.13109243697478992,0.005181904641814774,-0.43125542998313904,0.21033936738967896,-0.12993499636650085
0.1536423841059603,0.034528552456839307,0.08741721854304636,0.006725342208567141,-1.0347063541412354,-0.44545817375183105,-0.757896900177002
0.1468682505399568,0.07809110629067244,0.1123110151187905,0.03441335967870098,-0.10245561599731445,0.1834343820810318,0.03795502334833145
0.2173913043478261,0.03825136612021858,0.11413043478260868,0.007869382067149443,0.05458241328597069,0.17629338800907135,0.1161457896232605
0.15211267605633802,0.0226628895184136,0.10140845070422534,0.003485633956639324,-0.11862088739871979,-0.008549517951905727,-0.0624750591814518
0.21763602251407127,0.10922787193973635,0.15384615384615385,0.036443423592287714,-0.973566472530365,0.1754755824804306,-0.46939462423324585
0.09621993127147765,0.041522491349480974,0.08247422680412371,0.01377987767119239,-0.08619695901870728,0.2954210340976715,0.09886274486780167
0.1377151799687011,0.050235478806907374,0.09076682316118936,0.027740289081382145,-0.1292881965637207,-0.12666410207748413,-0.12614379823207855
0.13213213213213212,0.03021148036253776,0.08408408408408409,0.0233975270777037,-0.19925090670585632,0.034338146448135376,-0.08349843323230743
0.1818181818181818,0.030487804878048776,0.12121212121212122,0.006728705400265869,-0.008589026518166065,0.1312207728624344,0.061867620795965195
0.14634146341463417,0.03921568627450981,0.11219512195121953,0.0072636960293796715,-0.16245321929454803,0.09853558242321014,-0.03374321386218071
0.08521303258145364,0.04522613065326633,0.07268170426065163,0.022485353695641714,-0.6776515245437622,-0.19985496997833252,-0.4490758180618286
0.20489977728285075,0.02684563758389262,0.09354120267260578,0.005534809093722303,-0.17085087299346924,-0.2543027102947235,-0.2109771966934204
0.41206030150753764,0.16470588235294115,0.21440536013400335,0.12217803390810701,0.2069237232208252,0.1718134731054306,0.19062481820583344
0.121580547112462,0.039634146341463415,0.08814589665653495,0.01241819204163789,-0.28703513741493225,-0.09513522684574127,-0.19108286499977112
0.08012820512820513,0.019292604501607715,0.04807692307692307,0.003999442753965891,-0.5585010647773743,-0.10504481941461563,-0.34074655175209045
0.2956120092378753,0.04640371229698376,0.15242494226327943,0.013006447921290154,-0.0018009361810982227,0.05619053170084953,0.028607532382011414
0.14075286415711946,0.05911330049261084,0.10474631751227496,0.029707275990068217,-0.3184416890144348,0.04151662811636925,-0.14334632456302643
0.08056042031523643,0.028119507908611598,0.06654991243432574,0.012792995889592408,-0.7993690967559814,-0.1788143813610077,-0.5082745552062988
0.1293800539083558,0.02168021680216802,0.07547169811320756,0.006289955093816261,-0.12288816273212433,0.027136672288179398,-0.04731911048293114
0.0964705882352941,0.07075471698113209,0.08470588235294117,0.033103221239383834,-0.30010050535202026,0.19669480621814728,-0.06259725242853165
0.21568627450980393,0.034482758620689655,0.14215686274509803,0.003765690975962999,-0.014141470193862915,-0.0024541395250707865,-0.006666285451501608
0.3181818181818182,0.21319796954314724,0.25757575757575757,0.12400275704541867,0.1454315334558487,0.3626880943775177,0.2530062794685364
0.328042328042328,0.1702127659574468,0.21693121693121695,0.08970907386530162,-0.005901948548853397,0.23427341878414154,0.11277874559164047
0.4281984334203655,0.14173228346456693,0.2297650130548303,0.09424898973790577,0.0934891402721405,0.20803450047969818,0.15150047838687897
0.054711246200607896,0.0061162079510703364,0.0425531914893617,0.0016662056615576006,-0.30520227551460266,-0.022040918469429016,-0.16591832041740417
0.2663185378590078,0.06299212598425197,0.1566579634464752,0.03496935295633321,0.00835413672029972,0.14448261260986328,0.07699919492006302
0.23214285714285715,0.053811659192825115,0.13392857142857142,0.022828583517144053,-0.14727596938610077,0.05743776261806488,-0.04535553231835365
0.26044226044226043,0.1333333333333333,0.171990171990172,0.0483526699658119,0.04654558748006821,0.2381201684474945,0.14192625880241394
0.21140939597315436,0.06060606060606061,0.12416107382550336,0.02968985944639272,-0.17405158281326294,0.04942590370774269,-0.06313970685005188
0.21818181818181814,0.06392694063926942,0.13636363636363638,0.03259908192072349,-0.021051250398159027,-0.11780329793691635,-0.06817261874675751
0.15160349854227403,0.05278592375366569,0.11661807580174927,0.012010733945659652,-0.07185632735490799,0.14225167036056519,0.0344679020345211
0.12041884816753928,0.015789473684210527,0.09424083769633508,0.0027037695607823272,-0.2648504674434662,0.02918933518230915,-0.12048685550689697
0.31901840490797545,0.16666666666666666,0.2085889570552147,0.07261247092011751,0.11980736255645752,0.3024888038635254,0.21081508696079254
0.23978201634877386,0.07671232876712329,0.1580381471389646,0.02500679205251409,-0.016218330711126328,0.14137230813503265,0.0628635361790657
0.12333333333333332,0.016722408026755852,0.08666666666666667,0.011009773997058176,-0.3010694086551666,0.03417012840509415,-0.13744215667247772
0.1375,0.10062893081761007,0.13125,0.05299411381819064,0.047368407249450684,0.20540454983711243,0.12657783925533295
0.1784776902887139,0.0,0.11548556430446195,0.0013633501860668524,-0.26360562443733215,-0.15599314868450165,-0.2084425538778305
0.04462474645030426,0.004073319755600815,0.02434077079107505,0.0010652803553803263,-0.8610693216323853,0.022328495979309082,-0.4601767361164093
0.07175925925925926,0.01624129930394431,0.05092592592592593,0.002875368507168162,-0.36965498328208923,0.15315911173820496,-0.1205691397190094
0.2756183745583039,0.06405693950177936,0.1696113074204947,0.004946996195474233,-0.06793007254600525,0.15207388997077942,0.0412062332034111
0.2790697674418605,0.04155844155844156,0.12919896640826875,0.011683393737148265,0.024220841005444527,0.10353441536426544,0.06508633494377136
0.1458670988654781,0.042276422764227634,0.10696920583468394,0.005585529553692458,-0.25208401679992676,-0.07774224877357483,-0.16460631787776947
0.2944444444444444,0.11731843575418995,0.19444444444444445,0.06614674128689742,0.08687899261713028,0.20204594731330872,0.14520324766635895
0.08247422680412372,0.010362694300518137,0.061855670103092786,0.0018346871080665414,-0.1968822032213211,-0.06709974259138107,-0.13102415204048157
0.19047619047619044,0.06382978723404255,0.11640211640211641,0.038716080606069805,-0.134757861495018,-0.02126944623887539,-0.07692115008831024
0.2623762376237624,0.08955223880597014,0.18316831683168316,0.042305292932147395,0.052611321210861206,0.05514633655548096,0.0554160550236702
0.3183023872679045,0.08533333333333332,0.16976127320954906,0.026163415956997695,0.04735001176595688,0.13296003639698029,0.09127117693424225
0.1958997722095672,0.05034324942791761,0.1366742596810934,0.01683867553087302,-0.06790318340063095,0.12163200974464417,0.026643244549632072
0.11014492753623185,0.0058309037900874635,0.057971014492753624,0.0028210954497256426,-0.08545868843793869,-0.015091650187969208,-0.04882005229592323
0.17010309278350513,0.04145077720207254,0.11855670103092783,0.006803515003670601,-0.0961075946688652,0.08376157283782959,-0.006172211840748787
0.26804123711340205,0.07253886010362695,0.18041237113402062,0.04308009793009016,0.11903300881385803,0.15118250250816345,0.1364631950855255
0.19220779220779222,0.04177545691906006,0.11948051948051949,0.020754944104294362,0.03095303848385811,0.1291511356830597,0.08106903731822968
0.34063260340632606,0.11735941320293396,0.18491484184914841,0.07244394355646769,0.1448216587305069,0.14640438556671143,0.14700084924697876
0.16091954022988506,0.046128500823723224,0.11822660098522167,0.01962918462541476,-0.49561262130737305,-0.02174272947013378,-0.2686057984828949
0.24,0.08620689655172414,0.1657142857142857,0.03269193350614604,0.02938840724527836,0.24433934688568115,0.13599736988544464
0.17511520737327188,0.06018518518518519,0.11981566820276497,0.013945463072002189,-0.05471542105078697,0.19563469290733337,0.06884998828172684
0.08823529411764706,0.0,0.0588235294117647,0.00103238825835147,-0.2348904013633728,0.08254086971282959,-0.0795949399471283
0.20674157303370785,0.045146726862302484,0.12134831460674157,0.0061158706997400765,-0.06887458264827728,-0.13867445290088654,-0.10223473608493805
0.2835820895522388,0.10999999999999999,0.19402985074626866,0.04152626152809909,0.027389725670218468,0.14188945293426514,0.0854775533080101
0.22443890274314213,0.08020050125313283,0.13466334164588528,0.02685742290168395,-0.0364619717001915,-0.13648100197315216,-0.08522363007068634
0.20121951219512194,0.0764525993883792,0.13109756097560976,0.04222157702666748,-0.22979570925235748,-0.09751048684120178,-0.16267451643943787
0.2362204724409449,0.079155672823219,0.15223097112860895,0.007253602285328386,0.03437060862779617,0.09491486102342606,0.06598089635372162
0.17801047120418848,0.02631578947368421,0.1099476439790576,0.003289870874570218,-0.09872462600469589,0.10031799972057343,0.00042132221278734505
0.18739352640545143,0.08205128205128205,0.10562180579216354,0.01958037977170603,-0.15872257947921753,0.24249538779258728,0.03537905961275101
0.30517711171662126,0.12054794520547947,0.19618528610354227,0.0751669466307189,0.1317308247089386,-0.019975168630480766,0.05625693500041962
0.11801242236024843,0.03125,0.08074534161490682,0.005855399813891192,-0.1363140046596527,0.0633912980556488,-0.03680477291345596
0.10478359908883826,0.004576659038901602,0.08200455580865602,0.004473110737324071,-0.24023696780204773,0.1444447636604309,-0.05374171584844589
0.25671641791044775,0.1081081081081081,0.17313432835820894,0.051050814976126055,0.09035280346870422,0.25681981444358826,0.1735791116952896
0.1272264631043257,0.005115089514066496,0.07124681933842239,0.0022554737149106836,-0.19892475008964539,-0.07764673978090286,-0.13719847798347473
0.2647058823529411,0.12426035502958581,0.18823529411764706,0.053007015108287654,0.060735877603292465,0.2449781745672226,0.15257267653942108
0.26130653266331655,0.13636363636363635,0.20603015075376885,0.07876807364613082,0.06419447809457779,0.11710115522146225,0.09198739379644394
0.35151515151515156,0.10547667342799187,0.18181818181818182,0.0713930479405956,0.10171309858560562,0.15932205319404602,0.13176791369915009
0.23270440251572327,0.056962025316455694,0.14465408805031446,0.00782010535244838,0.030467694625258446,0.2599346935749054,0.14400814473628998
0.23772609819121449,0.046753246753246755,0.14470284237726097,0.004753692602361874,-0.06879958510398865,-0.04753737151622772,-0.05647201091051102
0.19770114942528735,0.06004618937644341,0.16091954022988506,0.03275589014582188,-0.05380628630518913,0.1029585525393486,0.024927936494350433
0.1589825119236884,0.0733652312599681,0.1081081081081081,0.03474982548881586,-0.8130365610122681,-0.07427503913640976,-0.4716206192970276
0.06027397260273972,0.01652892561983471,0.0547945205479452,0.0030183096923228096,-0.168562114238739,0.09216394275426865,-0.039970871061086655
0.18809980806142032,0.04238921001926783,0.12667946257197696,0.016935105667580545,-0.08879701793193817,0.12393087148666382,0.016887499019503593
0.10365853658536585,0.03067484662576687,0.07926829268292682,0.0028213208914129,-0.14591935276985168,0.1470814198255539,-0.0021299198269844055
0.12195121951219513,0.0163265306122449,0.08536585365853659,0.003910077766809176,-0.26353806257247925,0.06392400711774826,-0.10354743897914886
0.10071942446043167,0.03855421686746988,0.07673860911270983,0.006376026825884331,-0.2098071277141571,0.3668464720249176,0.0634748563170433
0.14506172839506173,0.04643962848297214,0.09567901234567901,0.017965058844568105,-0.2044396847486496,-0.2602802813053131,-0.2305247038602829
0.04666666666666666,0.0,0.04,0.0009049061043870824,-0.3327600359916687,-0.24849914014339447,-0.288911908864975
0.15611814345991562,0.012711864406779662,0.10126582278481013,0.004797013997507859,-0.10619014501571655,0.04894766956567764,-0.028170671314001083
0.25903614457831325,0.10303030303030303,0.1927710843373494,0.06194133304038783,-0.04786967113614082,0.1235039234161377,0.037910524755716324
0.24230769230769228,0.07722007722007723,0.15384615384615385,0.02728210281549698,-0.3060845136642456,0.12330123782157898,-0.09910890460014343
0.21925925925925924,0.07726597325408618,0.14222222222222222,0.029998609061240834,-0.26902154088020325,0.048482876271009445,-0.11367294937372208
0.18387096774193548,0.07766990291262137,0.12258064516129033,0.03286667688662942,-0.3324975371360779,0.2323431372642517,-0.06465936452150345
0.1627906976744186,0.03508771929824561,0.11046511627906977,0.014965454467567271,-0.01975051499903202,0.0972253829240799,0.03961523622274399
0.08067226890756302,0.013490725126475549,0.05378151260504201,0.0019046522750182644,-0.3541625440120697,0.09956315159797668,-0.1361449956893921
0.05185185185185186,0.011152416356877323,0.04074074074074074,0.00226741010819393,-0.4707348644733429,0.10140853375196457,-0.1999242752790451
0.3782608695652175,0.1091703056768559,0.18260869565217394,0.059762875816936976,0.12373680621385574,-0.02014460228383541,0.05229692906141281
0.3016759776536313,0.13483146067415727,0.2122905027932961,0.07529082863216523,0.10400468856096268,0.23182529211044312,0.1684706211090088
0.18803418803418803,0.06876790830945557,0.12535612535612536,0.039505583968142896,0.048369165509939194,0.260876327753067,0.15378649532794952
0.2847222222222222,0.08013937282229966,0.15625000000000003,0.03068384851892154,-0.183669313788414,0.11944705992937088,-0.035103946924209595
0.14987080103359174,0.005194805194805195,0.08785529715762275,0.002540578142946806,-0.07454375922679901,0.08685418963432312,0.006457919720560312
0.19708029197080293,0.0695970695970696,0.13138686131386862,0.03175713765145956,-0.84469074010849,-0.24761801958084106,-0.5638996958732605
0.10365853658536585,0.0,0.07317073170731708,0.00208435113972904,-0.1535727083683014,-0.5135989189147949,-0.33846017718315125
0.22270742358078605,0.04824561403508772,0.11353711790393015,0.006667705791165233,-0.04272191599011421,0.07253577560186386,0.015840020030736923
0.2655367231638418,0.09659090909090909,0.1751412429378531,0.04510368884482572,0.03907936066389084,0.14372174441814423,0.09233525395393372
0.16842105263157894,0.0529100529100529,0.13157894736842105,0.036343286928021315,-0.11467340588569641,0.06840711086988449,-0.023169543594121933
0.13256484149855907,0.04046242774566474,0.09798270893371758,0.018398730715370994,-0.06680727005004883,0.17949813604354858,0.05485064536333084
0.33787465940054495,0.14246575342465753,0.22343324250681196,0.01570455147357993,0.01926977001130581,0.24029096961021423,0.12879180908203125
0.2537313432835821,0.125,0.18407960199004972,0.06066080325449997,-0.03637424111366272,0.24405354261398315,0.10140692442655563
0.14953271028037382,0.037617554858934164,0.11214953271028036,0.007218195711226031,-0.013718740083277225,0.1588006615638733,0.07256842404603958
0.10272873194221509,0.04508856682769726,0.09630818619582665,0.01955242474426993,-0.19731448590755463,0.17749075591564178,-0.015381262637674809
0.16260162601626016,0.021798365122615803,0.0975609756097561,0.003917018458279366,-0.04831751808524132,-0.22158142924308777,-0.13467125594615936
0.1044776119402985,0.035,0.0845771144278607,0.015990712256369867,-0.11038243025541306,0.005598749034106731,-0.05136634781956673
0.26347305389221554,0.09036144578313252,0.1437125748502994,0.03520663709020857,0.08452372997999191,-0.1771204024553299,-0.048099953681230545
0.21367521367521367,0.07296137339055793,0.1282051282051282,0.02113107493612822,-0.04928360506892204,0.26180484890937805,0.10292869806289673
0.19292604501607716,0.05825242718446603,0.1414790996784566,0.03446181935826215,0.012730011716485023,0.1253899782896042,0.06994196027517319
0.2326283987915408,0.08484848484848485,0.1691842900302115,0.04071291767007963,-0.1940741389989853,0.027934320271015167,-0.08384029567241669
0.17857142857142858,0.050359712230215826,0.10714285714285715,0.021973965531574026,0.035898804664611816,0.19918714463710785,0.11766332387924194
0.23893805309734512,0.08,0.12831858407079647,0.03319022700529169,-0.02914361283183098,0.16920864582061768,0.06958597153425217
0.23501199040767384,0.0963855421686747,0.15347721822541963,0.05433408421181613,-0.006424081977456808,0.1529705822467804,0.07351666688919067
0.2677165354330709,0.12648221343873517,0.16929133858267714,0.06159950414593556,-0.1346641182899475,0.27251845598220825,0.06217910721898079
0.2315369261477046,0.06412825651302605,0.1317365269461078,0.015297911390581669,-0.814663827419281,0.0513540580868721,-0.42049935460090637
0.16230366492146597,0.031578947368421054,0.11518324607329843,0.0034588173195158863,-0.1518283635377884,0.06002207100391388,-0.046489886939525604
0.25,0.029239766081871347,0.14534883720930233,0.008615339233713642,0.045800238847732544,0.1573963761329651,0.10244380682706833
0.1542857142857143,0.10344827586206895,0.1257142857142857,0.05167729477248321,0.023734789341688156,0.25982505083084106,0.1404394507408142
0.14285714285714288,0.023952095808383235,0.09523809523809525,0.0058010778900943714,-0.15696798264980316,0.042379360646009445,-0.057605307549238205
0.33403805496828753,0.16560509554140126,0.21141649048625794,0.09508722513617535,-0.09249900281429291,0.1422838568687439,0.02370811626315117
0.1651376146788991,0.061538461538461535,0.12232415902140673,0.027807823179693558,-0.0473475381731987,0.05160802975296974,0.0032589787151664495
0.06907894736842105,0.0033003300330033004,0.039473684210526314,0.0011788137842698501,-0.9708011746406555,-0.20746712386608124,-0.6199959516525269
0.11855670103092783,0.056994818652849756,0.08762886597938144,0.014237368880054753,-0.13641339540481567,0.12927351891994476,-0.005506148096174002
0.10670731707317073,0.03669724770642202,0.06707317073170732,0.021230820097596016,-0.75237637758255,-0.2076616734266281,-0.49422332644462585
0.1550695825049702,0.06786427145708585,0.12326043737574553,0.036971493224400034,-0.11036933958530426,0.04334821179509163,-0.03303088620305061
0.08707865168539326,0.011267605633802816,0.06741573033707865,0.0012332969243269156,-0.2681668698787689,-0.356568306684494,-0.3106599748134613
0.07430340557275542,0.03115264797507788,0.061919504643962855,0.005480054276572547,-0.2014193832874298,0.1557023972272873,-0.02766847424209118
0.12643678160919541,0.038461538461538464,0.0996168582375479,0.006539518330359579,-0.09965498745441437,0.07144241780042648,-0.013939302414655685
0.05206738131699847,0.006144393241167435,0.0336906584992343,0.0009727144571107274,-0.4214180111885071,-0.009856883436441422,-0.2226099967956543
0.15087040618955513,0.04271844660194175,0.10058027079303675,0.01557217765116624,-0.45326143503189087,-0.013773319311439991,-0.24175631999969482
0.2312925170068027,0.0273037542662116,0.14625850340136054,0.020018690787731573,-0.4126974046230316,-0.06283276528120041,-0.24224932491779327
0.06802721088435373,0.010238907849829353,0.03741496598639456,0.0023646006226571863,-1.008719563484192,-0.07144241780042648,-0.5874443054199219
0.1530054644808743,0.016483516483516484,0.10382513661202186,0.005128244145333785,-0.09420513361692429,0.13507671654224396,0.01938506029546261
0.33100233100233095,0.10304449648711946,0.1864801864801865,0.058208239381360584,-0.08552412688732147,0.1249304935336113,0.01906968653202057
0.25,0.026178010471204192,0.13020833333333334,0.007572817318342529,-0.02871345356106758,0.12159805744886398,0.04686317965388298
0.14285714285714285,0.011049723756906077,0.0879120879120879,0.002481147951562523,-0.17435935139656067,0.024809518828988075,-0.07506068795919418
0.23287671232876714,0.07560137457044674,0.1506849315068493,0.07706296924288167,-0.5696313977241516,0.10555806756019592,-0.25421270728111267
0.3855421686746988,0.2121212121212121,0.23493975903614459,0.13335038272391314,0.15064896643161774,0.28564268350601196,0.21853627264499664
0.3591836734693878,0.12704918032786888,0.23265306122448978,0.08342775405542902,0.1899692416191101,-0.060568928718566895,0.06308002769947052
0.1499330655957162,0.034899328859060406,0.09370816599732262,0.0037662944980414513,-0.11633779108524323,0.08852306008338928,-0.014383580535650253
0.19101123595505617,0.04519774011299435,0.12359550561797751,0.009155378191751109,-0.0840967521071434,0.03637100011110306,-0.02293398417532444
0.0843585237258348,0.010582010582010583,0.06678383128295255,0.0015392154977420262,-0.38013479113578796,-0.03659915179014206,-0.21262681484222412
0.0726072607260726,0.0,0.052805280528052806,0.0017584879541394183,-0.24263574182987213,-0.035589978098869324,-0.13948802649974823
0.13917525773195877,0.02590673575129534,0.10309278350515465,0.0028500529527571115,-0.16143512725830078,0.037118420004844666,-0.06244715675711632
0.22085889570552145,0.10493827160493827,0.15950920245398773,0.04543765929001912,0.06219226121902466,0.33061978220939636,0.19421260058879852
0.20512820512820515,0.07216494845360825,0.13333333333333333,0.020916768646576777,-0.026041587814688683,0.19716843962669373,0.08457734435796738
0.16267942583732056,0.024038461538461536,0.10047846889952154,0.0059351962539007175,-0.133738711476326,0.010675047524273396,-0.06087170168757439
0.10101010101010101,0.04391891891891892,0.07744107744107745,0.017760480495189915,-0.293558269739151,0.11538206040859222,-0.0959223210811615
0.19791666666666666,0.06806282722513089,0.13020833333333334,0.023312254402298362,-0.04328225180506706,0.17833755910396576,0.06659716367721558
0.13029315960912052,0.05228758169934641,0.10423452768729642,0.02856729074374545,-0.21523752808570862,0.20875856280326843,-0.010697982273995876
0.1843575418994413,0.016853932584269666,0.11731843575418996,0.002880621543946254,-0.07865715771913528,0.04595798999071121,-0.015483327209949493
0.3544857768052517,0.1010989010989011,0.1838074398249453,0.06820017027301678,-0.006228459067642689,0.1454012244939804,0.06995502859354019
0.20728291316526612,0.06197183098591548,0.14565826330532214,0.04570912317472231,-0.046208109706640244,-0.2464355230331421,-0.146554097533226
0.2094763092269327,0.02506265664160401,0.11471321695760599,0.003495628311771239,-0.05321411043405533,0.01778455264866352,-0.01631537638604641
0.12218649517684889,0.07766990291262137,0.10289389067524116,0.014348803425580928,-0.06604105234146118,0.1963382512331009,0.06323682516813278
0.2875,0.10460251046025104,0.16666666666666666,0.05930101937927221,0.0337182953953743,0.23906248807907104,0.13572296500205994
0.2354609929078014,0.16216216216216217,0.18439716312056736,0.07555577982814121,-0.07215312868356705,0.1579563170671463,0.04180695861577988
0.22589531680440772,0.06094182825484765,0.1377410468319559,0.009272336458343777,0.015629692003130913,0.16408565640449524,0.09024523943662643
0.1769436997319035,0.09703504043126684,0.15013404825737264,0.055353149682719746,-0.010484767146408558,0.12015450745820999,0.05552024021744728
0.31007751937984496,0.14025974025974028,0.21705426356589147,0.1008418631217907,0.14579518139362335,0.2556942403316498,0.20145876705646515
0.11258278145695365,0.02,0.0728476821192053,0.002891191309867764,-0.12966705858707428,0.09898622334003448,-0.016337625682353973
0.1148886283704572,0.05170387779083432,0.08675263774912075,0.029085008598240206,-0.24087654054164886,0.18344746530056,-0.036192744970321655
0.13648293963254593,0.04221635883905013,0.09973753280839896,0.006218100913364362,-0.11978259682655334,0.014410730451345444,-0.05189291387796402
0.09341825902335457,0.03404255319148936,0.07006369426751592,0.012190666249490653,-0.6144199371337891,-0.030722375959157944,-0.33884406089782715
0.12903225806451613,0.02159827213822894,0.08172043010752687,0.0036580147130816734,-0.1490624099969864,0.030645618215203285,-0.05913661792874336
0.09454545454545454,0.040145985401459854,0.07636363636363637,0.013635268196988985,-0.3272903561592102,0.21131104230880737,-0.07110422104597092
0.19647355163727961,0.0,0.10075566750629723,0.002175853486912701,-0.1868569552898407,-0.0014913019258528948,-0.09416357427835464
0.08099688473520249,0.006269592476489028,0.06853582554517135,0.00183909938313514,-0.15239790081977844,0.0682695060968399,-0.04284984618425369
0.19889502762430938,0.05,0.14364640883977903,0.008548074592907694,-0.0065139345824718475,0.1663091629743576,0.07991030812263489
0.31840796019900497,0.095,0.15422885572139303,0.06478994738914734,0.07221149653196335,0.031453877687454224,0.053288962692022324
0.29328621908127206,0.14893617021276595,0.19081272084805653,0.07418794561156168,-0.14967651665210724,0.19390462338924408,0.01776687242090702
0.11351351351351352,0.010869565217391304,0.07027027027027027,0.0025117654419575808,-0.22422346472740173,-0.0780259370803833,-0.15036612749099731
0.3409090909090909,0.10045662100456622,0.20454545454545453,0.09454765431433344,0.12087639421224594,-0.05780528113245964,0.03149992972612381
0.11501597444089458,0.012861736334405146,0.08306709265175719,0.0027151305258856927,-0.17635272443294525,0.08326529711484909,-0.048278652131557465
0.0781758957654723,0.0130718954248366,0.05537459283387622,0.0030651041395289877,-0.47706910967826843,-0.02857385389506817,-0.2614973783493042
0.21973094170403587,0.07657657657657659,0.13452914798206278,0.038580018329290484,-0.061247751116752625,0.09295204281806946,0.016255691647529602
0.15384615384615383,0.046831955922865015,0.11538461538461538,0.027263961004327073,-0.1713096797466278,-0.12271511554718018,-0.14527034759521484
0.051194539249146756,0.003424657534246575,0.04436860068259386,0.002757966085037631,-0.47951987385749817,-0.1371636986732483,-0.3125303387641907
0.15977961432506887,0.0332409972299169,0.11019283746556474,0.006856135588314923,0.01011863723397255,0.07403486222028732,0.04342973977327347
0.05569620253164557,0.030456852791878174,0.035443037974683546,0.019268915583185685,-0.7686237096786499,-0.7114203572273254,-0.7373880743980408
0.0973630831643002,0.024439918533604884,0.05679513184584179,0.0016858775496749103,-0.18417306244373322,0.27663296461105347,0.03715016692876816
0.18715596330275228,0.06629834254143646,0.12844036697247704,0.008659455225966938,-0.1474079191684723,0.14892856776714325,-0.0020497520454227924
0.20218579234972678,0.03846153846153846,0.13661202185792348,0.006108794398322263,-0.029894975945353508,0.13344816863536835,0.05198579281568527
0.11180124223602483,0.0125,0.07453416149068323,0.0058541393179039536,-0.10934629291296005,0.02406775951385498,-0.04185039922595024
0.17534246575342466,0.03305785123966943,0.10958904109589042,0.01057334846272914,-0.1672642081975937,0.13297595083713531,-0.020059600472450256
0.2564102564102564,0.08430913348946137,0.18181818181818182,0.04725844763504228,0.03212606906890869,0.14909693598747253,0.09141173958778381
0.2,0.08762886597938145,0.1692307692307692,0.047952190194027265,0.00022675312357023358,0.15450574457645416,0.07768326997756958
0.08391608391608392,0.02112676056338028,0.06993006993006994,0.0025355216252649815,-0.2049434334039688,0.23545697331428528,0.007087960839271545
0.29891304347826086,0.09289617486338797,0.17391304347826086,0.06945423034905299,0.08878463506698608,0.13952021300792694,0.11546524614095688
0.4334203655352481,0.2992125984251969,0.34464751958224543,0.1543249899910531,0.16139763593673706,0.3910309672355652,0.27486950159072876
0.18618618618618615,0.03625377643504532,0.12612612612612611,0.013825621872427153,-0.12096022814512253,-0.007379397749900818,-0.06309909373521805
0.12217194570135745,0.022727272727272728,0.08144796380090498,0.002362525999741237,-0.23577018082141876,0.013632536865770817,-0.11247608065605164
0.30097087378640774,0.16585365853658535,0.22815533980582525,0.12800465887076093,-0.023547302931547165,0.033991143107414246,0.0066719357855618
0.054607508532423216,0.00684931506849315,0.027303754266211608,0.0011483646921850096,-0.3647361099720001,-0.5712259411811829,-0.46798446774482727
0.1442786069651741,0.065,0.11940298507462686,0.027532608595954956,-0.10957127809524536,0.1371697038412094,0.012336653657257557
0.3188405797101449,0.12244897959183673,0.1681159420289855,0.047212112982266886,0.13211995363235474,-0.004148832987993956,0.06457601487636566
0.1843971631205674,0.13167259786476868,0.14184397163120566,0.06371508034218354,-0.22008070349693298,0.22556154429912567,-0.0056678964756429195
0.18285714285714288,0.04022988505747126,0.1142857142857143,0.006386913245676779,-0.007383803371340036,0.1968575119972229,0.094142384827137
0.20588235294117646,0.1231527093596059,0.15196078431372548,0.043405884543288434,-0.19028796255588531,0.28227168321609497,0.03636261448264122
0.22222222222222224,0.055865921787709494,0.15000000000000002,0.02354723938701202,0.054270051419734955,0.19095315039157867,0.12311790883541107
0.14871794871794874,0.010309278350515465,0.08205128205128205,0.005407784507734016,-0.10068298131227493,-0.025822939351201057,-0.06181040778756142
0.28124999999999994,0.08968609865470852,0.18750000000000003,0.05110163931349462,0.10434145480394363,-0.07962759584188461,0.012249423190951347
0.19883040935672514,0.058823529411764705,0.12280701754385966,0.03172061603536386,-0.06493593752384186,0.1331842988729477,0.033726613968610764
0.15831134564643798,0.058355437665782495,0.11609498680738786,0.032777546944153135,-0.06545878201723099,0.07567013055086136,0.005719458218663931
0.095952023988006,0.018045112781954885,0.047976011994003,0.007766909623170568,-0.7044380903244019,-0.1370667815208435,-0.436227411031723
0.1398176291793313,0.024464831804281346,0.0851063829787234,0.0036093988399736256,-0.12563572824001312,0.0003593839646782726,-0.061721764504909515
0.3974082073434126,0.13882863340563992,0.2289416846652268,0.054181289878499524,0.13243761658668518,0.19340233504772186,0.16409917175769806
0.09538461538461539,0.03703703703703704,0.07384615384615385,0.0033763946386699767,-0.25027069449424744,0.1198602095246315,-0.07048724591732025
0.3014354066985646,0.08653846153846155,0.16746411483253587,0.038328963344443245,-0.0014829158317297697,-0.08313088864088058,-0.04095548763871193
0.16129032258064516,0.021621621621621623,0.11827956989247312,0.0030771215109287316,-0.2586771845817566,0.010024548508226871,-0.12623880803585052
0.13569321533923304,0.05621301775147928,0.08849557522123892,0.023361022807712233,-0.7760592103004456,-0.1217561736702919,-0.47035524249076843
0.27654320987654324,0.06947890818858561,0.14320987654320988,0.02867736681706448,0.0708085224032402,0.2061130702495575,0.13896287977695465
0.1216931216931217,0.0,0.07407407407407407,0.0012323261047796445,-0.13337115943431854,-0.05230168625712395,-0.09139761328697205
0.2134146341463415,0.11042944785276074,0.15853658536585366,0.062354536622158466,-0.012748407199978828,0.1662684977054596,0.07666828483343124
0.1212121212121212,0.008683068017366135,0.09812409812409813,0.0018355463672514749,-0.20352701842784882,0.0042570726945996284,-0.10007162392139435
0.1216848673946958,0.03442879499217528,0.09048361934477378,0.002296747134778123,-0.19135098159313202,0.1611228585243225,-0.019759058952331543
0.1265822784810127,0.025408348457350273,0.09041591320072333,0.006913055881232647,-0.1676052212715149,0.20508337020874023,0.01334351859986782
0.2433234421364985,0.07164179104477611,0.15430267062314543,0.004861050727163302,0.02916342206299305,-0.15860716998577118,-0.06480380892753601
0.23927765237020315,0.045351473922902494,0.11738148984198644,0.0039410127100764445,-0.029526369646191597,0.06850084662437439,0.020598525181412697
0.24858757062146894,0.0625,0.13559322033898305,0.028606946180379064,0.040735967457294464,0.14134684205055237,0.092017762362957
0.020100502512562814,0.0,0.020100502512562814,0.0006376098083223457,-0.4987843334674835,-0.15046337246894836,-0.32903075218200684
0.2047244094488189,0.05687203791469195,0.10708661417322833,0.024932837875141924,-0.4935113489627838,0.03027385286986828,-0.24416382610797882
0.3023758099352052,0.06941431670281996,0.18142548596112312,0.029437502995892526,0.03544918820261955,0.05473672226071358,0.04662621021270752
0.3002544529262086,0.21994884910485935,0.22900763358778628,0.10817695720448516,0.13675548136234283,0.40309932827949524,0.2677175998687744
0.2469135802469136,0.10918114143920596,0.18271604938271604,0.06452748342075094,-0.01131253968924284,-0.06406514346599579,-0.0361461266875267
0.4291497975708502,0.20325203252032523,0.2550607287449393,0.11845581882962576,0.08025433123111725,0.22578084468841553,0.15335845947265625
0.1241914618369987,0.03631647211413749,0.07503234152652005,0.013862378470740717,-0.21526654064655304,0.12799586355686188,-0.04794421046972275
0.3656884875846501,0.12698412698412698,0.1941309255079007,0.06283287694547243,0.1151428297162056,-0.03157060593366623,0.042259715497493744
0.18487394957983194,0.11392405063291142,0.14705882352941174,0.03204351772176372,-0.3120932877063751,0.34398210048675537,-0.004141530487686396
0.1626984126984127,0.0199203187250996,0.10317460317460318,0.003029427670967744,-0.1865690052509308,-0.040582794696092606,-0.11286632716655731
0.3034188034188034,0.12875536480686695,0.1581196581196581,0.057708223344029586,-0.059442922472953796,0.25720182061195374,0.09537950903177261
0.28,0.04522613065326633,0.145,0.00910090826195841,-0.021631399169564247,-0.005603701341897249,-0.011983491480350494
0.09323308270676692,0.015082956259426848,0.06917293233082707,0.00290774175521529,-0.44981345534324646,-0.06130538508296013,-0.26156023144721985
0.3255813953488372,0.16355140186915887,0.19069767441860463,0.06764054021352643,-0.02634899504482746,0.2528952360153198,0.11086460202932358
0.3755274261603375,0.13983050847457626,0.20675105485232068,0.08276067620242193,0.020599866285920143,0.08862917870283127,0.055920373648405075
0.16853932584269662,0.022598870056497175,0.12921348314606743,0.006984369935484538,-0.04858282953500748,0.1421908289194107,0.04653368145227432
0.22071307300509338,0.04429301533219762,0.13582342954159593,0.016829290555368408,-0.5097332000732422,0.03961854428052902,-0.24906393885612488
0.1472,0.060995184590690206,0.09599999999999999,0.029105073173595,-0.4095483124256134,-0.040627364069223404,-0.23030045628547668
0.2824858757062147,0.08522727272727272,0.1581920903954802,0.04924896487913736,0.05304643511772156,0.10864077508449554,0.08218467235565186
0.23121387283237,0.040697674418604654,0.115606936416185,0.015880713118910636,-0.048808518797159195,0.2216780036687851,0.08428846299648285
0.05432937181663836,0.006814310051107326,0.04074702886247878,0.0009302297889661849,-0.37277257442474365,-0.004594879690557718,-0.19387179613113403
0.23628691983122363,0.06779661016949153,0.1308016877637131,0.02233747423585746,-0.07183404266834259,0.08959272503852844,0.009177973493933678
0.19850187265917602,0.06015037593984962,0.11985018726591759,0.026207016458307173,-0.03898703306913376,0.2175970822572708,0.08751989156007767
0.32752613240418116,0.12237762237762238,0.2229965156794425,0.07896334765221719,0.025887707248330116,0.08941444754600525,0.058981578797101974
0.18276762402088775,0.08398950131233596,0.15143603133159267,0.042662376961141106,-0.0019749808125197887,-0.29739660024642944,-0.15237808227539062
0.1778975741239892,0.037940379403794036,0.11320754716981131,0.007251254178725924,-0.10706602782011032,0.15373356640338898,0.021502971649169922
0.10330578512396695,0.04979253112033195,0.07851239669421489,0.022530964728679045,-0.5514706373214722,0.16784998774528503,-0.21708442270755768
0.03947368421052632,0.0,0.03289473684210527,0.0008550458069905962,-0.20545494556427002,0.0782586857676506,-0.06598760932683945
0.21978021978021975,0.07182320441988951,0.13736263736263735,0.03287970139224081,-0.043882209807634354,-0.044001542031764984,-0.042245589196681976
0.15547703180212016,0.021352313167259787,0.11307420494699646,0.0062598830911598236,0.08341790735721588,0.3118540048599243,0.19640713930130005
0.11783960720130933,0.016420361247947456,0.058919803600654665,0.00866332736052859,-0.8213493227958679,-0.1351301372051239,-0.5021917223930359
0.3112391930835735,0.09855072463768116,0.15561959654178675,0.042747117503837924,0.06743481755256653,0.19363898038864136,0.13116753101348877
0.3684210526315789,0.11176470588235296,0.2046783625730994,0.04031156566207317,0.14212043583393097,0.26147374510765076,0.20240454375743866
0.3007159904534606,0.05755395683453237,0.15274463007159905,0.010170182255764708,-0.07996460795402527,0.0608062781393528,-0.008939942345023155
0.15294117647058825,0.07100591715976332,0.12941176470588234,0.016315188173108217,-0.08197072148323059,0.16354021430015564,0.039324939250946045
0.17333333333333334,0.046979865771812075,0.12666666666666665,0.003295753989769592,-0.025555536150932312,0.31045645475387573,0.1383010447025299
0.14814814814814817,0.022922636103151865,0.08547008547008549,0.00790970541178407,-0.08794023841619492,0.11246029287576675,0.011843286454677582
0.06397306397306397,0.010135135135135134,0.05723905723905724,0.0013655749589662858,-0.30217912793159485,0.10862910747528076,-0.10368940979242325
0.16867469879518074,0.09090909090909091,0.1506024096385542,0.03237481633670367,0.043467264622449875,0.19204403460025787,0.11810195446014404
0.24329896907216494,0.062111801242236024,0.1443298969072165,0.010808971990193537,-0.04301128163933754,0.1637878268957138,0.059782903641462326
0.08205128205128205,0.020618556701030927,0.07179487179487179,0.004529522785654671,-0.19458989799022675,-0.4208778738975525,-0.3083775043487549
0.17891373801916932,0.05787781350482315,0.1086261980830671,0.004758064180461044,-0.0788375660777092,0.10488705337047577,0.012929965741932392
0.26634382566585957,0.043795620437956206,0.13559322033898305,0.008372199807675512,-0.10541826486587524,0.09086648374795914,-0.007586271967738867
0.19076923076923075,0.024767801857585137,0.10461538461538462,0.003677122668432659,-0.0642765462398529,0.1800803691148758,0.056453295052051544
0.10132158590308371,0.01327433628318584,0.07929515418502202,0.003370685683778175,-0.9343590140342712,0.04186929017305374,-0.49686285853385925
0.24277456647398843,0.17441860465116277,0.21965317919075142,0.1061288783504067,0.03977872431278229,0.23372867703437805,0.13630956411361694
0.2744063324538259,0.10610079575596816,0.158311345646438,0.06416360287539002,-0.0006434694514609873,0.1364229917526245,0.06847033649682999
0.2398081534772182,0.11084337349397591,0.1342925659472422,0.042432850416949316,-0.12882442772388458,0.19365383684635162,0.028768926858901978
0.2081218274111675,0.03571428571428571,0.1015228426395939,0.0038408547393125186,-0.11459486931562424,-0.026708312332630157,-0.06930626928806305
0.22838499184339314,0.11783960720130932,0.14681892332789562,0.053876984035729436,-0.4725114107131958,-0.00410744734108448,-0.2479451298713684
0.24285714285714285,0.07655502392344499,0.1619047619047619,0.026278119094007752,0.02688492462038994,0.1443174183368683,0.08640354871749878
0.15183246073298431,0.031578947368421054,0.10994764397905758,0.0036679693184469625,-0.11948262155056,-0.01534668542444706,-0.06623376160860062
0.27137970353477764,0.10971428571428572,0.1619156214367161,0.05882889433582801,-0.19867748022079468,0.08666741847991943,-0.05844759941101074
0.4184100418410041,0.23949579831932774,0.23849372384937245,0.1294759964841073,0.13989853858947754,0.28175559639930725,0.2111361175775528
0.18888888888888888,0.05027932960893856,0.12777777777777777,0.010807743177012705,-0.026781275868415833,0.12668390572071075,0.050319574773311615
0.34782608695652173,0.1399416909620991,0.22608695652173913,0.10139372371178267,0.19372887909412384,0.2079651653766632,0.20213578641414642
0.1694915254237288,0.022727272727272724,0.10169491525423728,0.003740393233750119,-0.10084747523069382,-0.10138235241174698,-0.0993257462978363
0.15204678362573099,0.029411764705882356,0.0935672514619883,0.005764186624983907,-0.07651202380657196,0.07901636511087418,0.0016552701126784086
0.2056303549571603,0.04171779141104295,0.10526315789473684,0.013166909728377451,-0.3522799015045166,-0.1278497874736786,-0.2407219111919403
0.23076923076923075,0.08333333333333333,0.136094674556213,0.012017767396498269,0.04577689245343208,0.2776697278022766,0.16045667231082916
0.09876543209876544,0.03105590062111801,0.08024691358024692,0.005263859554441808,-0.09346190094947815,0.12720777094364166,0.01602119207382202
0.16371681415929207,0.017777777777777778,0.10619469026548672,0.0047003687525536755,-0.09936632961034775,0.04277518019080162,-0.027649402618408203
0.09722222222222221,0.00930232558139535,0.06018518518518519,0.0018856873754873726,-0.8886553645133972,0.11504106968641281,-0.4398130774497986
0.24930747922437677,0.08356545961002786,0.13850415512465375,0.029103721460961806,-0.037549395114183426,0.057302284985780716,0.011033132672309875
0.428169014084507,0.2832861189801699,0.3323943661971831,0.15363152046630063,0.2141416072845459,0.39446988701820374,0.3038909137248993
0.27586206896551724,0.15972222222222224,0.24137931034482757,0.048216111130901206,0.05594788119196892,0.4964790344238281,0.2681039571762085
0.29024943310657597,0.13211845102505693,0.18594104308390022,0.05018413278937257,-0.01002807728946209,0.27228641510009766,0.12862053513526917
0.19895287958115185,0.05789473684210526,0.14136125654450263,0.02389697092023481,-0.02849802002310753,0.1308964043855667,0.05147264897823334
0.20058997050147492,0.13649851632047477,0.14749262536873156,0.06472966993236977,0.04562477767467499,0.4605264961719513,0.24601615965366364
0.06163328197226502,0.04945904173106645,0.058551617873651776,0.019669886044338555,-0.22297365963459015,0.41910678148269653,0.0791015699505806
0.2068965517241379,0.058666666666666666,0.1220159151193634,0.0386145088624394,-0.051819633692502975,0.12047073990106583,0.03440751135349274
0.24376731301939059,0.11142061281337047,0.1772853185595568,0.04519791299109407,0.021634936332702637,0.24092307686805725,0.1303263008594513
0.106430155210643,0.044543429844097995,0.08425720620842572,0.018716525096966176,-0.9024197459220886,0.14334255456924438,-0.43719086050987244
0.1863013698630137,0.0440771349862259,0.12602739726027398,0.010489027906949598,-0.09317182749509811,0.009008652530610561,-0.04091840609908104
0.10326086956521739,0.0,0.07608695652173914,0.002022011133690335,-0.21050012111663818,-0.09648433327674866,-0.15229368209838867
0.2157894736842105,0.06349206349206349,0.15263157894736842,0.03045091654371649,0.06602194905281067,0.12696970999240875,0.09778065979480743
0.2050359712230216,0.1588447653429603,0.19424460431654675,0.08581473005486742,-0.16782525181770325,-0.10375513881444931,-0.13415668904781342
0.260536398467433,0.09266409266409266,0.19157088122605365,0.05041467420827027,0.03981763496994972,0.3724307119846344,0.2020503133535385
0.20481927710843373,0.04833836858006042,0.12951807228915663,0.011660419051472115,-0.04401309788227081,0.199539452791214,0.07631371170282364
0.25806451612903225,0.05668016194331983,0.14919354838709675,0.01838611645469844,0.01522783376276493,0.1440408080816269,0.08030655980110168
0.1370716510903427,0.018808777429467082,0.08099688473520249,0.005415152747255141,-0.06043589487671852,0.09649176150560379,0.018386317417025566
0.2884615384615385,0.138996138996139,0.20384615384615384,0.0648833490010365,0.05575013533234596,0.2983371317386627,0.17551301419734955
0.1467065868263473,0.07207207207207209,0.11077844311377245,0.0327307211745892,-0.2981693744659424,0.07204587012529373,-0.1183389201760292
0.19937694704049844,0.06896551724137931,0.11214953271028037,0.034678083993701994,-0.02754042111337185,0.1465044915676117,0.059500373899936676
0.05736137667304015,0.019193857965451058,0.049713193116634795,0.005832171529088071,-0.7626195549964905,-0.21500428020954132,-0.5032123327255249
0.1857142857142857,0.019138755980861243,0.10476190476190476,0.0031370684413454687,-0.11965879052877426,-0.11458829790353775,-0.11530985683202744
0.16774193548387095,0.06472491909385111,0.11612903225806452,0.02804425442250234,-0.14323757588863373,0.03504559397697449,-0.05400446802377701
0.259946949602122,0.11733333333333333,0.1697612732095491,0.05950647443328737,0.0665362998843193,0.2354198396205902,0.15096154808998108
0.17441860465116277,0.011695906432748539,0.12209302325581396,0.002610640261552044,-0.08569180965423584,0.041244614869356155,-0.021378306671977043
0.17682926829268292,0.06748466257668712,0.14634146341463414,0.03030224887835605,0.02523893117904663,0.18666529655456543,0.1061181053519249
0.11411411411411412,0.030211480362537763,0.07207207207207207,0.002654902400963306,-0.2050325721502304,0.01510120090097189,-0.09568005055189133
0.14985590778097982,0.034782608695652174,0.08645533141210375,0.01641861379855224,-0.04496892914175987,0.13839995861053467,0.04658418148756027
0.22068965517241382,0.06920415224913495,0.14827586206896554,0.009894554149470517,-0.08988408744335175,-0.002277277410030365,-0.04477069526910782
0.22950819672131148,0.09865470852017938,0.13114754098360656,0.041030051609727704,-0.4934731423854828,-0.1958557665348053,-0.3472878336906433
0.05952380952380952,0.03592814371257485,0.05952380952380952,0.011887962159392137,-0.23429681360721588,0.13149668276309967,-0.05652180686593056
0.31232876712328766,0.09366391184573003,0.18630136986301368,0.02702452452558726,0.01209927722811699,0.1384526640176773,0.07598632574081421
0.11733333333333332,0.026809651474530835,0.08,0.01779106872807061,-0.07831613719463348,0.13898679614067078,0.029542351141572
0.24875621890547264,0.08985024958402663,0.12603648424543948,0.03260436588372524,-0.9667285084724426,-0.30987563729286194,-0.6606848239898682
0.08982035928143714,0.018072289156626505,0.07784431137724551,0.002282842940493661,-0.2326752245426178,0.09108933061361313,-0.07442429661750793
0.029465930018416207,0.003696857670979667,0.025782688766114184,0.0009209187642631296,-0.351523220539093,0.14897102117538452,-0.11240968853235245
0.13011152416356878,0.04104477611940298,0.08550185873605949,0.014515584859207545,-0.1891266107559204,0.11114797741174698,-0.04189065843820572
0.0718954248366013,0.006578947368421053,0.0457516339869281,0.0010629579803019022,-0.29284900426864624,0.047937434166669846,-0.12664705514907837
0.28193832599118945,0.07079646017699115,0.13215859030837004,0.020888076329368503,-0.06902916729450226,0.10014290362596512,0.015717120841145515
0.13313161875945534,0.07283763277693475,0.09379727685325265,0.028824783951114867,-0.27756670117378235,0.12113644927740097,-0.08462325483560562
0.22121212121212122,0.10030395136778116,0.14242424242424243,0.04594837900688263,-0.15613597631454468,-0.1866447776556015,-0.16953681409358978
0.0960548885077187,0.034423407917383825,0.06518010291595197,0.009209102006955105,-0.2527766525745392,0.22315974533557892,-0.024639403447508812
0.20212765957446807,0.11229946524064172,0.1382978723404255,0.04131092044080351,-0.04820644110441208,0.4140198528766632,0.17382454872131348
0.25943396226415094,0.08530805687203791,0.1650943396226415,0.04084076308210124,-0.009152548387646675,0.19118094444274902,0.09050269424915314
0.2891566265060241,0.15151515151515152,0.2108433734939759,0.08341970726760527,0.07991862297058105,0.40790820121765137,0.23996472358703613
0.20754716981132074,0.037914691943127965,0.12264150943396226,0.015344725655892823,-0.10084641724824905,-0.23949863016605377,-0.16928182542324066
0.22764227642276424,0.043596730245231606,0.14092140921409213,0.004108345479452096,-0.03321455791592598,0.11375916749238968,0.04075136035680771
0.38879159369527144,0.12302284710017573,0.19964973730297725,0.06684410103734831,0.005546077154576778,0.09651793539524078,0.05216202139854431
0.17805383022774324,0.0997920997920998,0.13664596273291926,0.05844204049414297,0.06553801894187927,0.23524367809295654,0.1503615379333496
0.13636363636363635,0.017142857142857144,0.11363636363636363,0.0029328943172968885,-0.03661337494850159,0.10135900974273682,0.0329916849732399
0.17297297297297298,0.03260869565217391,0.1081081081081081,0.005527363134969159,-0.11237934231758118,0.11130715161561966,-0.0014363096561282873
0.23013698630136986,0.1401098901098901,0.15890410958904108,0.07058058384759062,-0.06509017199277878,0.17834393680095673,0.05520239472389221
0.056782334384858045,0.006349206349206349,0.050473186119873815,0.0024885171110276333,-0.28120675683021545,0.041204288601875305,-0.12356218695640564
0.15217391304347827,0.015576323987538943,0.09316770186335403,0.0020553342571451075,-0.3338474631309509,0.0024014348164200783,-0.16973775625228882
0.12063492063492064,0.025559105431309903,0.08888888888888888,0.005609369811843106,-0.10944251716136932,0.2279159277677536,0.05508479103446007
0.1643835616438356,0.03211009174311927,0.1004566210045662,0.002488100156670194,-0.11063606292009354,0.06314651668071747,-0.02361205592751503
0.10091743119266054,0.041474654377880185,0.09633027522935779,0.016406956257817885,-0.22710298001766205,0.26175957918167114,0.006891249213367701
0.012539184952978054,0.0,0.012539184952978054,0.0005785916335900632,-0.28819119930267334,0.012636803090572357,-0.14062944054603577
0.017301038062283735,0.006944444444444444,0.01384083044982699,0.0039015074821520572,-0.4741004407405853,0.09079396724700928,-0.2064945101737976
0.227027027027027,0.05978260869565218,0.12432432432432433,0.020011277912019874,-0.07791994512081146,0.14511330425739288,0.03267313167452812
0.24516129032258063,0.10389610389610389,0.14838709677419357,0.04379621877108516,0.08517993241548538,0.2872210144996643,0.18553751707077026
0.23306233062330625,0.021798365122615803,0.11924119241192413,0.003914826993587344,-0.001544821891002357,-0.007101370487362146,-0.002692860085517168
0.22622107969151667,0.031007751937984496,0.12853470437017994,0.008360635205937033,-0.04071827977895737,0.029282011091709137,-0.0043304720893502235
0.15384615384615385,0.06315789473684211,0.12237762237762237,0.02660396765251335,-0.08256608247756958,0.1914646327495575,0.05223548039793968
0.0903954802259887,0.028409090909090908,0.06214689265536723,0.00593815655474473,-0.24441121518611908,0.010946353897452354,-0.11828947812318802
0.20129870129870128,0.032679738562091505,0.10389610389610389,0.004051236772942836,-0.01986866630613804,0.22252941131591797,0.09988409280776978
0.245398773006135,0.05555555555555556,0.14723926380368096,0.022014378147276602,0.010765289887785912,0.08531548827886581,0.0493105910718441
0.2939189189189189,0.07457627118644067,0.14864864864864866,0.019192197233105945,-0.04739493876695633,0.07098965346813202,0.012698644772171974
0.24742268041237114,0.12008281573498965,0.16907216494845362,0.04931725250344531,-0.014102911576628685,0.19593465328216553,0.09020709991455078
0.17438692098092642,0.010958904109589043,0.1198910081743869,0.002950378113197549,0.016636816784739494,0.08102693408727646,0.0501708947122097
0.2632331902718169,0.08321377331420374,0.14878397711015737,0.043421377065837145,-0.06905853003263474,0.14598345756530762,0.037708867341279984
0.30141843971631205,0.0711743772241993,0.1631205673758865,0.02923777969598727,-0.043683405965566635,0.09524523466825485,0.02639603242278099
0.2916666666666667,0.13953488372093023,0.20370370370370372,0.07153499159865183,0.09682145714759827,-0.0719185322523117,0.012615298852324486
0.16452442159383035,0.015503875968992248,0.10282776349614396,0.005697634489986301,-0.10322006791830063,-0.021771026775240898,-0.06110726296901703
0.11387900355871887,0.047562425683709865,0.0830367734282325,0.02053183821074196,-0.16787301003932953,0.05849504470825195,-0.055590517818927765
0.13793103448275862,0.057803468208092484,0.12068965517241383,0.014795992973819415,-0.07939472049474716,0.1065707802772522,0.013451232574880123
0.15517241379310345,0.028901734104046242,0.10344827586206896,0.007207619308239494,0.04088878631591797,0.14495164155960083,0.09385879337787628
0.17737003058103973,0.024615384615384612,0.12232415902140673,0.0032133391710712166,-0.0003770964394789189,0.07595134526491165,0.03905971348285675
0.17522658610271905,0.0182370820668693,0.12084592145015106,0.0033131755554577785,-0.17984847724437714,-0.024324562400579453,-0.10154148191213608
0.23671497584541065,0.0679611650485437,0.12560386473429952,0.008721384144924385,-0.12962141633033752,0.08265370875597,-0.024106130003929138
0.12328767123287672,0.006896551724137931,0.07534246575342467,0.0029761085177744755,-0.08805343508720398,0.0941002294421196,0.0029707984067499638
0.1579831932773109,0.07419898819561552,0.10756302521008403,0.0359062189072408,-0.42775967717170715,-0.09781186282634735,-0.2665412127971649
0.33199999999999996,0.14457831325301204,0.21999999999999997,0.10693153866197624,0.020239749923348427,0.15761780738830566,0.08947429060935974
0.38281249999999994,0.28346456692913385,0.3359375,0.17770472917991825,0.1659121811389923,0.4960581064224243,0.32691285014152527
0.2599653379549393,0.06608695652173913,0.16637781629116116,0.02912300938482934,-0.044464483857154846,0.057576775550842285,0.007646662648767233
0.28938906752411575,0.12297734627831715,0.21221864951768488,0.0690810667929293,0.03080977126955986,0.33776041865348816,0.1810237616300583
0.14390602055800295,0.041237113402061855,0.07635829662261381,0.016920921849716487,-0.6661946773529053,-0.11196437478065491,-0.4036736488342285
0.022222222222222223,0.007462686567164178,0.022222222222222223,0.00375786042394441,-0.252366304397583,0.2215128093957901,-0.025159258395433426
0.18328840970350402,0.07046070460704607,0.1293800539083558,0.008634466673418252,-0.004777026828378439,0.22368396818637848,0.10832325369119644
0.04150943396226415,0.003787878787878788,0.03773584905660377,0.000542881284993494,-0.41031384468078613,0.09204332530498505,-0.1704285442829132
0.28703703703703703,0.11214953271028039,0.1851851851851852,0.03635283542051744,0.017380395904183388,0.1921660602092743,0.104718878865242
0.13740458015267173,0.02557544757033248,0.09669211195928754,0.006658205286779755,-0.15358296036720276,-0.04530077055096626,-0.09825848788022995
0.46779661016949153,0.26621160409556316,0.33898305084745756,0.17543781378715845,0.2519269585609436,0.3324825167655945,0.2930467426776886
0.18487394957983194,0.05084745762711864,0.13445378151260504,0.026611321314587558,-0.11891874670982361,-0.3379574418067932,-0.22899234294891357
0.18589743589743588,0.09032258064516129,0.11538461538461539,0.04536062755586869,-0.07328653335571289,0.16668836772441864,0.045370012521743774
0.2659279778393352,0.08913649025069638,0.17174515235457066,0.06404220038568809,0.05885428562760353,-0.04920376464724541,0.005849774926900864
0.37362637362637363,0.18232044198895028,0.2802197802197802,0.09009508261688468,0.20164860785007477,0.3812331557273865,0.2910556197166443
0.2222222222222222,0.08737864077669903,0.1497584541062802,0.043234390562814314,-0.05674947798252106,0.12000346928834915,0.031634483486413956
0.289044289044289,0.05620608899297423,0.17249417249417248,0.02417644448531914,0.04112580046057701,0.26516664028167725,0.15206483006477356
0.004132231404958678,0.0,0.004132231404958678,0.00044963548864864394,-0.7500635981559753,-0.039362095296382904,-0.42019563913345337
0.11699164345403898,0.05042016806722689,0.10027855153203344,0.030426926583487883,-0.08753908425569534,0.09008864313364029,0.0013063461519777775
0.09606986899563319,0.026315789473684206,0.06550218340611354,0.00912059324998812,-0.9408871531486511,-0.03811167925596237,-0.5328143835067749
0.215633423180593,0.11382113821138212,0.1509433962264151,0.05471670121390013,-0.006473960820585489,0.21013809740543365,0.10097147524356842
0.13381995133819952,0.04878048780487805,0.09975669099756691,0.027780891657865025,-0.2348497211933136,-0.014485720545053482,-0.12535448372364044
0.13866666666666666,0.021447721179624665,0.08533333333333334,0.006063476923227011,-0.0796540156006813,0.08191902190446854,0.001439135055989027
0.03454231433506045,0.006932409012131716,0.02072538860103627,0.001163937045692408,-0.5682294964790344,-0.01652812398970127,-0.30662864446640015
0.30320699708454807,0.14076246334310852,0.22740524781341107,0.0872035064074067,0.1727883517742157,-0.04221346601843834,0.06449338048696518
0.3221476510067114,0.1554054054054054,0.21476510067114096,0.07905101126729372,0.09256444126367569,0.23634375631809235,0.16480302810668945
0.19624217118997914,0.05031446540880503,0.12526096033402923,0.0158657807251025,-0.04669805243611336,0.04989529773592949,0.002751484978944063
0.08383233532934131,0.0,0.059880239520958084,0.0019196344452483672,-0.16128301620483398,0.1219082698225975,-0.022096285596489906
0.30458715596330277,0.12523020257826886,0.20550458715596331,0.06731461753277321,-0.042485255748033524,0.15198475122451782,0.05439824238419533
0.14910025706940871,0.0,0.09254498714652956,0.002958732470792448,-0.1361151933670044,0.08147085458040237,-0.02805553935468197
0.10778443113772455,0.01440576230492197,0.06946107784431137,0.0031162668634043965,-0.2803252339363098,0.006198665592819452,-0.13947920501232147
0.16986301369863013,0.027548209366391185,0.09315068493150686,0.00382017050816613,-0.05970151349902153,0.14234930276870728,0.04083823785185814
0.31797235023041476,0.125,0.2073732718894009,0.05945875977801705,0.11352548748254776,0.20415307581424713,0.15980543196201324
0.2863741339491917,0.09744779582366589,0.20323325635103928,0.03767094977712994,-0.008880515582859516,0.14876867830753326,0.07021919637918472
0.1609907120743034,0.03115264797507788,0.10526315789473684,0.006485016510347225,-0.018508149310946465,0.24676023423671722,0.11209254711866379
0.2838983050847458,0.055319148936170216,0.15677966101694915,0.007728987646891982,-0.03575942665338516,0.0752226710319519,0.02070659212768078
0.2092307692307692,0.06811145510835913,0.12923076923076923,0.04832431458128278,0.03593134880065918,0.137897327542305,0.08788329362869263
0.27602905569007263,0.1265206812652068,0.15496368038740924,0.05654091234990903,-0.011876415461301804,0.22803442180156708,0.10668493062257767
0.18604651162790697,0.03271028037383177,0.11162790697674421,0.007779584241051823,-0.1185416504740715,-0.040284961462020874,-0.07797250896692276
0.07514450867052024,0.011627906976744186,0.06358381502890174,0.0020360008396158565,-0.2117803394794464,0.14565874636173248,-0.03787874057888985
0.16438356164383564,0.08264462809917354,0.12602739726027398,0.04448517502803349,-0.16234780848026276,0.06973215937614441,-0.04735231027007103
0.17857142857142855,0.11210762331838565,0.15625,0.06333980412368333,-0.22349296510219574,0.11138992756605148,-0.06006507948040962
0.15841584158415842,0.054726368159203974,0.12376237623762376,0.02611644821459877,-0.07398165017366409,-0.19237299263477325,-0.1320677399635315
0.29219143576826195,0.17721518987341772,0.19647355163727961,0.10607887074635508,0.08309245854616165,0.1537533700466156,0.11961030960083008
0.16068376068376067,0.07890222984562606,0.10598290598290601,0.024217870439818004,-0.28884774446487427,0.1981273889541626,-0.05575544387102127
0.34201954397394135,0.0915032679738562,0.17915309446254074,0.05890939716580242,-0.043942347168922424,0.06247762590646744,0.010308091528713703
0.07823129251700679,0.0068259385665529,0.06462585034013606,0.001473644208362253,-0.45308881998062134,0.04431246593594551,-0.21547293663024902
0.1625615763546798,0.0495049504950495,0.09359605911330049,0.016865374508891726,-0.02136997878551483,0.23630698025226593,0.10563816130161285
0.2620689655172414,0.11085450346420324,0.17011494252873563,0.03699401905614788,0.036101147532463074,0.3116399943828583,0.17150957882404327
0.21276595744680854,0.09174311926605504,0.1276595744680851,0.05033906643776094,-0.006592820398509502,0.06187877058982849,0.028988594189286232
0.2561797752808989,0.03611738148984198,0.1303370786516854,0.007230563438539159,-0.07093340158462524,0.0658273994922638,-0.0018671673024073243
0.15925925925925927,0.06691449814126395,0.0962962962962963,0.024786321108769473,-0.9436219334602356,0.10647280514240265,-0.47718292474746704
0.1921921921921922,0.1268882175226586,0.15615615615615616,0.05050471269793346,0.0587616041302681,0.35262852907180786,0.20279937982559204
0.15873015873015875,0.050955414012738856,0.1015873015873016,0.01263475589834476,-0.7032243609428406,-0.3675054609775543,-0.5392550230026245
0.209366391184573,0.0886426592797784,0.15977961432506885,0.0435630751490928,0.019375894218683243,0.2739977240562439,0.1448945850133896
0.0956937799043062,0.016,0.06698564593301436,0.0015056482873341884,-0.2951890528202057,0.0958755761384964,-0.10575470328330994
0.06201550387596899,0.008879023307436182,0.04208194905869324,0.0011176037215776277,-0.33345726132392883,-0.31437182426452637,-0.32178282737731934
0.2695417789757412,0.09756097560975609,0.15633423180592992,0.05995409655146065,0.0824960395693779,0.2613542079925537,0.17171123623847961
0.17475728155339806,0.06675938803894298,0.12482662968099861,0.025918886707762625,-0.21523258090019226,0.04805062338709831,-0.08539032191038132
0.2654462242562929,0.15632183908045977,0.1739130434782609,0.0802518516745155,0.05987626686692238,0.3444780111312866,0.1995442807674408
0.12716763005780346,0.029069767441860465,0.08670520231213873,0.006078225955758397,-0.055740587413311005,0.24067829549312592,0.08958800882101059
0.2852348993288591,0.09427609427609428,0.14093959731543623,0.041223268669686654,-0.0484505258500576,0.11080698668956757,0.03148156404495239
0.19561551433389543,0.04737732656514382,0.11804384485666104,0.007760524625514927,-0.18819023668766022,-0.23694828152656555,-0.21072609722614288
0.14329268292682928,0.08256880733944955,0.125,0.03714969176856958,-0.2220599353313446,0.28422248363494873,0.01978413388133049
0.10084033613445378,0.028169014084507046,0.06722689075630253,0.004915434760526066,-0.12450868636369705,0.22913874685764313,0.04760375991463661
0.056537102473498226,0.04270462633451957,0.056537102473498226,0.011134295923977288,-0.07798715680837631,0.3023688793182373,0.10648787021636963
0.045454545454545456,0.030418250950570342,0.045454545454545456,0.011636380904717504,-0.3707898259162903,0.2540101706981659,-0.07663614302873611
0.2849740932642487,0.15625,0.21761658031088082,0.0882402536413894,0.06700678169727325,0.26257243752479553,0.16427893936634064
0.04786324786324787,0.0034305317324185244,0.041025641025641026,0.001020914547238006,-0.39332857728004456,-0.06174470856785774,-0.2313634604215622
0.12374100719424463,0.0202020202020202,0.09784172661870504,0.0038230721966555407,-0.35171812772750854,-0.06598904728889465,-0.21119403839111328
0.2410958904109589,0.06060606060606061,0.136986301369863,0.03239775612863698,0.07438068091869354,0.1376914530992508,0.10729166120290756
0.1161928306551298,0.03717472118959108,0.07911001236093942,0.01661604156575218,-0.23556075990200043,0.11467248946428299,-0.06499345600605011
0.0955223880597015,0.08408408408408409,0.0955223880597015,0.044372226536582494,-0.023358047008514404,0.5299689173698425,0.2398015707731247
0.37142857142857144,0.24880382775119617,0.2571428571428571,0.12850514558032153,0.19309495389461517,0.3575842082500458,0.2752244174480438
0.05494505494505494,0.003676470588235294,0.03296703296703297,0.0005541790968075939,-0.4413708746433258,0.028994785621762276,-0.2158939093351364
0.31865828092243187,0.08842105263157894,0.17610062893081763,0.04986321042235618,-0.02732074446976185,0.18532893061637878,0.078254334628582
0.1941747572815534,0.10731707317073172,0.15533980582524273,0.040390757877427304,0.01978624425828457,0.2696472704410553,0.1430443674325943
0.14641744548286606,0.021875,0.0778816199376947,0.0035371094335353236,-0.2741084396839142,0.05814238265156746,-0.11188312619924545
0.23561643835616436,0.06611570247933884,0.14246575342465753,0.01778650374681403,-0.037239864468574524,0.1209065243601799,0.04213928431272507
0.12663755458515283,0.026315789473684213,0.08296943231441048,0.004236099809338707,-0.19497902691364288,0.03185040131211281,-0.08244742453098297
0.23872679045092837,0.021333333333333333,0.12201591511936338,0.003851133860258522,-0.1226210817694664,0.025640064850449562,-0.047906067222356796
0.3212669683257919,0.06818181818181818,0.167420814479638,0.027458659111204955,0.029688740149140358,0.05655840411782265,0.0446428507566452
0.2028985507246377,0.02912621359223301,0.13526570048309178,0.00430800277243382,-0.1298895627260208,-0.07849851250648499,-0.10253492742776871
0.06825938566552901,0.0136986301369863,0.0477815699658703,0.0013112040312756837,-0.3965749442577362,0.011019221507012844,-0.19957394897937775
0.1706666666666667,0.04289544235924933,0.12266666666666667,0.0068335592700780315,-0.09226588159799576,0.03808833286166191,-0.02628125436604023
0.18383518225039616,0.06041335453100159,0.13946117274167985,0.025927862805674256,-0.35685423016548157,0.03557335212826729,-0.16679592430591583
0.1581196581196581,0.012875536480686693,0.08974358974358974,0.004938676594509111,-0.07708721607923508,0.14697317779064178,0.033995017409324646
0.20803782505910165,0.04750593824228029,0.1276595744680851,0.004248029186314904,-0.028871579095721245,0.07226305454969406,0.022772589698433876
0.26130653266331655,0.11616161616161616,0.19597989949748745,0.041814430862335064,0.05978040024638176,0.18210366368293762,0.12163463234901428
0.18276762402088775,0.05249343832020997,0.12532637075718014,0.007180405122204073,-0.10287198424339294,0.15138943493366241,0.022596361115574837
0.18309859154929575,0.10638297872340426,0.14084507042253522,0.045051123849283926,0.04001573473215103,0.2827785611152649,0.15987853705883026
0.17864077669902914,0.05847953216374269,0.13592233009708737,0.0319492782701674,-0.2486080825328827,0.05040713772177696,-0.10192219167947769
0.1129032258064516,0.07027027027027027,0.08602150537634409,0.022698504172720502,-0.14653804898262024,-0.3227158188819885,-0.23427388072013855
0.2543352601156069,0.11046511627906976,0.17341040462427745,0.055184768757256086,0.06688898801803589,0.16467566788196564,0.1167486384510994
0.16062176165803108,0.046875,0.09326424870466322,0.01538975187943661,-0.08805873990058899,0.15684598684310913,0.032956015318632126
0.14016172506738545,0.08130081300813008,0.11859838274932613,0.038126004307094605,-0.06567562371492386,0.12290152907371521,0.02840728871524334
0.43734643734643736,0.26666666666666666,0.32923832923832924,0.137537740322283,0.21426047384738922,0.09327852725982666,0.15442359447479248
0.07871198568872988,0.01795332136445242,0.057245080500894455,0.0038185577411788763,-0.2545729875564575,0.06169731169939041,-0.09980887174606323
0.2894736842105263,0.03973509933774835,0.15131578947368424,0.010903086910279079,0.030502716079354286,0.005158716347068548,0.01939353533089161
0.13370473537604458,0.04481792717086835,0.10027855153203342,0.02574501824597217,-0.017101995646953583,0.1558866798877716,0.0694161057472229
0.08618504435994931,0.012706480304955527,0.05069708491761724,0.0027441058534112914,-0.3017369508743286,0.03234172612428665,-0.13864891231060028
0.19047619047619047,0.044117647058823525,0.12087912087912087,0.009014056261337418,-0.057420894503593445,-0.2194155752658844,-0.13793835043907166
0.24788732394366197,0.10764872521246459,0.15211267605633802,0.06024674864645125,-0.02813224494457245,0.16614115238189697,0.06863914430141449
0.22650602409638557,0.048426150121065374,0.14457831325301204,0.02878775649527466,-0.13900567591190338,-0.22842104732990265,-0.18221285939216614
0.16091954022988506,0.023076923076923078,0.09195402298850575,0.0025570364059018225,-0.3111349940299988,0.025578515604138374,-0.1468179076910019
0.027972027972027975,0.0,0.02097902097902098,0.0007840414525059657,-0.33454999327659607,-0.22423329949378967,-0.2779621183872223
0.1863013698630137,0.03305785123966942,0.11506849315068492,0.007961753085393444,-0.009005388244986534,0.04025842994451523,0.01710469275712967
0.20238095238095233,0.023952095808383235,0.11309523809523811,0.0066466670471372015,-0.06817062199115753,0.07290400564670563,0.002984924940392375
0.16927899686520376,0.0694006309148265,0.14420062695924765,0.02422676516671447,-0.04413691163063049,0.281732976436615,0.11499271541833878
0.14772727272727273,0.07428571428571427,0.13636363636363638,0.03451397072230233,-0.02106575295329094,0.16400323808193207,0.07127408683300018
0.15163934426229506,0.02880658436213992,0.11065573770491803,0.005258770046693264,-0.16681034862995148,0.011736574582755566,-0.07741980999708176
0.13468013468013468,0.061016949152542375,0.10101010101010101,0.028352250862550804,-0.028319023549556732,0.3948819637298584,0.1758841872215271
0.18181818181818182,0.055401662049861494,0.14325068870523416,0.00908819249453278,-0.11273591965436935,0.04384484142065048,-0.03400985151529312
0.12429378531073447,0.022727272727272728,0.06779661016949153,0.0027655571939264574,-0.07898012548685074,0.19499798119068146,0.05579358711838722
0.1784776902887139,0.0633245382585752,0.10498687664041995,0.018922325703360963,-0.09001603722572327,-0.02009012922644615,-0.05358738452196121
0.22043010752688166,0.1027027027027027,0.17204301075268816,0.0666718801702603,0.047244951128959656,0.18443860113620758,0.11635132879018784
0.2159090909090909,0.12571428571428572,0.18181818181818182,0.06957688197431315,-0.037947364151477814,-0.19275784492492676,-0.11478576064109802
0.3185185185185185,0.1492537313432836,0.1925925925925926,0.09826608884123293,-0.00541483610868454,0.25094833970069885,0.12095479667186737
0.13173652694610777,0.054216867469879526,0.09580838323353294,0.007948865147040626,-0.1076108068227768,0.17214561998844147,0.02991352416574955
0.1476510067114094,0.09459459459459459,0.1342281879194631,0.03656096480044036,-0.04198611527681351,0.2785331904888153,0.11463920027017593
0.14647887323943662,0.0226628895184136,0.10704225352112676,0.003192908275284458,-0.14156009256839752,-0.06582704186439514,-0.10219483077526093
0.1574585635359116,0.05817174515235456,0.10497237569060774,0.012800098563294091,-0.04265505447983742,0.25165683031082153,0.10167250782251358
0.16198347107438016,0.029850746268656716,0.09256198347107436,0.00936412367601568,-0.14839205145835876,0.005107426084578037,-0.0711066871881485
0.27146814404432135,0.061281337047353765,0.13850415512465375,0.008588502818020871,0.044046349823474884,0.11332125961780548,0.07994350790977478
0.07861635220125786,0.01892744479495268,0.05345911949685535,0.0031032079117432787,-0.2837505638599396,-0.0011043275007978082,-0.14472506940364838
0.16045845272206308,0.034482758620689655,0.10028653295128939,0.014113145781264559,-0.26966604590415955,-0.07918120175600052,-0.1744132786989212
0.22608695652173916,0.07580174927113702,0.16231884057971013,0.04972445850460902,0.019633423537015915,0.00963049940764904,0.01622779294848442
0.1847041847041847,0.060781476121562955,0.11255411255411257,0.0340429659728605,-0.6816471219062805,-0.17778116464614868,-0.44144290685653687
0.12587412587412586,0.051522248243559714,0.09790209790209789,0.005715312528702345,-0.969632089138031,0.13400988280773163,-0.48278123140335083
0.07535321821036108,0.05039370078740158,0.06279434850863422,0.020098812102594902,-0.32175594568252563,0.3821800649166107,0.006893721409142017
0.1969111969111969,0.11240310077519378,0.138996138996139,0.04930026582623899,-0.05600271373987198,0.23918311297893524,0.08874642103910446
0.11839323467230445,0.00847457627118644,0.06976744186046512,0.0012900870821191581,-0.26861825585365295,-0.06517725437879562,-0.1671632081270218
0.1792717086834734,0.028169014084507046,0.11764705882352942,0.006862296770287126,-0.15230274200439453,0.14938558638095856,-0.004429004155099392
0.04395604395604395,0.0,0.04395604395604395,0.0018337709744759292,-0.19040930271148682,-0.05276081711053848,-0.1207418367266655
0.2528735632183908,0.06466512702078522,0.15172413793103448,0.04992515075302993,0.042473938316106796,0.10393553972244263,0.07452388107776642
0.06545454545454545,0.062043795620437964,0.06545454545454545,0.023476052381879064,-0.4416291117668152,0.24328242242336273,-0.12158342450857162
0.07282913165266106,0.056338028169014086,0.07282913165266106,0.027475828049882658,-0.13840961456298828,0.2551056444644928,0.05214648321270943
0.1925133689839572,0.045576407506702415,0.12299465240641712,0.02606736795507279,-0.1837276816368103,0.0724271833896637,-0.05728534236550331
0.15897435897435896,0.020618556701030927,0.11282051282051285,0.0027901970571405834,-0.19035977125167847,-0.03938968479633331,-0.1142401248216629
0.22340425531914893,0.0427807486631016,0.11170212765957446,0.027213024960475715,-0.04868258535861969,0.14099594950675964,0.045908231288194656
0.18960244648318042,0.08615384615384616,0.12844036697247707,0.035337872387474274,0.002887653186917305,0.28043267130851746,0.13927365839481354
0.25,0.1764705882352941,0.22872340425531915,0.10616138427587679,0.04146575182676315,0.33139514923095703,0.18366223573684692
0.14990138067061146,0.019801980198019802,0.09467455621301776,0.004481438064229017,-0.2668381929397583,-0.011656632646918297,-0.14077918231487274
0.3521739130434783,0.148471615720524,0.2217391304347826,0.08227562644824019,0.09839281439781189,0.22804610431194305,0.16375872492790222
0.18229166666666669,0.09424083769633508,0.14062499999999997,0.035662838239998086,-0.04368977248668671,0.373537540435791,0.15777051448822021
0.19435736677115986,0.031545741324921134,0.12539184952978055,0.008814842338493513,-0.09072954952716827,0.10175305604934692,0.00526034738868475
0.19797979797979798,0.07707910750507099,0.13333333333333333,0.0325753627417309,-0.9282448291778564,0.01842479407787323,-0.5024498701095581
0.1282894736842105,0.029702970297029705,0.08552631578947367,0.004841944673157531,-0.265691339969635,0.09027151763439178,-0.09245885908603668
0.09621993127147765,0.06228373702422146,0.09621993127147765,0.03724125346282761,-0.08878923207521439,0.2132936716079712,0.05922490730881691
0.18,0.055276381909547735,0.11000000000000001,0.008010073812806913,-0.11163929849863052,0.04574327915906906,-0.03252727538347244
0.13978494623655915,0.06250000000000001,0.09892473118279571,0.025428829476718748,-0.3879774212837219,0.04250068962574005,-0.18053463101387024
0.25380710659898476,0.08673469387755102,0.15736040609137053,0.02528013854497057,0.04878304898738861,0.20059071481227875,0.12497589737176895
0.08391608391608392,0.07746478873239436,0.08391608391608392,0.040658548311196155,-0.0907539576292038,-0.5694990754127502,-0.340402215719223
0.22527472527472528,0.027624309392265196,0.12087912087912088,0.008080619205321408,-0.007669632323086262,0.052688658237457275,0.02391577512025833
0.21802935010482183,0.05894736842105263,0.129979035639413,0.021651970229105522,-0.158494770526886,0.026434529572725296,-0.06604693830013275
0.11080332409972297,0.01671309192200557,0.060941828254847646,0.002385288577225875,-0.1687810868024826,-0.027742955833673477,-0.09750059992074966
0.05226480836236934,0.0034965034965034965,0.0348432055749129,0.0015942541732558207,-0.5880277752876282,0.0402870811522007,-0.29292455315589905
0.20147420147420145,0.014814814814814812,0.12776412776412777,0.0034236425521094326,-0.0923054963350296,-0.01391233317553997,-0.051710326224565506
0.304147465437788,0.07407407407407407,0.16129032258064516,0.037153018589897606,-0.031224364414811134,0.05118214711546898,0.011246795766055584
0.10494752623688156,0.027067669172932334,0.07796101949025487,0.019387455317208018,-0.33843380212783813,-0.36500322818756104,-0.3495611250400543
0.21052631578947367,0.037383177570093455,0.14241486068111453,0.00752032971508477,0.02386072464287281,0.16718216240406036,0.09597494453191757
0.17869415807560138,0.041379310344827586,0.1134020618556701,0.025547843813012186,-0.6003778576850891,-0.1744993031024933,-0.3951278626918793
0.14992927864214994,0.048226950354609936,0.10183875530410184,0.01830501765153219,-0.3984384834766388,-0.10330025106668472,-0.25347068905830383
0.3676880222841226,0.17927170868347342,0.2506963788300836,0.1014071044561833,0.11432071775197983,0.28303220868110657,0.19859816133975983
0.18181818181818182,0.0588235294117647,0.0974025974025974,0.018845441730951096,-0.0721127986907959,0.011675380170345306,-0.028900302946567535
0.15654952076677317,0.019230769230769232,0.10543130990415335,0.00820089560383287,-0.608976423740387,-0.2221788763999939,-0.42153024673461914
0.29207920792079206,0.17412935323383086,0.18811881188118815,0.09530415156362385,0.10020294785499573,0.236349418759346,0.16872383654117584
0.2886075949367089,0.08142493638676845,0.17721518987341772,0.04697665019284857,0.05154016986489296,0.1137252151966095,0.08393211662769318
0.14953271028037385,0.05642633228840125,0.11214953271028037,0.006981685824441233,-0.13111919164657593,-0.25063174962997437,-0.1896952986717224
0.3106796116504854,0.07317073170731708,0.19902912621359223,0.02105965907356128,0.012706310488283634,0.11216741055250168,0.06346815079450607
0.14580467675378267,0.04965517241379311,0.0907840440165062,0.01764435361686333,-0.6455894708633423,-0.3783973455429077,-0.5135579109191895
0.199288256227758,0.057347670250896064,0.1209964412811388,0.00870781882701827,0.06198142468929291,-0.1698322594165802,-0.05496683344244957
0.1592920353982301,0.12462908011869436,0.14159292035398233,0.05960905571296076,-0.0010828257072716951,0.3326512277126312,0.16169697046279907
0.1529051987767584,0.1134969325153374,0.1345565749235474,0.045863304684094955,-0.33680760860443115,0.13173827528953552,-0.11207100749015808
0.1095890410958904,0.006896551724137931,0.0684931506849315,0.0026376939299415352,-0.17016635835170746,0.038931965827941895,-0.0661221593618393
0.3525179856115108,0.09420289855072465,0.1942446043165468,0.06996312877621506,0.04925283044576645,0.09492122381925583,0.07349194586277008
0.2873239436619718,0.11331444759206799,0.1859154929577465,0.02905540094503677,0.04928077384829521,0.2249021977186203,0.13697952032089233
0.17812499999999998,0.06269592476489028,0.1,0.015004899590719913,-0.2844248116016388,0.10574696213006973,-0.09540105611085892
0.3497757847533632,0.0855855855855856,0.17040358744394618,0.06407897437794657,0.08176731318235397,0.226207435131073,0.15434202551841736
0.19453924914675766,0.08904109589041097,0.13651877133105803,0.038078988922406826,-0.48174071311950684,-0.35436779260635376,-0.4166431725025177
0.05501618122977346,0.00974025974025974,0.04207119741100323,0.0022966141755099753,-0.5875445604324341,-0.03181149438023567,-0.3242019712924957
0.21578947368421053,0.058201058201058205,0.15263157894736842,0.019671733660977755,0.008314870297908783,0.10334128141403198,0.05691275745630264
0.12558869701726846,0.06299212598425197,0.10361067503924645,0.031202699463914862,-0.41073551774024963,0.3213062286376953,-0.07035163044929504
0.2597054886211513,0.09127516778523491,0.16599732262382863,0.04796791124646345,-0.02406413108110428,0.12216507643461227,0.049527786672115326
0.025263157894736845,0.0,0.021052631578947368,0.0005999408393761237,-0.616867184638977,0.023290272802114487,-0.3167177736759186
0.051643192488262914,0.004716981132075472,0.046948356807511735,0.0015506542809160162,-0.2655477225780487,0.08269403874874115,-0.09589477628469467
0.2028985507246377,0.043689320388349516,0.12560386473429952,0.018955501078237822,-0.019842136651277542,0.1788702756166458,0.07904894649982452
0.15780998389694043,0.0840064620355412,0.11916264090177132,0.04379890814486536,-0.15526928007602692,-0.17005085945129395,-0.16078299283981323
0.31202046035805625,0.10796915167095117,0.18925831202046037,0.058416199682180564,0.02088569477200508,0.09990768134593964,0.061612989753484726
0.15591397849462366,0.016216216216216214,0.11290322580645161,0.005822447144210234,-0.11801420897245407,0.0027866405434906483,-0.05663905665278435
0.22562141491395793,0.06142034548944337,0.1338432122370937,0.011304208733204436,-0.15566937625408173,0.06597808003425598,-0.04564971476793289
0.16442451420029894,0.07196401799100449,0.09865470852017938,0.03643640901548329,-0.6342284679412842,-0.13131946325302124,-0.39438125491142273
0.3436619718309859,0.1756373937677054,0.21408450704225349,0.11557099163971678,0.08291982859373093,0.3255431354045868,0.20267082750797272
0.3481012658227848,0.15286624203821655,0.18354430379746836,0.10811067864510542,0.09885480999946594,0.21963347494602203,0.15989796817302704
0.17737003058103976,0.036923076923076927,0.11620795107033638,0.015930053408462517,-0.08581597357988358,0.12997813522815704,0.021330276504158974
0.18181818181818185,0.0182648401826484,0.11363636363636362,0.0030955908814424933,-0.13370545208454132,0.06958359479904175,-0.03248348459601402
0.163323782234957,0.04885057471264369,0.1146131805157593,0.0226009655166904,-0.17791417241096497,-0.009444794617593288,-0.09336119145154953
0.10043668122270742,0.008771929824561403,0.06986899563318777,0.0020610349729548757,-0.3202468454837799,-0.11733072251081467,-0.21898230910301208
0.21973094170403587,0.1171171171171171,0.16591928251121077,0.05448684567227741,-0.03696606308221817,0.13880285620689392,0.05091783404350281
0.1322314049586777,0.04643449419568823,0.09917355371900827,0.027805812871190015,-0.5051426291465759,-0.05068162828683853,-0.2868936061859131
0.19186046511627905,0.04093567251461989,0.12209302325581395,0.005799083059895405,-0.11021403968334198,-0.0765010267496109,-0.09163881838321686
0.23008849557522124,0.05934718100890207,0.11799410029498524,0.008233637110855079,-0.034396786242723465,0.10593018680810928,0.0363481342792511
0.11987381703470032,0.06984126984126984,0.0946372239747634,0.028624463682936276,-0.12196735292673111,0.17262952029705048,0.022554688155651093
0.23783783783783788,0.03260869565217391,0.12972972972972974,0.004008378281131107,-0.04609915614128113,0.10953499376773834,0.03207769989967346
0.20433436532507737,0.07476635514018692,0.11764705882352941,0.023292721506529893,-0.006263833958655596,0.3016511797904968,0.14442947506904602
0.13068181818181818,0.037037037037037035,0.08238636363636363,0.015973086046429004,-0.30434903502464294,-0.05223306268453598,-0.179705411195755
0.15160349854227403,0.07624633431085044,0.0991253644314869,0.01044058528941964,-0.11207723617553711,0.20606637001037598,0.04347953572869301
0.26291079812206575,0.12264150943396226,0.1784037558685446,0.041911211752411956,0.059317342936992645,0.11782452464103699,0.08988289535045624
0.2148148148148148,0.04460966542750929,0.11481481481481483,0.0264760125988571,-0.24751146137714386,0.06827127933502197,-0.09297871589660645
0.16033755274261605,0.019746121297602257,0.08720112517580872,0.008484012947880818,-0.5785646438598633,-0.1072060763835907,-0.35276713967323303
0.12979351032448377,0.02967359050445104,0.11209439528023599,0.016639773497968503,-0.022776838392019272,-0.35953816771507263,-0.19519826769828796
0.18618618618618618,0.07250755287009064,0.14414414414414414,0.018616692419032757,-0.0806402713060379,0.20910769701004028,0.061569198966026306
0.15300546448087432,0.05494505494505494,0.11475409836065574,0.008511291849363608,-0.1466197669506073,-0.01732931099832058,-0.08107327669858932
0.18562874251497008,0.06306306306306306,0.11676646706586827,0.032832397444234156,-0.19858019053936005,0.06836890429258347,-0.0670209601521492
0.12244897959183672,0.06451612903225808,0.10495626822157433,0.0264691224437134,-0.044344209134578705,0.21200717985630035,0.08205753564834595
0.24882629107981222,0.1179245283018868,0.1737089201877934,0.06107386215205302,0.10113082826137543,0.1907861828804016,0.14695316553115845
0.15559157212317667,0.1105691056910569,0.12317666126418153,0.04543952557917015,-0.25948411226272583,0.3115667998790741,0.011230550706386566
0.24000000000000002,0.05357142857142857,0.12444444444444444,0.008326880469477646,-0.10056164860725403,-0.0027611723635345697,-0.050439298152923584
0.0436241610738255,0.0101010101010101,0.036912751677852344,0.0012474415596974047,-0.5983169078826904,0.00600553210824728,-0.3136848211288452
0.09686609686609686,0.022922636103151862,0.06837606837606837,0.019902493111369046,-0.0871230736374855,0.058642901480197906,-0.013666661456227303
0.2112676056338028,0.08962264150943397,0.1596244131455399,0.04178345282051989,0.00507523724809289,0.18212206661701202,0.09351940453052521
0.24371373307543517,0.08932038834951456,0.15860735009671179,0.04914016794776212,-0.08210302144289017,0.0873437449336052,0.0027938643470406532
0.05815831987075929,0.006482982171799027,0.0420032310177706,0.002697493657621108,-0.5003790259361267,0.01474393904209137,-0.2549003064632416
0.13461538461538464,0.061093247588424444,0.08333333333333333,0.031082015906599154,-0.47683456540107727,0.09442141652107239,-0.2064274102449417
0.12324929971988795,0.04775280898876405,0.08403361344537814,0.024458452178700903,-0.6657722592353821,-0.14144447445869446,-0.41645705699920654
0.18550724637681157,0.02915451895043732,0.12173913043478261,0.007129570283413431,-0.0022922935895621777,0.11128132790327072,0.05538780242204666
0.14248021108179418,0.03183023872679045,0.079155672823219,0.0073273100580839075,-0.11133578419685364,0.0845089927315712,-0.013707275502383709
0.1345565749235474,0.018461538461538463,0.09174311926605504,0.004933775841871984,-0.1715994030237198,0.0954369530081749,-0.04002278670668602
0.07887323943661971,0.011331444759206798,0.06197183098591549,0.002115726551492397,-0.2586517333984375,-0.016336405649781227,-0.13869448006153107
0.14241486068111456,0.04361370716510904,0.09907120743034055,0.006629903327231494,0.02618379518389702,0.21142706274986267,0.11854658275842667
0.16103896103896104,0.041775456919060046,0.1142857142857143,0.007887830536627982,-0.08504444360733032,0.045458532869815826,-0.018997641280293465
0.2704918032786885,0.04115226337448559,0.1516393442622951,0.0033276340621081553,-0.11108674108982086,0.04923029616475105,-0.030557692050933838
0.07674943566591423,0.022675736961451243,0.06772009029345372,0.011797969387808327,-0.28966420888900757,0.16060926020145416,-0.0731772780418396
0.19718309859154928,0.08018867924528303,0.15492957746478872,0.02758622639340374,-0.14662154018878937,0.06988956779241562,-0.03906289115548134
0.3383838383838384,0.12182741116751268,0.19696969696969696,0.07895708338701858,0.07619046419858932,0.030344951897859573,0.05469949170947075
0.1907790143084261,0.12121212121212122,0.15580286168521462,0.057671624107713225,-0.31429150700569153,-0.0008008319418877363,-0.16079217195510864
0.1158690176322418,0.010126582278481015,0.08060453400503778,0.0018620005901980967,-0.1864098161458969,0.015738612040877342,-0.08567038178443909
0.13029315960912052,0.03594771241830065,0.09446254071661239,0.01487200294478169,-0.17979469895362854,0.0691998079419136,-0.05674783140420914
0.23708206686930092,0.09174311926605504,0.15197568389057753,0.03316555100889824,0.04606271907687187,0.2198764830827713,0.1328941434621811
0.13986013986013984,0.0234192037470726,0.09324009324009325,0.004107886733434776,-0.2040594071149826,0.03989727795124054,-0.0833776518702507
0.13360323886639675,0.008130081300813009,0.06882591093117409,0.0036056352762850246,-0.7835618257522583,-0.10988305509090424,-0.46959203481674194
0.24444444444444446,0.027932960893854747,0.14444444444444443,0.010808481235624867,-0.007995435036718845,-0.004700289573520422,-0.004713299684226513
0.20324005891016197,0.06794682422451995,0.13549337260677466,0.03623166123298166,-0.03829014673829079,0.10202188789844513,0.03245275840163231
0.20800000000000002,0.04825737265415549,0.11200000000000002,0.003697517755568405,-0.04775647073984146,0.06897235661745071,0.011530738323926926
0.25531914893617025,0.0889679715302491,0.15602836879432624,0.01987492174168573,-0.7581350803375244,0.19329339265823364,-0.32887572050094604
0.3324396782841823,0.08086253369272237,0.193029490616622,0.04516218109105929,0.14484359323978424,0.18558502197265625,0.1664900928735733
0.22477064220183485,0.055299539170506916,0.1651376146788991,0.04330769447737779,-0.13321374356746674,-0.09863992780447006,-0.11417514085769653
0.1413427561837456,0.028368794326241134,0.07773851590106007,0.014244711602235186,-0.4375040531158447,0.029454628005623817,-0.21356092393398285
0.12374581939799331,0.016778523489932886,0.07692307692307693,0.001723019689246795,-0.25629645586013794,0.06153105944395065,-0.10080407559871674
0.2641509433962264,0.1029810298102981,0.17789757412398924,0.031081509933620514,0.10547132790088654,0.15306219458580017,0.1305706948041916
