rouge1_f,rouge2_f,rougeL_f,bleu,bert_p,bert_r,bert_f1
0.2608695652173913,0.0808080808080808,0.12709030100334448,0.004571563525339105,-0.14429563283920288,0.11207721382379532,-0.01778700202703476
0.20168067226890754,0.09322033898305083,0.14285714285714285,0.05138698060708699,-0.27385303378105164,0.17032890021800995,-0.06012723594903946
0.1597444089456869,0.006430868167202572,0.0830670926517572,0.0015751842015410342,-0.30252793431282043,0.07634221017360687,-0.118705153465271
0.20657276995305165,0.047393364928909956,0.12206572769953052,0.010899477742294297,-0.2175121307373047,0.12887275218963623,-0.04873811826109886
0.14705882352941177,0.039603960396039604,0.08823529411764706,0.017360946856247884,-0.3326539099216461,0.13285285234451294,-0.10928843915462494
0.07942238267148015,0.0,0.050541516245487354,0.0013516007155864383,-0.41174226999282837,-0.273890882730484,-0.34166407585144043
0.3321554770318021,0.05693950177935943,0.17667844522968199,0.011482462212603984,-0.22216323018074036,0.08204424381256104,-0.07306144386529922
0.1340782122905028,0.06779661016949153,0.111731843575419,0.0239138242333089,-0.19720269739627838,0.31669825315475464,0.04809006303548813
0.14603174603174604,0.025559105431309907,0.08253968253968254,0.002350168990596104,-0.37017500400543213,-0.0378817580640316,-0.20788879692554474
0.2877697841726619,0.05072463768115942,0.16546762589928057,0.02116798721610221,-0.1832915097475052,0.1675606518983841,-0.01245496328920126
0.20392156862745095,0.03162055335968379,0.10196078431372547,0.008132122866486341,-0.13118180632591248,0.1670275777578354,0.015044346451759338
0.03883495145631068,0.0,0.01941747572815534,0.0009139101598251163,-0.37723901867866516,0.013994396664202213,-0.18772995471954346
0.1111111111111111,0.0,0.0617283950617284,0.011028446101258022,-0.11934925615787506,-0.4385354518890381,-0.28233498334884644
0.30372492836676224,0.0634005763688761,0.17191977077363896,0.015039044466222075,-0.06121520698070526,0.12084002792835236,0.02972705475986004
0.16000000000000003,0.0,0.08000000000000002,0.002035136259114165,-0.27485767006874084,-0.06595969200134277,-0.17078770697116852
0.14285714285714288,0.040229885057471264,0.07428571428571429,0.012118454730696344,-0.3468257784843445,0.0809812992811203,-0.14058388769626617
0.089171974522293,0.01282051282051282,0.05732484076433121,0.0018148028313362634,-0.375842422246933,-0.012492483481764793,-0.1991688758134842
0.34241245136186776,0.18823529411764706,0.23346303501945526,0.09507292349320838,-0.09881872683763504,0.22203455865383148,0.057997316122055054
0.23952095808383228,0.012024048096192386,0.09181636726546906,0.002890207626219773,-0.2525750398635864,-0.058640070259571075,-0.15568968653678894
0.15488215488215487,0.006779661016949153,0.0808080808080808,0.0034530736901526283,-0.2652342915534973,-0.039671603590250015,-0.15323026478290558
0.1724137931034483,0.04166666666666667,0.08275862068965517,0.02540598338014023,-0.25496742129325867,0.059677544981241226,-0.10096229612827301
0.2169811320754717,0.02857142857142857,0.1320754716981132,0.0055421245141133516,-0.15463289618492126,0.10775010287761688,-0.02527085691690445
0.19607843137254902,0.039473684210526314,0.10457516339869281,0.006974052223366273,-0.2330063432455063,-0.22776877880096436,-0.22839020192623138
0.1683673469387755,0.025641025641025644,0.08673469387755102,0.0011646628447629607,-0.331046462059021,0.014256860129535198,-0.16273491084575653
0.23095823095823095,0.07407407407407407,0.1375921375921376,0.053855001434051884,-0.2122313678264618,0.12234830856323242,-0.04894966259598732
0.10126582278481013,0.01702127659574468,0.0759493670886076,0.006904616237530622,-0.17899735271930695,0.08991354703903198,-0.04652908816933632
0.2871536523929471,0.0759493670886076,0.11083123425692697,0.04216734835641567,-0.2949916422367096,-0.12855935096740723,-0.21126608550548553
0.2440087145969499,0.021881838074398245,0.08714596949891068,0.003359694008932942,-0.19400233030319214,0.06084518879652023,-0.06816908717155457
0.15873015873015872,0.03194888178913738,0.0761904761904762,0.005796917347378717,-0.2900087535381317,-0.3580857813358307,-0.3221486806869507
0.18528610354223435,0.049315068493150684,0.11444141689373298,0.022188088425860893,-0.24051783978939056,0.07977156341075897,-0.0838840901851654
0.11702127659574468,0.02150537634408602,0.07446808510638299,0.0036360462747436905,-0.251848429441452,0.06629502028226852,-0.09621085226535797
0.21305841924398622,0.02768166089965398,0.10996563573883161,0.0019379486577027693,-0.2635645866394043,-0.025920214131474495,-0.1458195149898529
0.17241379310344826,0.0,0.09482758620689656,0.001864071650071019,-0.28174588084220886,0.021522006019949913,-0.13304564356803894
0.19178082191780824,0.041379310344827586,0.09589041095890412,0.010142414315199924,-0.08363475650548935,-0.24720381200313568,-0.16493016481399536
0.3303303303303303,0.19939577039274925,0.2642642642642643,0.13660026096984723,-0.1385008692741394,0.20361930131912231,0.028258254751563072
0.1724137931034483,0.025974025974025976,0.09051724137931035,0.011414614702117076,-0.2710414230823517,0.1389181762933731,-0.07293500751256943
0.28571428571428564,0.072,0.1507936507936508,0.06097716336320531,0.009231788106262684,0.03556273877620697,0.023951444774866104
0.24418604651162792,0.07602339181286549,0.13953488372093023,0.06317332106331061,-0.0824468657374382,0.060892943292856216,-0.01017282996326685
0.23361823361823358,0.05157593123209169,0.10256410256410256,0.008808160536698582,-0.1105433851480484,0.057570409029722214,-0.02625158801674843
0.2277580071174377,0.02867383512544803,0.12099644128113878,0.0049750926613573105,-0.25145575404167175,-0.04792965203523636,-0.14998047053813934
0.39560439560439564,0.22140221402214025,0.30036630036630035,0.14410829512270246,0.0640253871679306,0.201848566532135,0.13341328501701355
0.1527777777777778,0.014084507042253521,0.09722222222222222,0.005067419040833786,-0.08121829479932785,-0.42948222160339355,-0.2597891092300415
0.22641509433962265,0.025316455696202535,0.10062893081761005,0.0033816074920499204,-0.2152000218629837,0.07942809909582138,-0.07059530913829803
0.288659793814433,0.041666666666666664,0.1443298969072165,0.026937866831675667,-0.1927376687526703,0.06760097295045853,-0.06430726498365402
0.3407407407407408,0.0746268656716418,0.14814814814814817,0.044884914267417864,-0.05455658957362175,0.18253663182258606,0.06270955502986908
0.2222222222222222,0.04060913705583756,0.09595959595959595,0.016123112880996472,-0.20808613300323486,0.0815044641494751,-0.06585270166397095
0.24813895781637715,0.03990024937655861,0.12406947890818858,0.025165779705894165,-0.10309024155139923,0.05978012457489967,-0.021338751539587975
0.08866995073891626,0.0,0.03940886699507389,0.0018707552097752312,-0.22501303255558014,0.12657637894153595,-0.053820472210645676
0.24948875255623718,0.057494866529774126,0.13087934560327197,0.0371134689978885,-0.23508568108081818,-0.01899358257651329,-0.12762708961963654
0.2459016393442623,0.08264462809917356,0.18032786885245902,0.07243833710572349,-0.08434225618839264,0.12427256256341934,0.019370228052139282
0.2117647058823529,0.037825059101654845,0.09882352941176471,0.007579026664487314,-0.17672699689865112,-0.07691807299852371,-0.12550634145736694
0.2997275204359673,0.136986301369863,0.1907356948228883,0.09843999216671775,-0.04210320860147476,0.14207905530929565,0.049837157130241394
0.2867132867132867,0.09154929577464789,0.11888111888111887,0.037678010558403495,-0.06050770729780197,0.11944599449634552,0.029422275722026825
0.22222222222222218,0.0670391061452514,0.12777777777777774,0.04176742671240656,-0.22462815046310425,0.06699185818433762,-0.08142925798892975
0.23015873015873017,0.008,0.09523809523809523,0.0035766612114741594,-0.1826561838388443,0.07730823010206223,-0.05441201850771904
0.10666666666666665,0.013422818791946308,0.06,0.002751697260208147,-0.3350891172885895,0.05735039338469505,-0.14502419531345367
0.2413793103448276,0.020833333333333332,0.10344827586206895,0.004939468445003943,-0.14331327378749847,0.11779940873384476,-0.014562280848622322
0.07865168539325842,0.0,0.033707865168539325,0.0014795677289818345,-0.33604633808135986,-0.012208796106278896,-0.1777096837759018
0.12738853503184713,0.0,0.10191082802547771,0.002390141764674783,-0.20947778224945068,-0.05445869639515877,-0.13137377798557281
0.28936170212765955,0.1459227467811159,0.1872340425531915,0.034071027445593184,0.07169041782617569,0.13924288749694824,0.10669588297605515
0.23728813559322035,0.034188034188034185,0.1440677966101695,0.006160345807016609,-0.10749159008264542,0.08271561563014984,-0.012572919018566608
0.13333333333333336,0.0,0.05333333333333334,0.0022826355484038443,-0.26600226759910583,0.10382375866174698,-0.08635693043470383
0.19867549668874174,0.022172949002217293,0.08830022075055187,0.004201080601527212,-0.25224921107292175,-0.09218976646661758,-0.17165295779705048
0.2010869565217391,0.03278688524590164,0.10869565217391304,0.005217136427298639,-0.06702376157045364,0.06171711906790733,-0.0018601040355861187
0.20279720279720279,0.02816901408450704,0.11188811188811189,0.022628382498795483,-0.14246781170368195,0.014450347982347012,-0.06353772431612015
0.18243243243243246,0.03401360544217687,0.11486486486486487,0.0020030753459310134,-0.1310226172208786,-0.20321322977542877,-0.16549628973007202
0.12578616352201258,0.03164556962025316,0.09433962264150943,0.005026271903510012,-0.1394694447517395,0.2862924635410309,0.06589295715093613
0.13664596273291926,0.012578616352201259,0.08695652173913043,0.004531953253543432,-0.13459689915180206,0.060077961534261703,-0.03750085458159447
0.2804232804232804,0.03723404255319149,0.1322751322751323,0.0014237774506671397,-0.33242538571357727,-0.10791634768247604,-0.22085124254226685
0.1712538226299694,0.04307692307692308,0.09174311926605505,0.014912606749596798,-0.1978684514760971,0.09460075199604034,-0.05428982153534889
0.18006430868167203,0.012944983818770225,0.09646302250803858,0.006560079399034582,-0.2290588617324829,-0.011192900128662586,-0.12076091021299362
0.298136645962733,0.04375,0.15527950310559008,0.008516578218832598,-0.1526494175195694,0.07140173763036728,-0.04148770123720169
0.23717948717948717,0.038709677419354833,0.10897435897435898,0.03830516489536321,-0.21005864441394806,0.059952035546302795,-0.0770440474152565
0.18099547511312217,0.0182648401826484,0.0995475113122172,0.005601393097052692,-0.12369576841592789,0.10027661174535751,-0.012603644281625748
0.07586206896551724,0.0,0.04827586206896552,0.001225801172098665,-0.35203084349632263,-0.21341180801391602,-0.2816646695137024
0.20749279538904894,0.0927536231884058,0.15561959654178673,0.05276296990724668,-0.1689777672290802,-0.18963800370693207,-0.1774151474237442
0.09523809523809523,0.0,0.06666666666666667,0.0027489720772751526,-0.22693990170955658,0.07892439514398575,-0.07705888152122498
0.30267062314540055,0.08955223880597014,0.17210682492581603,0.06731999018146409,-0.08214229345321655,0.08955805748701096,0.0038406364619731903
0.20114942528735633,0.0,0.06896551724137931,0.0014940543721875664,-0.29353633522987366,-0.3157272934913635,-0.3025393784046173
0.17880794701986755,0.04666666666666667,0.09271523178807947,0.007351283730191356,-0.30937013030052185,0.08257270604372025,-0.11953261494636536
0.2608695652173913,0.0398406374501992,0.11857707509881422,0.02089629571795624,-0.11506783217191696,-0.004187035374343395,-0.0585327111184597
0.14634146341463417,0.014035087719298246,0.07665505226480836,0.0026391956086916327,-0.23173284530639648,0.055184539407491684,-0.09073860943317413
0.12903225806451613,0.0058997050147492625,0.07624633431085044,0.0015292183996234306,-0.21362443268299103,-0.017964953556656837,-0.11595967411994934
0.1725490196078431,0.015810276679841896,0.0784313725490196,0.005531798589823596,-0.1495031714439392,-0.3149759769439697,-0.23169508576393127
0.1839080459770115,0.017341040462427747,0.09195402298850575,0.01822347102470054,-0.18068261444568634,0.05537484213709831,-0.06377610564231873
0.20120724346076457,0.08080808080808081,0.12877263581488935,0.02663715195363602,-0.3857933580875397,-0.18749159574508667,-0.28665804862976074
0.03846153846153846,0.0,0.03846153846153846,0.0015767577719595718,-0.24783019721508026,0.005743068642914295,-0.12254967540502548
0.2656826568265683,0.04460966542750929,0.13284132841328414,0.005329134475982889,-0.10019339621067047,0.2077670842409134,0.050586212426424026
0.14285714285714288,0.0,0.10317460317460318,0.0032660333137994914,-0.26161473989486694,0.07383288443088531,-0.09790673851966858
0.0856269113149847,0.0,0.03669724770642202,0.0010414576516974035,-0.37913936376571655,0.11078435182571411,-0.1448020488023758
0.17801047120418848,0.11640211640211638,0.15706806282722513,0.0549273050842602,0.05940542742609978,0.38477039337158203,0.21823537349700928
0.2481203007518797,0.007575757575757578,0.12030075187969928,0.0035858895421635776,-0.09434698522090912,0.02513636089861393,-0.03364856541156769
0.22826086956521738,0.010989010989010988,0.14130434782608695,0.004439117615958268,-0.19790241122245789,1.0965455658151768e-05,-0.09917706251144409
0.13043478260869565,0.01098901098901099,0.06521739130434782,0.004471901466930678,-0.20594453811645508,0.15971221029758453,-0.028239183127880096
0.225,0.025210084033613443,0.11666666666666667,0.008797658806267724,-0.08155930787324905,0.17639879882335663,0.04564018175005913
0.1484375,0.007874015748031496,0.0703125,0.0033206612879346084,-0.1931685358285904,0.17717133462429047,-0.013300079852342606
0.06923076923076922,0.0,0.046153846153846156,0.0012290554052871282,-0.38238534331321716,-0.012512645684182644,-0.2027018964290619
0.24719101123595505,0.045283018867924525,0.14232209737827717,0.04218829075085055,-0.10324695706367493,0.15227197110652924,0.022817794233560562
0.2777777777777778,0.03370786516853933,0.12222222222222222,0.03133513376382303,0.04003625363111496,0.08464836329221725,0.06376763433218002
0.18181818181818182,0.022900763358778626,0.09090909090909091,0.0017769884803690832,-0.14504452049732208,0.024572523310780525,-0.05998244136571884
0.27672955974842767,0.06329113924050632,0.13207547169811323,0.03907419923295603,0.011588817462325096,0.08266042917966843,0.0484209768474102
0.16342412451361868,0.023529411764705882,0.07782101167315177,0.015271952180360992,-0.24672508239746094,0.15883462131023407,-0.05063283070921898
0.12017167381974249,0.017241379310344827,0.05579399141630901,0.0018542424933264746,-0.3636578917503357,0.1346154659986496,-0.1255536675453186
0.3006993006993007,0.15492957746478872,0.19580419580419578,0.058631469405859275,-0.051132652908563614,0.1824609339237213,0.06446442008018494
0.22277227722772275,0.03980099502487562,0.09405940594059406,0.0467956208160204,-0.22516442835330963,-0.2239096462726593,-0.2225474864244461
0.15833333333333335,0.1008403361344538,0.13333333333333333,0.06049588645419166,-0.19905917346477509,0.09016929566860199,-0.05700281262397766
0.23321554770318023,0.028469750889679714,0.11307420494699646,0.003975832757882303,-0.14629997313022614,0.12359801679849625,-0.01339402049779892
0.06965174129353234,0.0,0.04975124378109452,0.0013806915509641214,-0.3281216621398926,0.23918770253658295,-0.05918217450380325
0.09433962264150943,0.006329113924050633,0.056603773584905655,0.004359277095744462,-0.27875882387161255,-0.4440804123878479,-0.3607037365436554
0.17682926829268292,0.05521472392638037,0.10365853658536586,0.008573418554366179,-0.23522929847240448,0.1844707876443863,-0.032658301293849945
0.1646090534979424,0.012396694214876032,0.07407407407407407,0.004478332038343921,-0.40574127435684204,-0.024295557290315628,-0.22072869539260864
0.022813688212927754,0.0,0.015209125475285173,0.0017289753403282003,-0.493167519569397,0.0436495877802372,-0.23802587389945984
0.29556650246305416,0.04975124378109453,0.17733990147783255,0.009772087467032826,-0.10387733578681946,0.1064901351928711,0.0006964353960938752
0.2370820668693009,0.09174311926605504,0.13981762917933133,0.03653161005381829,-0.14133086800575256,0.11362935602664948,-0.015494627878069878
0.17599999999999996,0.032171581769437,0.096,0.007478054906010172,-0.3294694423675537,0.02732202410697937,-0.15583625435829163
0.32475247524752476,0.08349900596421471,0.17425742574257427,0.0716483906234923,-0.2367238849401474,-0.10804298520088196,-0.17134323716163635
0.1778846153846154,0.024154589371980676,0.07692307692307693,0.006057585529329946,-0.24787335097789764,0.000626799592282623,-0.12499497085809708
0.23255813953488375,0.046822742474916385,0.132890365448505,0.00500796574505622,-0.24832862615585327,0.019167615100741386,-0.11646787077188492
0.30769230769230765,0.10526315789473684,0.20512820512820512,0.020685774066901856,0.042993947863578796,0.27407801151275635,0.15729163587093353
0.17008797653958943,0.011799410029498525,0.07624633431085044,0.002966488056462192,-0.04808368906378746,-0.06496855616569519,-0.05482415854930878
0.24434389140271495,0.0547945205479452,0.13574660633484162,0.012926652233070827,-0.20771045982837677,-0.071121945977211,-0.1385323703289032
0.20350877192982458,0.02120141342756184,0.10526315789473685,0.0029310497411761654,-0.20583204925060272,-0.026198241859674454,-0.11586855351924896
0.18879056047197643,0.029673590504451043,0.10029498525073748,0.01898942989457399,-0.2754141390323639,-0.10754458606243134,-0.19102177023887634
0.17931034482758623,0.06944444444444445,0.08965517241379312,0.0332258541559579,-0.38881295919418335,0.025236818939447403,-0.18886007368564606
0.1597222222222222,0.013986013986013984,0.0625,0.006201000262563345,-0.3228875994682312,-0.06997198611497879,-0.1978491097688675
0.16233766233766234,0.0,0.07142857142857142,0.002346793968679648,-0.20741154253482819,0.08447220921516418,-0.06410101801156998
0.16733067729083667,0.0,0.09561752988047809,0.0016105551189408217,-0.13491103053092957,0.013715308159589767,-0.060002218931913376
0.17454545454545456,0.04395604395604396,0.09454545454545456,0.025344007034460155,-0.16892258822917938,-0.22599874436855316,-0.19568845629692078
0.12345679012345678,0.0,0.07407407407407407,0.0018798719130817725,-0.2249748259782791,0.010877731256186962,-0.10811983048915863
0.13793103448275865,0.0,0.06896551724137932,0.00424971489805439,-0.07067516446113586,0.02605745941400528,-0.02112085185945034
0.17910447761194032,0.04020100502512563,0.10945273631840798,0.003465740269905582,-0.13592346012592316,0.22422446310520172,0.03920980542898178
0.18095238095238095,0.0,0.08571428571428572,0.0036722702818056912,-0.238942950963974,0.1001814603805542,-0.07353432476520538
0.2572062084257206,0.053452115812917596,0.1374722838137472,0.03618044457334298,-0.1782396286725998,0.009250952862203121,-0.08453673124313354
0.1048951048951049,0.007042253521126761,0.05594405594405594,0.0013195087284673843,-0.3495768904685974,0.07825302332639694,-0.14332513511180878
0.2877192982456141,0.17667844522968196,0.2175438596491228,0.0930800397541857,-0.31914281845092773,-0.17626650631427765,-0.24676097929477692
0.257372654155496,0.059299191374663066,0.15549597855227884,0.010370812192498323,-0.18036212027072906,0.16825465857982635,-0.010565193369984627
0.2056737588652482,0.014285714285714285,0.0921985815602837,0.0046369652510739115,-0.07604896277189255,-0.0010502076474949718,-0.03714698925614357
0.19923371647509577,0.03088803088803089,0.08429118773946359,0.006194921573591136,-0.1066737249493599,-0.20303036272525787,-0.15346300601959229
0.3114754098360656,0.09090909090909091,0.19672131147540986,0.06391421894322503,0.07389427721500397,0.29462552070617676,0.18321478366851807
0.24444444444444446,0.0111731843575419,0.08888888888888889,0.0034172664158245254,-0.2263544499874115,0.014318054541945457,-0.10720937699079514
0.2626262626262626,0.061016949152542375,0.14814814814814814,0.02757553566267207,-0.02789558656513691,0.19032104313373566,0.08034152537584305
0.23770491803278693,0.03305785123966942,0.10655737704918032,0.0052048152530422345,-0.03851088508963585,0.06631695479154587,0.014953230507671833
0.15047021943573669,0.012618296529968454,0.06896551724137931,0.00293072954257916,-0.41343459486961365,-0.09919103235006332,-0.2595316767692566
0.09523809523809523,0.01415929203539823,0.042328042328042326,0.0012278171705358075,-0.5491334199905396,0.09741675108671188,-0.24600732326507568
0.16600790513833993,0.0,0.08695652173913043,0.0031840394182522315,-0.23343366384506226,0.09018909931182861,-0.07524857670068741
0.232,0.04032258064516128,0.16,0.005657303063712022,-0.03771636635065079,0.23092152178287506,0.09449625015258789
0.23684210526315785,0.02654867256637168,0.11403508771929827,0.005533547164155442,-0.17118233442306519,0.09477937966585159,-0.0401139035820961
0.19672131147540983,0.022099447513812157,0.10928961748633882,0.004016583413785267,-0.16515551507472992,0.16659709811210632,-0.003213420743122697
0.23157894736842105,0.127208480565371,0.1894736842105263,0.008579165434418093,-0.23255495727062225,0.18990187346935272,-0.02872266247868538
0.2352941176470588,0.04237288135593221,0.12605042016806722,0.005355510232468586,-0.08187627047300339,0.12338118255138397,0.020226644352078438
0.17391304347826086,0.01875,0.08695652173913043,0.0015014187756704287,-0.2970653474330902,0.045811548829078674,-0.12989085912704468
0.18815331010452963,0.03508771929824561,0.0975609756097561,0.007870893291910677,-0.19410385191440582,0.13366147875785828,-0.03400631994009018
0.07048458149779735,0.0,0.05286343612334801,0.001715632972084334,-0.3480377495288849,-0.08091126382350922,-0.2162671983242035
0.13612565445026178,0.031746031746031744,0.10471204188481677,0.00733845736279289,-0.11749950051307678,0.17846809327602386,0.027663176879286766
0.23013698630136986,0.011019283746556472,0.10410958904109589,0.0024899785833767145,-0.3536623418331146,-0.027207771316170692,-0.19409887492656708
0.11235955056179775,0.096045197740113,0.11235955056179775,0.050692300492775705,-0.38196226954460144,0.4482954144477844,0.00012501933088060468
0.14960629921259844,0.07142857142857142,0.13385826771653542,0.043090184548339565,-0.21722912788391113,0.14979130029678345,-0.03889019414782524
0.27586206896551724,0.05780346820809249,0.10919540229885058,0.017411160378278563,-0.23647378385066986,0.19070129096508026,-0.030486706644296646
0.30023094688221713,0.027842227378190258,0.10623556581986143,0.008203428571523372,-0.1839841604232788,-0.06867770850658417,-0.12518814206123352
0.23963133640552994,0.06481481481481481,0.11059907834101382,0.034785052420331634,-0.25435084104537964,-0.004773156717419624,-0.1309559941291809
0.1037037037037037,0.007462686567164179,0.05185185185185185,0.0023564019809004587,-0.26258543133735657,0.014559295028448105,-0.12616464495658875
0.1946308724832215,0.006756756756756757,0.087248322147651,0.004602697569751119,-0.11106127500534058,0.05562244728207588,-0.027459049597382545
0.2015915119363395,0.04266666666666667,0.09018567639257295,0.005746858484181456,-0.4861915707588196,0.028183696791529655,-0.24102668464183807
0.15211267605633805,0.028328611898016998,0.08450704225352113,0.001991267832141358,-0.43330541253089905,-0.039258453994989395,-0.24251137673854828
0.27609427609427606,0.08135593220338982,0.1548821548821549,0.043660388587878164,-0.06815717369318008,0.07616958767175674,0.00457556638866663
0.32885906040268464,0.07432432432432433,0.1610738255033557,0.04771110153921098,-0.09045574814081192,-0.039572205394506454,-0.06341517716646194
0.16352201257861637,0.03164556962025316,0.10062893081761005,0.005943683951082514,-0.23009073734283447,0.0794479101896286,-0.07848777621984482
0.026058631921824105,0.0,0.013029315960912053,0.000763030597631478,-0.4110125005245209,-0.03747355937957764,-0.22963720560073853
0.22222222222222224,0.01764705882352941,0.10526315789473685,0.00310119941113287,-0.19980309903621674,-0.06449314951896667,-0.13125687837600708
0.13164556962025317,0.005089058524173028,0.060759493670886074,0.0018735291158881251,-0.42054036259651184,-0.07011771947145462,-0.24983207881450653
0.16993464052287585,0.03947368421052632,0.09803921568627451,0.014179971537950194,-0.2543289065361023,0.19448330998420715,-0.03848864883184433
0.2474747474747475,0.02030456852791878,0.10101010101010101,0.022077923188939495,-0.12856654822826385,0.0908767431974411,-0.019629448652267456
0.15813953488372093,0.009389671361502348,0.09302325581395347,0.00936328073073265,-0.19595643877983093,-0.3598264753818512,-0.27725863456726074
0.12195121951219512,0.02459016393442623,0.08943089430894309,0.00618029952949982,-0.18687181174755096,0.12517915666103363,-0.034119684249162674
0.1181818181818182,0.009174311926605503,0.08181818181818182,0.00263942716203179,-0.18003666400909424,0.24051877856254578,0.022935397922992706
0.2437673130193906,0.022284122562674095,0.09418282548476453,0.004285465827178699,-0.1725156158208847,0.017036426812410355,-0.07782983034849167
0.045627376425855515,0.0,0.030418250950570342,0.0009830575462449608,-0.30854520201683044,0.11278749257326126,-0.105245441198349
0.2384428223844282,0.03422982885085575,0.10218978102189781,0.004484684986221633,-0.12930305302143097,-0.04393858090043068,-0.08522822707891464
0.17699115044247785,0.008928571428571428,0.08849557522123892,0.0032723355524893237,-0.17077162861824036,0.12198042869567871,-0.027080459520220757
0.12359550561797752,0.011363636363636362,0.08988764044943821,0.00264380957968434,-0.286785751581192,0.09840894490480423,-0.10005113482475281
0.24291497975708504,0.04081632653061224,0.1376518218623482,0.0353901654655763,-0.0614875927567482,0.177451491355896,0.056664131581783295
0.2931596091205212,0.10491803278688526,0.15635179153094464,0.05288497216007971,-0.10415113717317581,0.14434854686260223,0.018586207181215286
0.25641025641025644,0.017191977077363897,0.09116809116809117,0.002568561444288505,-0.26177603006362915,0.08791288733482361,-0.09145305305719376
0.22314049586776863,0.025,0.12396694214876032,0.008949886741946429,-0.04043103754520416,0.15917029976844788,0.058911655098199844
0.2088607594936709,0.08280254777070062,0.1518987341772152,0.034436034250538004,-0.21237215399742126,0.19213104248046875,-0.01676248013973236
0.2670623145400594,0.005970149253731344,0.09495548961424333,0.0032132478510047816,-0.12890861928462982,0.11054452508687973,-0.010441940277814865
0.1702127659574468,0.0,0.09574468085106383,0.012682168669789131,-0.09228003025054932,-0.002426549093797803,-0.046061500906944275
0.2212765957446809,0.008583690987124463,0.11914893617021276,0.003064244907961972,-0.07532589882612228,0.09676766395568848,0.01083783432841301
0.12781954887218044,0.007575757575757577,0.06766917293233082,0.0024317686130980462,-0.28318458795547485,0.09619038552045822,-0.0991307944059372
0.1935483870967742,0.02439024390243903,0.11290322580645162,0.0045637920011016115,-0.11210023611783981,0.22077882289886475,0.05034041404724121
0.25087108013937276,0.0631578947368421,0.11846689895470382,0.02930672477308868,-0.15342554450035095,0.09845952689647675,-0.029034504666924477
0.17094017094017092,0.017191977077363897,0.07977207977207977,0.007897719533100785,-0.1460237056016922,0.03952515870332718,-0.05329355224967003
0.27667984189723316,0.07171314741035857,0.14229249011857706,0.010548826491064985,-0.03362065926194191,0.1697693020105362,0.06752951443195343
0.22346368715083798,0.016853932584269662,0.08379888268156425,0.00388579288159793,-0.17577505111694336,0.045221537351608276,-0.06604375690221786
0.13620071684587814,0.021660649819494584,0.05017921146953405,0.003435060709769978,-0.3978540897369385,-0.006080168299376965,-0.20809821784496307
0.25219941348973607,0.05309734513274336,0.10557184750733138,0.007231227348885626,-0.20726260542869568,-0.12687668204307556,-0.16550970077514648
0.18241042345276873,0.0,0.08469055374592833,0.001715164962880081,-0.3031144440174103,0.006232269573956728,-0.1515573412179947
0.22712933753943215,0.025396825396825397,0.10725552050473185,0.00411395331083436,-0.1523681879043579,0.06163470074534416,-0.04600076004862785
0.15849056603773587,0.022813688212927754,0.0981132075471698,0.0026314584843489955,-0.22603146731853485,0.18430595099925995,-0.0277461688965559
0.1774193548387097,0.0,0.08064516129032258,0.003935555177938527,-0.2522173821926117,-0.03376263752579689,-0.1436133086681366
0.19742489270386265,0.0,0.08583690987124463,0.0022402436774303287,-0.12590104341506958,0.12410949915647507,-0.002425516489893198
0.2201834862385321,0.009259259259259259,0.10091743119266054,0.0038590978683647075,-0.20281952619552612,-0.004996710456907749,-0.10413121432065964
0.303951367781155,0.11009174311926606,0.18844984802431608,0.06714867141777658,-0.16106723248958588,0.14744822680950165,-0.009987067431211472
0.19580419580419578,0.014084507042253521,0.09790209790209789,0.0037156890142226494,-0.21987871825695038,-0.11273973435163498,-0.16501210629940033
0.288135593220339,0.11965811965811968,0.23728813559322032,0.05763666701164467,-0.1132332906126976,0.2525280714035034,0.06449514627456665
0.15544041450777202,0.020833333333333332,0.09326424870466321,0.006984202663215904,-0.23314253985881805,0.07669168710708618,-0.08139994740486145
0.16551724137931034,0.04861111111111111,0.11724137931034484,0.008786206502416915,-0.21130242943763733,0.0941447988152504,-0.061627116054296494
0.2463343108504399,0.03539823008849558,0.12316715542521996,0.0046657370682066275,-0.1202138215303421,0.11462296545505524,-0.003951529040932655
0.2531017369727047,0.04987531172069826,0.11414392059553351,0.0026999064428231646,-0.28130191564559937,-0.12786251306533813,-0.2038634568452835
0.24113475177304966,0.12857142857142856,0.19148936170212766,0.08529270026418215,-0.09501698613166809,0.2328464835882187,0.06507327407598495
0.24449877750611249,0.02457002457002457,0.12224938875305624,0.0016954321860494963,-0.13231027126312256,-0.14674219489097595,-0.1376858353614807
0.1987179487179487,0.04516129032258064,0.08974358974358974,0.004508293195157544,-0.16777077317237854,0.03605087846517563,-0.06625283509492874
0.1867704280155642,0.0392156862745098,0.0933852140077821,0.004463762317156545,-0.2600575387477875,-0.1178259402513504,-0.18807004392147064
0.22064056939501778,0.050179211469534045,0.11387900355871887,0.02151389597251489,-0.2451332062482834,0.02535001002252102,-0.11186616867780685
0.07932011331444759,0.0,0.05099150141643059,0.0011033307668742388,-0.30113911628723145,-0.020252134650945663,-0.16292738914489746
0.2525773195876289,0.020725388601036267,0.10309278350515465,0.007254402920277203,-0.23643912374973297,0.06731162220239639,-0.08754178881645203
0.3333333333333333,0.1139240506329114,0.169811320754717,0.02031169755460452,-0.17931325733661652,-0.09545322507619858,-0.13589920103549957
0.18779342723004697,0.02843601895734597,0.11267605633802816,0.004537546289532631,-0.12517939507961273,0.24857130646705627,0.05625128373503685
0.24754420432220037,0.04733727810650888,0.106090373280943,0.012362779964392546,-0.29278212785720825,-0.1012231782078743,-0.19698597490787506
0.2417582417582418,0.05904059040590406,0.14652014652014653,0.03376320076144547,-0.17980743944644928,0.2490198314189911,0.026948729529976845
0.2492917847025496,0.07977207977207977,0.1586402266288952,0.03837636559981162,-0.21937426924705505,0.18597412109375,-0.023377202451229095
0.11869436201780417,0.005970149253731343,0.06528189910979229,0.014073593860365281,-0.2595014274120331,-0.378398060798645,-0.3175741732120514
0.3660714285714286,0.10810810810810811,0.17857142857142858,0.05411036541514387,-0.09699196368455887,-0.06639901548624039,-0.07998553663492203
0.3132530120481928,0.10303030303030303,0.18674698795180722,0.07328150114708226,-0.21293427050113678,0.09702234715223312,-0.06114611029624939
0.17891373801916932,0.01929260450160772,0.07028753993610223,0.0024628549981473057,-0.31742995977401733,0.0605204701423645,-0.1340295523405075
0.3044397463002114,0.05095541401273886,0.1226215644820296,0.026959515919849637,-0.24172979593276978,0.015504092909395695,-0.11472325026988983
0.39823008849557523,0.28571428571428575,0.3274336283185841,0.13251096222731282,0.006081299390643835,0.30773136019706726,0.15382252633571625
0.22629969418960247,0.018461538461538463,0.10397553516819572,0.00586158473364813,-0.34442949295043945,-0.04560002312064171,-0.1977682262659073
0.15328467153284672,0.03676470588235294,0.09489051094890512,0.006143933252003076,-0.35223108530044556,0.05265328660607338,-0.15646134316921234
0.24150943396226413,0.03802281368821293,0.13584905660377358,0.004739747746762612,-0.20785832405090332,-0.06935544312000275,-0.13775187730789185
0.26363636363636367,0.05504587155963303,0.14545454545454548,0.00960322281213919,-0.05488911271095276,0.21935296058654785,0.07998836040496826
0.2712933753943218,0.044444444444444446,0.1198738170347003,0.011779072070654576,-0.08407659083604813,0.09316392242908478,0.004577685613185167
0.25581395348837205,0.03529411764705882,0.15116279069767444,0.007823380453395085,-0.07071195542812347,0.1732892096042633,0.04985516890883446
0.13654618473895583,0.016194331983805668,0.08032128514056226,0.0034973165212805165,-0.15713955461978912,0.22010357677936554,0.02591184712946415
0.20771513353115725,0.06567164179104477,0.10089020771513353,0.044458495840471526,-0.21302129328250885,0.15429739654064178,-0.03454595059156418
0.27411167512690354,0.03571428571428571,0.1218274111675127,0.0038710573100361823,-0.10068652033805847,-0.05103039741516113,-0.0742357075214386
0.2717391304347826,0.01639344262295082,0.11956521739130434,0.0032017404133187623,-0.1708611249923706,-0.17863363027572632,-0.17284205555915833
0.22627737226277372,0.007352941176470587,0.10218978102189781,0.004304488845598922,-0.17064817249774933,0.05659554526209831,-0.05794540420174599
0.22775800711743774,0.02150537634408602,0.08540925266903913,0.004509609300824725,-0.25964152812957764,0.010265788063406944,-0.1266336441040039
0.13765182186234814,0.0163265306122449,0.09716599190283401,0.0029426350116091367,-0.1611323207616806,0.2691347301006317,0.04628646746277809
0.33636363636363636,0.11009174311926605,0.20000000000000004,0.09042841916545381,0.07746148109436035,-0.12178482115268707,-0.02252255193889141
0.18433179723502305,0.009302325581395349,0.09216589861751152,0.002483353716463325,-0.10432801395654678,0.08011291176080704,-0.012183381244540215
0.35714285714285715,0.1895424836601307,0.2662337662337662,0.18307030265455196,0.01584194228053093,0.18830834329128265,0.10206416249275208
0.30422535211267604,0.08498583569405099,0.1802816901408451,0.07069019491591123,-0.08058296144008636,-0.008328793570399284,-0.04302360489964485
0.21167883211678834,0.029411764705882353,0.10948905109489053,0.003950076352097098,-0.1564115434885025,0.19645851850509644,0.015351597219705582
0.2345679012345679,0.05590062111801242,0.1111111111111111,0.007746996646528083,-0.1821177750825882,0.1537657529115677,-0.01824258081614971
0.22891566265060237,0.03636363636363636,0.10843373493975904,0.00271506521921468,-0.29767024517059326,0.03310081735253334,-0.13612310588359833
0.21505376344086022,0.028880866425992777,0.13620071684587814,0.009749982205989022,-0.17842534184455872,0.03436432033777237,-0.0726076290011406
0.15920398009950248,0.09045226130653267,0.12935323383084577,0.03282263006052209,-0.04670123755931854,0.23011043667793274,0.08938176184892654
0.2656641604010025,0.06045340050377834,0.14536340852130325,0.04237915364916451,-0.05287522077560425,-0.0544838085770607,-0.05196778476238251
0.25373134328358204,0.035,0.1044776119402985,0.019070234597130427,-0.33826082944869995,0.02397296205163002,-0.16210946440696716
0.20902612826603323,0.07159904534606207,0.1330166270783848,0.047113539528102634,-0.1835118979215622,0.19257673621177673,-0.000988500309176743
0.2059800664451827,0.006688963210702341,0.07973421926910298,0.0030873189042877913,-0.16403235495090485,0.0718018040060997,-0.04724954068660736
0.2238267148014441,0.007272727272727274,0.09386281588447654,0.004565048031346609,-0.1504179686307907,0.07378831505775452,-0.03918473422527313
0.15141955835962145,0.006349206349206349,0.07570977917981073,0.002753633319000698,-0.23971907794475555,0.014064081013202667,-0.11434713751077652
0.3102493074792244,0.03342618384401114,0.12188365650969528,0.004071911409742447,-0.2445024698972702,-0.17399631440639496,-0.20754551887512207
0.2985074626865672,0.08565310492505354,0.14498933901918976,0.03594111294889918,-0.21820195019245148,0.13895389437675476,-0.04442989453673363
0.19011406844106463,0.0,0.10646387832699619,0.0024787372545198713,-0.12058879435062408,-0.17314383387565613,-0.1451481580734253
0.3017543859649123,0.0706713780918728,0.1543859649122807,0.03944329009584363,-0.11145782470703125,0.07294751703739166,-0.019321491941809654
0.2660098522167488,0.0396039603960396,0.11330049261083744,0.008307686631481256,-0.15765780210494995,-0.06345213949680328,-0.10920686274766922
0.18947368421052632,0.0,0.06315789473684211,0.0016785274969376477,-0.28211236000061035,0.017978394404053688,-0.13490010797977448
0.19875776397515527,0.018750000000000003,0.09937888198757763,0.0059325870554897435,-0.28032204508781433,0.03604663535952568,-0.12549751996994019
0.2236842105263158,0.033112582781456956,0.13157894736842105,0.005557158327569106,-0.11096186935901642,0.0389772430062294,-0.03545110300183296
0.18666666666666668,0.06278026905829596,0.13333333333333333,0.02994462368248102,-0.11314167082309723,0.22937610745429993,0.05379115790128708
0.27177700348432055,0.14035087719298245,0.17421602787456444,0.07298889567852039,-0.11071176826953888,0.20463873445987701,0.04353709891438484
0.13031161473087818,0.005698005698005698,0.0623229461756374,0.0024256558106640117,-0.37264132499694824,-0.10676886886358261,-0.24144165217876434
0.26301369863013696,0.09917355371900827,0.14246575342465753,0.056466336210649226,-0.17158560454845428,0.08298975229263306,-0.04590258002281189
0.19073569482288827,0.043835616438356165,0.08719346049046321,0.006947015657033924,-0.2758025527000427,0.1646912395954132,-0.06375526636838913
0.31496062992125984,0.07142857142857144,0.1889763779527559,0.04476727181788247,-0.09194467216730118,0.16431769728660583,0.03446119278669357
0.1414141414141414,0.02040816326530612,0.10101010101010101,0.005533236692959689,-0.13666915893554688,0.0071236551739275455,-0.0640992522239685
0.18029350104821806,0.029473684210526315,0.08385744234800838,0.002626947492616426,-0.3027380406856537,-0.31117555499076843,-0.30483776330947876
0.26804123711340205,0.06920415224913494,0.10996563573883161,0.002023300519125877,-0.22641140222549438,0.005567621439695358,-0.11139611154794693
0.1693121693121693,0.0,0.08465608465608465,0.0021285122014799863,-0.2105107307434082,0.04413241893053055,-0.08475852012634277
0.13829787234042554,0.0053475935828877,0.06914893617021277,0.0021011207351924136,-0.31819936633110046,0.05359525606036186,-0.13763710856437683
0.2674418604651163,0.10588235294117647,0.16279069767441862,0.00563566563795502,-0.05439280346035957,0.11753235012292862,0.03166167810559273
0.19243986254295536,0.0,0.07560137457044674,0.0014592246284811656,-0.23296459019184113,-0.0006430709036067128,-0.11777951568365097
0.25278810408921937,0.08239700374531836,0.15613382899628256,0.005549959888521692,0.005195158068090677,0.04533189907670021,0.026766851544380188
0.1798561151079137,0.02173913043478261,0.09352517985611511,0.01517869644021859,-0.24676328897476196,-0.012544481083750725,-0.13066215813159943
0.20664206642066418,0.007434944237918215,0.08856088560885608,0.0018385056779308968,-0.2613571882247925,0.024525124579668045,-0.12082695215940475
0.2672811059907834,0.05581395348837209,0.17511520737327188,0.03575870852057198,-0.21334637701511383,0.06137153133749962,-0.07810918241739273
0.13658536585365852,0.0,0.07804878048780488,0.0018968562436712311,-0.26329219341278076,-0.4754090905189514,-0.3695914149284363
0.16463414634146342,0.03680981595092024,0.09146341463414635,0.0037446995102887373,-0.2749185264110565,0.12677904963493347,-0.08060038834810257
0.19314641744548283,0.012539184952978058,0.08722741433021808,0.0027092493818308165,-0.1709548681974411,0.08236648887395859,-0.04586655646562576
0.08247422680412372,0.010416666666666666,0.05154639175257731,0.00667617426787696,-0.17481356859207153,0.14391276240348816,-0.018946785479784012
0.15789473684210525,0.013245033112582781,0.07894736842105263,0.0034973486359978273,-0.21379493176937103,0.10432321578264236,-0.05819014459848404
0.21917808219178084,0.027649769585253454,0.13698630136986303,0.004562821380846572,-0.1117938831448555,0.21409450471401215,0.0473833866417408
0.21524663677130043,0.036199095022624424,0.12556053811659193,0.005329899031291596,-0.17332392930984497,0.039585646241903305,-0.06745464354753494
0.14592274678111586,0.0,0.060085836909871244,0.0017343068240921987,-0.19861061871051788,-0.04017530754208565,-0.11887149512767792
0.1869918699186992,0.00819672131147541,0.09756097560975611,0.004627781318966061,-0.16830599308013916,0.03670208528637886,-0.06621963530778885
0.1597222222222222,0.04195804195804197,0.09722222222222222,0.008588502818020871,-0.21943405270576477,0.09143350273370743,-0.06721625477075577
0.32484076433121023,0.08974358974358974,0.1656050955414013,0.07476394495751659,-0.16085250675678253,0.12812073528766632,-0.01894501969218254
0.1610738255033557,0.013513513513513516,0.10067114093959732,0.002939553322125444,-0.2179391086101532,0.09079396724700928,-0.06672076880931854
0.3404255319148936,0.1630901287553648,0.22978723404255313,0.06950554494350393,-0.031184744089841843,0.31480124592781067,0.13732491433620453
0.11505922165820644,0.0,0.04060913705583757,0.001427356846736863,-0.4434488117694855,-0.10596520453691483,-0.27872708439826965
0.053475935828877004,0.010810810810810811,0.04278074866310161,0.002540130925469283,-0.31218844652175903,-0.6821786761283875,-0.5024615526199341
0.17699115044247787,0.026785714285714284,0.10619469026548674,0.0016841400870065157,-0.2123251110315323,0.0975840613245964,-0.06055986136198044
0.2952646239554318,0.0784313725490196,0.16155988857938716,0.021292326179844154,-0.1633421927690506,0.21420380473136902,0.01985088177025318
0.15204678362573099,0.0058823529411764705,0.07602339181286549,0.004868781407493246,-0.37270253896713257,-0.07944048196077347,-0.22863070666790009
0.15294117647058822,0.0,0.08235294117647057,0.004292699741735864,-0.12174873799085617,0.03980531170964241,-0.040607623755931854
0.33064516129032256,0.15447154471544713,0.16129032258064516,0.013088740536439679,-0.03064209409058094,0.16685743629932404,0.06768031418323517
0.16161616161616163,0.03389830508474576,0.09427609427609428,0.003802175934498598,-0.2548602521419525,-0.4502981901168823,-0.3524676561355591
0.22596964586846546,0.04060913705583756,0.11129848229342326,0.01741112309104793,-0.291971355676651,0.07089661806821823,-0.11553658545017242
0.2408759124087591,0.022058823529411766,0.10218978102189782,0.03405753229607994,-0.048434607684612274,0.04512426257133484,-0.00046829276834614575
0.28215767634854777,0.08368200836820085,0.16597510373443983,0.02854797454607907,-0.001358749927021563,0.019947931170463562,0.010881626047194004
0.19889502762430938,0.0670391061452514,0.15469613259668508,0.004652878899860123,-0.2406059354543686,0.0981249064207077,-0.07537995278835297
0.21186440677966104,0.02564102564102564,0.1016949152542373,0.010098004567778623,-0.12079431861639023,0.07792158424854279,-0.02177773229777813
0.4097222222222222,0.09790209790209789,0.2222222222222222,0.05547441886293572,0.01191108301281929,0.11944175511598587,0.0666201189160347
0.2622950819672131,0.04395604395604395,0.11475409836065571,0.004455687641207102,-0.24574589729309082,0.07599272578954697,-0.08843351900577545
0.14965986394557823,0.0136986301369863,0.061224489795918366,0.00330343000089319,-0.17349089682102203,0.08507849276065826,-0.04591529443860054
0.29333333333333333,0.06970509383378017,0.16,0.03416680011724306,-0.012823755852878094,0.0990329161286354,0.04403470456600189
0.05681818181818182,0.0,0.04545454545454545,0.001408916634332772,-0.2974120080471039,-0.05351991206407547,-0.1766696274280548
0.2518518518518518,0.05459057071960298,0.11358024691358026,0.010713531864419975,-0.14248444139957428,0.13277964293956757,-0.007049113046377897
0.2814070351758794,0.14213197969543145,0.2211055276381909,0.09310175119717,-0.15031220018863678,0.24633222818374634,0.041685473173856735
0.21348314606741572,0.05084745762711864,0.10112359550561797,0.006985997562424354,-0.26409026980400085,0.03628433868288994,-0.1167571097612381
0.21649484536082472,0.041666666666666664,0.12371134020618557,0.0023383663294804266,-0.2300751805305481,0.15043260157108307,-0.045504920184612274
0.2802547770700637,0.019230769230769232,0.1337579617834395,0.007295796733039858,-0.2701209783554077,0.0664587914943695,-0.10588289797306061
0.13445378151260504,0.07323943661971832,0.08963585434173668,0.020737264886305763,-0.31064221262931824,0.2571943998336792,-0.04143931716680527
0.31578947368421056,0.17880794701986752,0.20394736842105263,0.09483584548360809,-0.04670088365674019,0.3284939229488373,0.1353786289691925
0.2611464968152866,0.08333333333333333,0.17197452229299362,0.053140054444277995,-0.08524325489997864,0.106329545378685,0.01030314713716507
0.24342105263157895,0.02649006622516556,0.125,0.004219237855887684,-0.09638245403766632,0.06096050143241882,-0.01731058768928051
0.27378190255220414,0.10256410256410256,0.1948955916473318,0.08345597517255786,-0.1250244528055191,0.06656879931688309,-0.02941839210689068
0.24199288256227755,0.014336917562724014,0.1423487544483986,0.004461052854221937,-0.09750596433877945,0.14761094748973846,0.02361876517534256
0.30167597765363124,0.03932584269662921,0.13966480446927373,0.00475480187879676,-0.12672385573387146,0.17147213220596313,0.01949242129921913
0.17699115044247787,0.026785714285714284,0.11504424778761062,0.007721034605217001,-0.25554439425468445,-0.045452166348695755,-0.15092623233795166
0.2017291066282421,0.04057971014492754,0.11527377521613832,0.0035105309771152012,-0.1846194863319397,-0.04986593872308731,-0.1163647472858429
0.1565217391304348,0.01754385964912281,0.09565217391304348,0.001905507115902391,-0.17767822742462158,-0.23786194622516632,-0.2060011327266693
0.13071895424836602,0.013157894736842106,0.08496732026143793,0.0032383923961987094,-0.29150688648223877,-0.09221594035625458,-0.19200992584228516
0.25842696629213485,0.050847457627118654,0.12359550561797754,0.028199172980593396,-0.11545448005199432,0.10662773251533508,-0.0052727083675563335
0.2382978723404255,0.1630901287553648,0.20425531914893616,0.08848458758991712,-0.06495999544858932,0.3173685669898987,0.12042399495840073
0.3533834586466165,0.14393939393939392,0.22556390977443605,0.09715351680016408,-0.12866948544979095,0.12607690691947937,-0.002946077147498727
0.13370473537604458,0.011204481792717087,0.07799442896935932,0.002211473836956146,-0.3054767847061157,0.07857633382081985,-0.11926703155040741
0.22727272727272724,0.18348623853211007,0.20909090909090908,0.09847135374284688,-0.08982855081558228,0.5688796639442444,0.21984580159187317
0.20865139949109415,0.020460358056265986,0.08142493638676844,0.005899275450553652,-0.3161596357822418,0.031561411917209625,-0.14673173427581787
0.2807017543859649,0.10075566750629723,0.14035087719298245,0.03445330977827945,-0.21992506086826324,0.17002680897712708,-0.031004441902041435
0.16831683168316833,0.0,0.099009900990099,0.004103070426150346,-0.27058863639831543,0.02789965458214283,-0.12413501739501953
0.19863013698630136,0.05517241379310344,0.11643835616438357,0.03955466256528409,-0.2426728904247284,-0.13477180898189545,-0.1874004453420639
0.08298755186721993,0.0,0.05809128630705394,0.001309445775954712,-0.2819100320339203,0.17697855830192566,-0.06150951236486435
0.17040358744394618,0.009049773755656108,0.09865470852017937,0.0019287013813044645,-0.2929774224758148,-0.09379319846630096,-0.19352993369102478
0.12716763005780346,0.011695906432748539,0.09248554913294797,0.002548504598298327,-0.09001249819993973,-0.034166235476732254,-0.06052207201719284
0.1764705882352941,0.00847457627118644,0.1008403361344538,0.001880838095266658,-0.27532851696014404,0.025886964052915573,-0.127593532204628
0.13445378151260504,0.02542372881355932,0.09243697478991597,0.003213590459834971,-0.22408230602741241,0.07808607071638107,-0.07593441009521484
0.16254416961130744,0.014234875444839859,0.09187279151943464,0.006614426323207411,-0.3047367334365845,0.09186434000730515,-0.11275967210531235
0.18248175182481752,0.0,0.07299270072992702,0.002814057858415133,-0.23463782668113708,0.016256464645266533,-0.11063787341117859
0.2290748898678414,0.044444444444444446,0.1145374449339207,0.027762603046092016,-0.14145998656749725,0.1362655907869339,-0.004864805843681097
0.15053763440860216,0.014440433212996389,0.07885304659498207,0.002815467310942158,-0.2446591854095459,0.02786392904818058,-0.11043056845664978
0.3526011560693641,0.1802325581395349,0.24277456647398843,0.14150949636102866,-0.08960922062397003,-0.15321429073810577,-0.119801364839077
0.29357798165137616,0.0462962962962963,0.16513761467889906,0.0124853777355727,-0.022417427971959114,0.04117634519934654,0.010786272585391998
0.09395973154362416,0.006756756756756756,0.04697986577181208,0.0010848373654098488,-0.27639293670654297,0.10709287971258163,-0.09044618904590607
0.2828282828282828,0.07457627118644068,0.1616161616161616,0.026767062294865966,-0.06513262540102005,0.29192766547203064,0.1085432693362236
0.2613981762917933,0.06727828746177371,0.1276595744680851,0.04209592651192798,-0.08427221328020096,0.16828860342502594,0.04037206247448921
0.28373702422145325,0.13240418118466898,0.17993079584775087,0.0769784043195466,-0.1933988332748413,0.21156679093837738,0.0024244568776339293
0.2513089005235602,0.08465608465608467,0.1256544502617801,0.02717333068276652,0.030649876222014427,0.3356214463710785,0.17993390560150146
0.15060240963855423,0.0,0.07228915662650603,0.0013758082235698832,-0.2717825472354889,-0.07404370605945587,-0.1730518341064453
0.11695906432748539,0.0,0.07017543859649122,0.0021992307326909686,-0.16557824611663818,-0.5064607858657837,-0.34016525745391846
0.09615384615384616,0.009708737864077669,0.038461538461538464,0.002901312767487576,-0.20900729298591614,0.1306898295879364,-0.04334498196840286
0.31615120274914094,0.08996539792387542,0.18556701030927836,0.0386250344494477,-0.030506961047649384,0.08072131127119064,0.02607112191617489
0.2517482517482517,0.02112676056338028,0.10489510489510488,0.0060915066478269,-0.09729265421628952,0.043701231479644775,-0.026134692132472992
0.25304136253041365,0.019559902200488997,0.09732360097323603,0.0033683199758045993,-0.24741877615451813,-0.10339362919330597,-0.1745806783437729
0.224,0.12096774193548387,0.176,0.08408256814504916,-0.06145858392119408,0.37506207823753357,0.14884081482887268
0.17721518987341775,0.0050890585241730275,0.07594936708860758,0.001318252766952334,-0.37598639726638794,-0.11854930222034454,-0.2487630546092987
0.3555555555555555,0.09701492537313433,0.17777777777777776,0.05809375683804082,-0.03322729095816612,0.09720027446746826,0.03270738944411278
0.16254416961130744,0.042704626334519574,0.12014134275618374,0.0037807528422247037,-0.31354403495788574,-0.03503533825278282,-0.176441490650177
0.22310756972111556,0.024096385542168676,0.12749003984063745,0.009823020884466854,-0.15646213293075562,0.02906128577888012,-0.06373125314712524
0.2794759825327511,0.03524229074889868,0.1222707423580786,0.007544217698033628,-0.05459514632821083,0.00399425532668829,-0.02380770817399025
0.20979020979020976,0.028169014084507043,0.11888111888111888,0.005178557240777804,-0.1749950349330902,-0.01623382605612278,-0.09513017535209656
0.23529411764705885,0.05376344086021506,0.11229946524064172,0.01903501927430061,-0.27430298924446106,0.04870572313666344,-0.11638311296701431
0.13076923076923078,0.0,0.07692307692307693,0.001524011356570868,-0.2405252754688263,0.05052740126848221,-0.09758112579584122
0.3532219570405728,0.10551558752997602,0.17183770883054894,0.05143279945670918,-0.08293575048446655,0.07785862684249878,-0.0022139723878353834
0.17692307692307693,0.023255813953488375,0.07692307692307691,0.0016678620258757755,-0.2707333266735077,0.03520972281694412,-0.12078845500946045
0.20077220077220076,0.07003891050583658,0.1312741312741313,0.03564128728580758,-0.09063226729631424,0.10568788647651672,0.0071988534182310104
0.10452961672473868,0.007017543859649123,0.06968641114982578,0.0011712688303965042,-0.3055093288421631,0.16068035364151,-0.08181632310152054
0.15646258503401358,0.03424657534246575,0.0816326530612245,0.006813401484123795,-0.2455347180366516,0.14307230710983276,-0.05723201483488083
0.22310756972111553,0.01606425702811245,0.0796812749003984,0.0035803448688546667,-0.2445031851530075,0.053117018193006516,-0.0984739139676094
0.16580310880829013,0.0837696335078534,0.1450777202072539,0.025710166485118886,-0.14534662663936615,0.3363189995288849,0.08545566350221634
0.1702127659574468,0.010695187165775402,0.0851063829787234,0.0030788565665464513,-0.3254183232784271,-0.03465260565280914,-0.18254905939102173
0.30769230769230765,0.096,0.15384615384615383,0.044488084604572944,-0.16061832010746002,0.08910316973924637,-0.03724587336182594
0.2465753424657534,0.13824884792626727,0.1643835616438356,0.08996497005813961,-0.09066339582204819,0.23372550308704376,0.0678010955452919
0.21843003412969283,0.020618556701030927,0.12969283276450513,0.014674609052555031,-0.13468922674655914,0.07931985706090927,-0.028339480981230736
0.12,0.013513513513513514,0.09333333333333334,0.0022999143313955795,-0.1546410322189331,0.15393942594528198,-0.0035344448406249285
0.22772277227722773,0.0,0.099009900990099,0.004240758593323029,-0.10257341712713242,0.17594851553440094,0.034365132451057434
0.3725490196078432,0.1710526315789474,0.24836601307189543,0.09415576781043596,-0.08959577977657318,0.348243772983551,0.12130019068717957
0.28648648648648645,0.010869565217391304,0.10810810810810811,0.004979983194106013,-0.09441950172185898,0.07510275393724442,-0.009470038115978241
0.196969696969697,0.022900763358778622,0.0909090909090909,0.007868135126885079,-0.2909108102321625,-0.008124341256916523,-0.15181373059749603
0.16216216216216217,0.04669260700389106,0.10038610038610038,0.017590446076273775,-0.23321788012981415,0.08496353030204773,-0.07757308334112167
0.10869565217391304,0.0,0.07608695652173914,0.002143957749534881,-0.3214796781539917,-0.08338167518377304,-0.20346049964427948
0.2897196261682243,0.11320754716981132,0.18691588785046728,0.06487225770454566,-0.07705113291740417,0.14691480994224548,0.03398618847131729
0.2248062015503876,0.04687500000000001,0.10852713178294572,0.007056262667794438,-0.29881003499031067,0.11102204769849777,-0.10076664388179779
0.17872340425531916,0.034334763948497854,0.10212765957446808,0.007886909802478335,-0.16240935027599335,0.06802155077457428,-0.04819813370704651
0.20740740740740743,0.014925373134328358,0.0962962962962963,0.004578248272162968,-0.15209828317165375,0.0871109887957573,-0.03372379019856453
0.2059800664451827,0.07357859531772576,0.11295681063122923,0.008673777498211853,-0.20134155452251434,0.19257639348506927,-0.010596271604299545
0.12096774193548387,0.016260162601626018,0.06451612903225806,0.0034048616412560716,-0.26549607515335083,0.022489087656140327,-0.12397468090057373
0.099644128113879,0.007168458781362007,0.06405693950177936,0.00113933749820258,-0.3351195156574249,0.011461377143859863,-0.16621391475200653
0.18120805369127516,0.013513513513513514,0.09395973154362416,0.003500452450256591,-0.251667320728302,-0.1637202650308609,-0.20613746345043182
0.22310756972111553,0.024096385542168672,0.10358565737051792,0.005926846345043055,-0.22267262637615204,-0.12224572151899338,-0.17108012735843658
0.1088,0.01605136436597111,0.057600000000000005,0.0014492135031372523,-0.24747008085250854,-0.5663034915924072,-0.4102138578891754
0.2965779467680609,0.038314176245210725,0.1520912547528517,0.011417243739618837,-0.12302718311548233,0.09355407953262329,-0.015462490729987621
0.04201680672268908,0.0,0.025210084033613446,0.0011149589798075895,-0.3959304094314575,-0.0029974603094160557,-0.20564302802085876
0.1391304347826087,0.01749271137026239,0.07536231884057971,0.0023056348632847583,-0.2762698531150818,0.015616577118635178,-0.13290897011756897
0.2933333333333333,0.09865470852017937,0.19555555555555557,0.08824513379837377,-0.07094506919384003,-0.15180116891860962,-0.10990753769874573
0.21008403361344538,0.0,0.09243697478991597,0.0021504890018762186,-0.14953076839447021,0.003791217692196369,-0.07232969254255295
0.19892473118279572,0.048648648648648644,0.1129032258064516,0.00647747293017777,-0.19617152214050293,0.12134584784507751,-0.04085766151547432
0.15512465373961218,0.011142061281337047,0.07756232686980609,0.0030659618346814154,-0.2876230776309967,-0.13816013932228088,-0.2120981216430664
0.14423076923076922,0.019417475728155338,0.10576923076923078,0.0030058973805240996,-0.16807712614536285,-0.5344046354293823,-0.3563633859157562
0.09688581314878891,0.006968641114982578,0.048442906574394456,0.001535799475180848,-0.4306296408176422,-0.18144433200359344,-0.30725622177124023
0.2645161290322581,0.019480519480519484,0.07741935483870967,0.00887047038146997,-0.1797904670238495,-0.026897907257080078,-0.10275530070066452
0.18181818181818182,0.02711864406779661,0.07407407407407407,0.004830733101140922,-0.16325056552886963,-0.22135716676712036,-0.1905457079410553
0.13333333333333333,0.007067137809187279,0.07719298245614035,0.0025394220279732877,-0.4324323534965515,0.05489165335893631,-0.19931578636169434
0.12244897959183675,0.005865102639296187,0.08163265306122448,0.0012178796193426558,-0.2536199986934662,0.07279010862112045,-0.09412472695112228
0.16716417910447762,0.006006006006006006,0.06567164179104477,0.0026074464138885487,-0.37133246660232544,-0.02589828334748745,-0.2029477059841156
0.10757946210268947,0.0,0.04400977995110024,0.002022749361579723,-0.43446606397628784,-0.039769936352968216,-0.2433745115995407
0.2302771855010661,0.06423982869379015,0.08955223880597014,0.02284728156893674,-0.22596071660518646,-0.06358548998832703,-0.14428290724754333
0.1941747572815534,0.01954397394136808,0.10355987055016183,0.0028359148661810008,-0.2025202512741089,0.015569531358778477,-0.09414520859718323
0.1201716738197425,0.03463203463203463,0.08583690987124463,0.015117429781197431,-0.38742130994796753,0.171273335814476,-0.12240064144134521
0.05361930294906166,0.016172506738544475,0.03753351206434316,0.008151005502869846,-0.33658793568611145,0.039740223437547684,-0.15393340587615967
0.2985074626865672,0.1021021021021021,0.15522388059701492,0.043837348541695006,-0.04708151891827583,0.2111309915781021,0.08020520210266113
0.17054263565891475,0.046875,0.11627906976744187,0.02170884985312325,-0.18779544532299042,0.13128691911697388,-0.031754910945892334
0.21465968586387432,0.06842105263157895,0.10471204188481674,0.03358611060439554,-0.22972531616687775,0.16757656633853912,-0.0374235138297081
0.11209439528023597,0.011869436201780414,0.0648967551622419,0.0011049358472831356,-0.19440454244613647,0.14543306827545166,-0.02868310920894146
0.015384615384615385,0.0,0.015384615384615385,0.0017145976773206713,-0.46046730875968933,0.006941487081348896,-0.2363402247428894
0.2542955326460481,0.020761245674740487,0.10996563573883163,0.008540213713398512,-0.16523440182209015,0.07328779995441437,-0.0471729040145874
0.22794117647058823,0.02962962962962963,0.11764705882352941,0.020562792116726483,-0.05660656467080116,0.12300799787044525,0.033154845237731934
0.22568093385214005,0.015686274509803925,0.10894941634241244,0.005964929596882509,-0.09877415001392365,0.027992330491542816,-0.03452440723776817
0.13333333333333333,0.05882352941176471,0.10833333333333334,0.008886509811145403,-0.1406930536031723,-0.37084001302719116,-0.25655803084373474
0.20817843866171004,0.03745318352059925,0.09665427509293681,0.0029325737946845794,-0.23302261531352997,0.05096142366528511,-0.09340639412403107
0.18181818181818182,0.0,0.08484848484848484,0.0025828447609668593,-0.15212374925613403,0.13178426027297974,-0.01260682288557291
0.1941747572815534,0.019607843137254905,0.07766990291262137,0.005619144434185,-0.1522638350725174,-0.015503031201660633,-0.08308134973049164
0.18666666666666668,0.017937219730941704,0.10666666666666667,0.007876406554703029,-0.1498296856880188,0.0685998871922493,-0.04135208949446678
0.18181818181818182,0.042682926829268296,0.11515151515151514,0.020737311394673108,-0.3132288455963135,0.1286201924085617,-0.1005815863609314
0.199288256227758,0.007168458781362007,0.07829181494661923,0.002938775933120919,-0.20900870859622955,0.0487205795943737,-0.08179760724306107
0.17670682730923695,0.008097165991902832,0.08835341365461848,0.0030979721996932884,-0.3240238428115845,-0.0010374735575169325,-0.16608959436416626
0.23484848484848486,0.015267175572519083,0.11363636363636363,0.004847932866560878,-0.14592818915843964,0.0470973365008831,-0.04960901290178299
0.10876132930513595,0.07294832826747721,0.1027190332326284,0.032509520625960305,-0.2605619728565216,0.32898983359336853,0.01833864115178585
0.1764705882352941,0.009900990099009901,0.08823529411764705,0.004254974279984511,-0.17628197371959686,0.12295246869325638,-0.029542705044150352
0.2335766423357664,0.014705882352941175,0.1240875912408759,0.00502376087884542,-0.14335784316062927,0.09206702560186386,-0.02679157257080078
0.22516556291390727,0.03333333333333333,0.08609271523178809,0.007795952062209671,-0.07716362923383713,0.19618543982505798,0.05731147527694702
0.25531914893617025,0.0641711229946524,0.13297872340425532,0.03702249073954112,-0.20403429865837097,0.12285130470991135,-0.04434230923652649
0.2573099415204678,0.05294117647058823,0.11695906432748537,0.004786292582520744,-0.1104719266295433,0.000723012606613338,-0.05379045382142067
0.18581081081081083,0.013559322033898306,0.0945945945945946,0.0011114143784302743,-0.16833394765853882,-0.16087985038757324,-0.16271761059761047
0.1523809523809524,0.0,0.0761904761904762,0.0025391432081845024,-0.2390879988670349,-0.02238297089934349,-0.13133281469345093
0.22907488986784144,0.062222222222222234,0.1409691629955947,0.03215720615154867,-0.2968810200691223,0.1491602510213852,-0.08232028782367706
0.18991097922848665,0.017910447761194027,0.0712166172106825,0.0033761215266644323,-0.25180739164352417,0.08689805120229721,-0.08658860623836517
0.23809523809523808,0.03614457831325301,0.14285714285714285,0.005739093983446381,-0.02753688395023346,0.0668298527598381,0.020793117582798004
0.29343629343629346,0.0311284046692607,0.1312741312741313,0.009678377512905224,-0.01031284499913454,0.12719327211380005,0.05902784317731857
0.16541353383458646,0.03787878787878787,0.12030075187969924,0.0036714616072614447,-0.09125875681638718,0.15720996260643005,0.03145083785057068
0.25888324873096447,0.08163265306122448,0.1269035532994924,0.0495843790971187,-0.2299867421388626,0.03808267414569855,-0.09787142276763916
0.20359281437125748,0.012048192771084338,0.0718562874251497,0.0026482130867130933,-0.2835075557231903,-0.009958756156265736,-0.1487634778022766
0.2937853107344633,0.05714285714285714,0.15819209039548024,0.015220623755949361,-0.19329731166362762,0.010232537984848022,-0.09188850224018097
0.2142857142857143,0.02564102564102564,0.08163265306122448,0.003311385596472385,-0.3319697380065918,-0.2750309407711029,-0.3015558123588562
0.08938547486033518,0.011299435028248586,0.055865921787709494,0.0032789838919434875,-0.2793219983577728,-0.09449958801269531,-0.18677324056625366
0.20224719101123595,0.04528301886792453,0.10486891385767788,0.011961056254577723,-0.269538015127182,0.04516211152076721,-0.11549843847751617
0.21882951653944016,0.07672634271099744,0.1475826972010178,0.01211296352667593,-0.2430146038532257,0.16649557650089264,-0.0451107919216156
0.2421052631578947,0.02645502645502646,0.1,0.0059424770006460004,-0.3600439727306366,0.013795250095427036,-0.17853467166423798
0.1349206349206349,0.08799999999999998,0.10317460317460318,0.0031441220820384174,-0.32393506169319153,0.23069548606872559,-0.06061283499002457
0.2131979695431472,0.0923076923076923,0.1319796954314721,0.007417866452450856,0.03979393467307091,0.250434011220932,0.14432775974273682
0.10928961748633878,0.005494505494505494,0.05464480874316939,0.004171417675173816,-0.4194822907447815,-0.4075322151184082,-0.4112182557582855
0.21848739495798322,0.03380281690140845,0.10084033613445377,0.0044176567920744475,-0.195720836520195,-0.008696666918694973,-0.10221990197896957
0.09278350515463916,0.0,0.041237113402061855,0.0018019041777946412,-0.35018500685691833,-0.0629257932305336,-0.20894333720207214
0.2666666666666666,0.1492537313432836,0.19999999999999998,0.10202204045359847,-0.059891477227211,0.23865464329719543,0.08643992245197296
0.20754716981132076,0.02531645569620253,0.08805031446540881,0.01649260393837179,-0.22121447324752808,0.0037459409795701504,-0.10954448580741882
0.09420289855072464,0.0,0.06521739130434782,0.0013395820545439076,-0.33245721459388733,-0.02983665093779564,-0.18402881920337677
0.17454545454545456,0.021978021978021976,0.09454545454545456,0.004277540378911411,-0.2413187325000763,0.10683748871088028,-0.07171342521905899
0.12765957446808512,0.034334763948497854,0.09361702127659575,0.003103216804081233,-0.11839377880096436,0.16766606271266937,0.02210935205221176
0.31111111111111106,0.15671641791044777,0.2222222222222222,0.0859971963366852,-0.016065511852502823,0.3479229211807251,0.1608094722032547
0.14317673378076062,0.017977528089887642,0.07158836689038031,0.0021045805711639963,-0.370667427778244,0.07835596054792404,-0.15479089319705963
0.32272727272727275,0.0639269406392694,0.12727272727272726,0.002613591090381754,-0.41536572575569153,0.032868776470422745,-0.1998727172613144
0.14901960784313725,0.023715415019762844,0.09411764705882353,0.0030653638751178534,-0.19437766075134277,-0.021338067948818207,-0.10760173946619034
0.17977528089887643,0.04528301886792453,0.09737827715355805,0.02216383541981347,-0.21971456706523895,-0.3010452687740326,-0.25868725776672363
0.24376731301939056,0.033426183844011144,0.110803324099723,0.011442449131948071,-0.2749192416667938,-0.07077211141586304,-0.1731189340353012
0.10778443113772455,0.0,0.0718562874251497,0.006035179298846402,-0.26714134216308594,-0.3355705142021179,-0.2994961738586426
0.2717770034843206,0.06315789473684211,0.15331010452961674,0.02316017849865721,-0.1726532131433487,0.10870940238237381,-0.03431851416826248
0.2831858407079646,0.0625,0.17699115044247787,0.029516328903334173,-0.05814289674162865,0.12757670879364014,0.03455725312232971
0.11057692307692309,0.009661835748792272,0.04807692307692307,0.0019234084537726654,-0.3799126446247101,0.08724788576364517,-0.15583378076553345
0.21333333333333335,0.020134228187919465,0.11333333333333334,0.0039032859315780233,-0.2257898598909378,0.0988178551197052,-0.06714915484189987
0.18691588785046728,0.13793103448275862,0.16822429906542055,0.06255533757090155,-0.16578978300094604,0.08944309502840042,-0.039800647646188736
0.09655172413793103,0.020833333333333336,0.06896551724137932,0.0045509190288832695,-0.1394319385290146,0.11854081600904465,-0.012170667760074139
0.04651162790697674,0.009389671361502348,0.04651162790697674,0.004316067065612686,-0.334953635931015,0.08041781932115555,-0.134383425116539
0.16129032258064516,0.010869565217391304,0.07526881720430108,0.00614203039883631,-0.12747840583324432,-0.011986304074525833,-0.06867587566375732
0.09523809523809525,0.0,0.05291005291005291,0.0017041357563770474,-0.3822530508041382,0.03132865950465202,-0.1825123429298401
0.06309859154929578,0.0033840947546531306,0.030422535211267608,2.4623529286933176e-09,-0.20307917892932892,-0.29793673753738403,-0.24895834922790527
0.19402985074626863,0.03007518796992481,0.11194029850746269,0.01240004066039718,-0.15518580377101898,0.09205110371112823,-0.03299698233604431
0.267515923566879,0.09615384615384617,0.15923566878980894,0.05070739831747945,-0.0966760665178299,0.12845216691493988,0.014937338419258595
0.15873015873015872,0.0,0.08465608465608465,0.005039686304450246,-0.1212584376335144,0.12474938482046127,0.00031360783032141626
0.21016949152542375,0.013651877133105802,0.10169491525423728,0.0026753613334486695,-0.2483091652393341,0.03544919565320015,-0.10878730565309525
0.12068965517241381,0.0,0.06896551724137931,0.0014523386740911792,-0.18973469734191895,0.1255021095275879,-0.03549065813422203
0.17391304347826086,0.03902439024390244,0.0966183574879227,0.003152088030383691,-0.2756659984588623,0.007491528522223234,-0.1364063322544098
0.17518248175182483,0.014705882352941176,0.08029197080291972,0.007875818783009754,-0.17966027557849884,-0.023098554462194443,-0.1008514016866684
0.15770609318996415,0.021660649819494584,0.07885304659498207,0.00555688490804383,-0.2641546428203583,0.06933952867984772,-0.10135500878095627
0.13138686131386862,0.007352941176470589,0.06569343065693431,0.0065128536847515305,-0.22903162240982056,0.060449372977018356,-0.08683440089225769
0.20973782771535582,0.03773584905660377,0.11235955056179776,0.02178482676578103,-0.11364151537418365,0.18404632806777954,0.03232632577419281
0.09156626506024096,0.009685230024213076,0.05301204819277108,0.000896659784658075,-0.32439562678337097,0.006582810543477535,-0.1627398580312729
0.10874704491725769,0.004750593824228029,0.04728132387706856,0.004364053538595364,-0.3378179371356964,-0.04534180462360382,-0.19413772225379944
0.20657276995305163,0.047393364928909956,0.1408450704225352,0.004155573720671481,-0.14252017438411713,0.05729945749044418,-0.042948734015226364
0.11627906976744184,0.015625,0.06976744186046512,0.00357055456472794,-0.16498181223869324,0.14085374772548676,-0.015154886059463024
0.12264150943396226,0.009523809523809523,0.06603773584905662,0.0023726303894077276,-0.2764025032520294,-0.031610578298568726,-0.15525388717651367
0.14392059553349876,0.004987531172069825,0.07444168734491315,0.001955904951634053,-0.3931824862957001,-0.19116078317165375,-0.29226094484329224
0.18072289156626506,0.07878787878787878,0.13253012048192772,0.04327172015101071,-0.2814508378505707,-0.04354028403759003,-0.16356095671653748
0.35542168674698793,0.10909090909090909,0.1746987951807229,0.08743234733933918,-0.022839805111289024,0.06611921638250351,0.022832626476883888
0.25396825396825395,0.055999999999999994,0.14285714285714288,0.010214928247152859,-0.04785021394491196,0.1731816828250885,0.061753902584314346
0.1672473867595819,0.007017543859649124,0.08362369337979095,0.002826532855918359,-0.19100147485733032,0.058706216514110565,-0.06760579347610474
0.24074074074074078,0.04672897196261683,0.12962962962962962,0.006545749883258002,-0.1630995273590088,0.04032669961452484,-0.061776503920555115
0.2005277044854881,0.015915119363395226,0.08443271767810026,0.006413469753139244,-0.20214208960533142,0.06176310405135155,-0.072017140686512
0.21100917431192662,0.01851851851851852,0.11009174311926606,0.004547730545857789,-0.19903087615966797,0.07021959125995636,-0.06638491153717041
0.18309859154929578,0.04245283018867925,0.0892018779342723,0.022417930071235874,-0.1531248539686203,0.027956604957580566,-0.06253297626972198
0.13675213675213677,0.017241379310344827,0.07692307692307691,0.008373438390416352,-0.21910259127616882,-0.3702468276023865,-0.2938039004802704
0.27368421052631575,0.11307420494699648,0.18245614035087718,0.06429214862174767,-0.253584623336792,0.15845118463039398,-0.054525382816791534
0.03347280334728033,0.0,0.03347280334728033,0.0010935854251976147,-0.37100666761398315,0.09727136790752411,-0.14641600847244263
0.18750000000000003,0.04,0.08522727272727273,0.003070094988580808,-0.18845058977603912,-0.029980970546603203,-0.10870855301618576
0.11838006230529594,0.0,0.07476635514018691,0.0025859336482104496,-0.3024861812591553,0.07611653208732605,-0.11878708750009537
0.37254901960784315,0.10344827586206898,0.16176470588235292,0.06694688245516162,0.006368189584463835,0.12085381895303726,0.06448031216859818
0.2125,0.025157232704402517,0.11875000000000001,0.0056603883360652535,-0.23145125806331635,0.12568393349647522,-0.05768512189388275
0.3344709897610922,0.13745704467353956,0.20477815699658702,0.07869012550564024,-0.04323980212211609,0.2391664832830429,0.09548051655292511
0.13012048192771083,0.0,0.05783132530120482,0.001738956031230502,-0.427348256111145,-0.072830431163311,-0.2547452747821808
0.09589041095890412,0.006896551724137931,0.05479452054794521,0.0011592911728185704,-0.4463368058204651,-0.09998656064271927,-0.277506560087204
0.16279069767441862,0.017543859649122806,0.05813953488372093,0.0027538121744885434,-0.25291815400123596,0.17829689383506775,-0.04509136825799942
0.16309012875536483,0.017316017316017316,0.07725321888412018,0.0032782429296842404,-0.17448635399341583,0.11708983778953552,-0.03134489059448242
0.12334801762114538,0.017777777777777774,0.07929515418502203,0.0033717193858860688,-0.30969735980033875,0.060712896287441254,-0.1297750174999237
0.1741424802110818,0.0,0.079155672823219,0.001309007894266862,-0.285892516374588,0.0058987075462937355,-0.14256936311721802
0.20610687022900764,0.0,0.09160305343511449,0.0017466370137961334,-0.2344857156276703,0.1018184944987297,-0.07039082795381546
0.21052631578947364,0.030303030303030304,0.12030075187969923,0.0076438350670333804,-0.10880152136087418,0.07336066663265228,-0.01774674281477928
0.22520107238605896,0.016172506738544475,0.09115281501340482,0.0028627554619321933,-0.1659999042749405,-0.0029341436456888914,-0.08406949788331985
0.19791666666666666,0.08900523560209424,0.13541666666666666,0.06254028227267794,-0.19907578825950623,0.1761625111103058,-0.01694294437766075
0.25,0.09090909090909091,0.15972222222222224,0.04864074320062005,-0.13175983726978302,-0.20153163373470306,-0.16500680148601532
0.2222222222222222,0.03496503496503496,0.125,0.0044645498485404835,-0.14681680500507355,0.057706594467163086,-0.0449882447719574
0.14736842105263157,0.04240282685512367,0.09824561403508772,0.0033569596500987653,-0.15055805444717407,0.21703678369522095,0.028030112385749817
0.14285714285714285,0.0,0.07142857142857142,0.0029466788381616246,-0.2264605611562729,-0.5677874088287354,-0.40127214789390564
0.08524590163934426,0.03300330033003301,0.0721311475409836,0.002381119554525475,-0.26120615005493164,0.26854223012924194,-0.00888378918170929
0.19795221843003413,0.0,0.08191126279863481,0.0018134382729977285,-0.2566346526145935,-0.02608328126370907,-0.14226670563220978
0.2714932126696833,0.045662100456621,0.15384615384615385,0.0061959707793126624,-0.12657423317432404,0.0740872174501419,-0.02661852352321148
0.21118012422360247,0.03125,0.09316770186335403,0.013646218430539118,-0.35207223892211914,0.05857675522565842,-0.15366464853286743
0.21052631578947367,0.045454545454545456,0.12030075187969924,0.022243995264865604,-0.21349070966243744,-0.05509363114833832,-0.133749857544899
0.26666666666666666,0.023715415019762848,0.12549019607843137,0.005664105116958027,-0.19025860726833344,-0.0039468565955758095,-0.09710647165775299
0.18241042345276873,0.006557377049180327,0.09120521172638436,0.0026986641404837014,-0.2804136574268341,0.01685001328587532,-0.1345275193452835
0.08368200836820085,0.05063291139240507,0.06694560669456066,0.00901440613004597,-0.2368551343679428,0.27688339352607727,0.008323674090206623
0.3227848101265823,0.14012738853503184,0.1962025316455696,0.06378534410326542,-0.09403674304485321,0.3338089883327484,0.11228714138269424
0.18779342723004694,0.018957345971563982,0.11267605633802817,0.009193761799107667,-0.06445625424385071,0.03378492221236229,-0.014173096045851707
0.11167512690355332,0.020512820512820513,0.07106598984771573,0.0016028084414570639,-0.2393568456172943,0.07690463215112686,-0.0846048966050148
0.19662921348314608,0.03389830508474576,0.06179775280898877,0.007992921757705877,-0.32122355699539185,0.06999922543764114,-0.13171705603599548
0.1161290322580645,0.006493506493506493,0.05806451612903225,0.0012606839703243776,-0.35714924335479736,0.045207034796476364,-0.1625378429889679
0.15999999999999998,0.007326007326007326,0.07272727272727272,0.0024317686130980462,-0.2936665117740631,0.020048389211297035,-0.14007356762886047
0.14232209737827714,0.03018867924528302,0.0898876404494382,0.018544745929129643,-0.2659969627857208,0.027354920282959938,-0.12195530533790588
0.21722846441947563,0.06037735849056603,0.1048689138576779,0.0076787852819370245,-0.0533817857503891,0.08318465203046799,0.01556490734219551
0.311377245508982,0.04216867469879518,0.1377245508982036,0.013201052524209856,-0.031536370515823364,0.10561183840036392,0.037660837173461914
0.18181818181818182,0.04060913705583757,0.08585858585858584,0.003164150639199476,-0.228561133146286,-0.3123665452003479,-0.2687777876853943
0.2095238095238095,0.019169329073482427,0.06984126984126984,0.00374470432522146,-0.11668340116739273,-0.15994496643543243,-0.1365634948015213
0.3493975903614458,0.11515151515151514,0.18072289156626503,0.003245092387089235,-0.1789839118719101,0.20092535018920898,0.005303080193698406
0.1851851851851852,0.07453416149068322,0.12962962962962962,0.026968541728553605,-0.1823742389678955,0.1740483045578003,-0.008953715674579144
0.03125000000000001,0.0,0.025,0.0008149846557354711,-0.4529579281806946,-0.022349366918206215,-0.24548429250717163
0.08333333333333334,0.008403361344537816,0.06666666666666667,0.003067739654421111,-0.20775997638702393,0.17134903371334076,-0.02383807860314846
0.18390804597701146,0.03088803088803089,0.0842911877394636,0.0036959801970669085,-0.24500833451747894,-0.05448310077190399,-0.14976610243320465
0.3195876288659794,0.20833333333333334,0.24742268041237112,0.11932510341293012,0.026221292093396187,0.40748196840286255,0.21109020709991455
0.19444444444444448,0.006993006993006993,0.06944444444444445,0.0016885674995324742,-0.1855403035879135,-0.05192815139889717,-0.11783849447965622
0.23026315789473684,0.06622516556291391,0.11842105263157893,0.05243416393068343,-0.18971028923988342,-0.09462975710630417,-0.14078271389007568
0.2330827067669173,0.007575757575757576,0.09774436090225565,0.0020654369805630526,-0.20439086854457855,-0.034033942967653275,-0.11889374256134033
0.12244897959183673,0.010309278350515464,0.10204081632653061,0.00167049419958732,-0.1975359320640564,0.1690455824136734,-0.019404837861657143
0.19580419580419578,0.02816901408450704,0.1258741258741259,0.00401379869843832,-0.240960031747818,0.16968582570552826,-0.04253518208861351
0.14511041009463724,0.03809523809523809,0.08832807570977917,0.03230269865532549,-0.20860154926776886,-0.3093213438987732,-0.257460355758667
0.14354066985645933,0.0,0.07655502392344499,0.0020871315277778166,-0.26058778166770935,0.02949141524732113,-0.1180860623717308
0.20625000000000002,0.018867924528301886,0.1,0.0047599315746189325,-0.1599486768245697,-0.14768275618553162,-0.15194864571094513
0.21160409556313994,0.0,0.10921501706484642,0.0033836435828489735,-0.25741007924079895,-0.07034976035356522,-0.16381488740444183
0.2196969696969697,0.05343511450381679,0.12121212121212124,0.005438322469052991,-0.10229501873254776,0.15084221959114075,0.0226398017257452
0.2222222222222222,0.04484304932735426,0.12444444444444443,0.040105372993924436,-0.10897769033908844,0.01445600762963295,-0.04633449763059616
0.22089552238805968,0.024024024024024024,0.11343283582089551,0.018809133181127497,-0.17326803505420685,-0.1233571246266365,-0.14657528698444366
0.2262210796915167,0.04134366925064599,0.09254498714652958,0.006178615456136023,-0.22906097769737244,-0.008486554957926273,-0.11947187036275864
0.09933774834437087,0.0,0.046357615894039736,0.001084942900236485,-0.336650550365448,0.0494089275598526,-0.1495174765586853
0.14617940199335547,0.0,0.08637873754152824,0.0013688411164947793,-0.3106910288333893,-0.01738661341369152,-0.16664089262485504
0.16129032258064518,0.016260162601626018,0.07258064516129033,0.0036624349010464566,-0.24614457786083221,0.10360126942396164,-0.07580021023750305
0.2074468085106383,0.0481283422459893,0.12765957446808512,0.02504549581931986,-0.17798563838005066,-0.13163886964321136,-0.15304698050022125
0.19081272084805653,0.028469750889679717,0.10600706713780919,0.014571401667326034,-0.2749740481376648,0.13551782071590424,-0.07662449032068253
0.24727272727272728,0.04395604395604396,0.11636363636363636,0.004665628799668577,-0.21831868588924408,-0.18861538171768188,-0.20155730843544006
0.15162454873646208,0.0,0.08664259927797834,0.002901397059834505,-0.22888056933879852,0.03457832336425781,-0.09894291311502457
0.0974025974025974,0.026143790849673203,0.07792207792207793,0.0029321702439785323,-0.26144421100616455,0.09777118265628815,-0.08670691400766373
0.13617021276595745,0.025751072961373387,0.07659574468085106,0.015612058987673,-0.19806301593780518,0.13992522656917572,-0.03320075571537018
0.20512820512820515,0.02072538860103627,0.0717948717948718,0.009023991337322968,-0.051270611584186554,0.12338719516992569,0.03609703853726387
0.24028268551236745,0.028469750889679714,0.12014134275618372,0.01705808131536313,-0.15581512451171875,0.12971921265125275,-0.015529237687587738
0.1232876712328767,0.013888888888888888,0.08219178082191782,0.0040139511259976385,-0.3594326972961426,0.1681152880191803,-0.10822013020515442
0.23471882640586797,0.04422604422604423,0.10268948655256722,0.002588509799740745,-0.23817178606987,-0.18506009876728058,-0.20979516208171844
0.13793103448275862,0.0,0.07881773399014778,0.0036987816897135184,-0.1714264154434204,0.02392379380762577,-0.07396165281534195
0.18796992481203006,0.0303030303030303,0.10526315789473684,0.004130177104497527,-0.23973923921585083,0.03004322573542595,-0.10680747777223587
0.16999999999999998,0.0101010101010101,0.11000000000000001,0.004217842167255957,-0.09610051661729813,0.04908986762166023,-0.02291032299399376
0.13793103448275862,0.03861003861003861,0.09195402298850576,0.007259921262710122,-0.2317441701889038,0.02130092680454254,-0.10672872513532639
0.27999999999999997,0.020202020202020204,0.16,0.004378475084906966,-0.251810222864151,0.06006168946623802,-0.09910289943218231
0.2606060606060606,0.01829268292682927,0.13939393939393938,0.001828903196712358,-0.24954906105995178,-0.024954546242952347,-0.1380227655172348
0.20408163265306123,0.010256410256410256,0.07653061224489797,0.0018267307221793104,-0.15858779847621918,-0.1755286455154419,-0.1651773899793625
0.17346938775510204,0.061855670103092786,0.11224489795918366,0.04761098403730077,-0.0871807336807251,0.02947266772389412,-0.02787189558148384
0.10526315789473685,0.007575757575757576,0.06766917293233082,0.0030483604947807506,-0.16457004845142365,0.03262930363416672,-0.06622704863548279
0.14925373134328357,0.0075187969924812035,0.08208955223880597,0.003477494022430394,-0.18578225374221802,-0.1252216100692749,-0.15381474792957306
0.1945137157107232,0.030075187969924817,0.0997506234413965,0.007587567478577419,-0.23011267185211182,0.08702220767736435,-0.07495792210102081
0.17333333333333334,0.02684563758389262,0.07333333333333333,0.0033119234351647996,-0.24483075737953186,0.114110067486763,-0.07022449374198914
0.2369337979094077,0.04210526315789473,0.1254355400696864,0.002971254479061855,-0.2627534568309784,0.09357848763465881,-0.08935032784938812
0.23076923076923078,0.043103448275862065,0.10256410256410256,0.02333862627753695,-0.3442692458629608,-0.010296208783984184,-0.1812134087085724
0.05970149253731343,0.010050251256281407,0.049751243781094516,0.002301108531021574,-0.3386389911174774,0.08910068869590759,-0.13242478668689728
0.12101910828025478,0.006410256410256411,0.057324840764331204,0.0013056343629980714,-0.30363762378692627,-0.006211400032043457,-0.15765997767448425
0.20238095238095238,0.03592814371257484,0.10119047619047619,0.003701347955172017,-0.15717245638370514,0.11849695444107056,-0.021533697843551636
0.14404432132963987,0.011142061281337046,0.0664819944598338,0.00238706091478442,-0.4394185245037079,-0.07538078725337982,-0.26241910457611084
0.20264317180616745,0.02666666666666667,0.10572687224669604,0.005387573366335133,-0.10058251768350601,0.0952632799744606,-0.002966913627460599
0.20192307692307693,0.019417475728155338,0.08653846153846154,0.004708903104448752,-0.06232067197561264,-0.2502097487449646,-0.15623532235622406
0.11290322580645161,0.03278688524590164,0.0967741935483871,0.009181465280128007,-0.1225443184375763,0.2878439128398895,0.07577195763587952
0.20725388601036268,0.020942408376963352,0.13471502590673573,0.005182568999235284,-0.1680130958557129,-0.001855637994594872,-0.08458829671144485
0.1511111111111111,0.017937219730941704,0.07111111111111111,0.002236245892091571,-0.19341687858104706,0.012185096740722656,-0.09101690351963043
0.09523809523809525,0.04278074866310161,0.08465608465608467,0.018621018834253798,-0.1790192872285843,-0.46694090962409973,-0.32532504200935364
0.14953271028037382,0.012539184952978056,0.07476635514018691,0.0031044747122896663,-0.17277561128139496,-0.06460315734148026,-0.11747544258832932
0.23129251700680273,0.0410958904109589,0.11564625850340136,0.00985706715696467,-0.10694433748722076,0.050013087689876556,-0.028044238686561584
0.14754098360655737,0.024793388429752067,0.09016393442622951,0.0067919199320808565,-0.37461844086647034,-0.1848641335964203,-0.2795877456665039
0.2105263157894737,0.01869158878504673,0.08668730650154798,0.007390491967156698,-0.23445069789886475,-0.0570681206882,-0.1455334573984146
0.23846153846153847,0.07751937984496124,0.12307692307692306,0.04880630388586602,-0.14408090710639954,-0.11313130706548691,-0.12682151794433594
0.1846153846153846,0.04145077720207253,0.0923076923076923,0.004367143850842875,-0.23817956447601318,0.04843972250819206,-0.09732013940811157
0.0930232558139535,0.01038961038961039,0.05684754521963825,0.0020098124939950603,-0.2377985715866089,0.08852022886276245,-0.07835321873426437
0.2546816479400749,0.10566037735849056,0.14981273408239698,0.08507826092611513,-0.0085002351552248,0.14124779403209686,0.06677515804767609
0.08664259927797835,0.007272727272727274,0.05054151624548736,0.00128901111795053,-0.3547801971435547,0.025117259472608566,-0.17048117518424988
0.24313725490196078,0.023715415019762844,0.11764705882352942,0.004201070501305069,-0.16344229876995087,0.16523773968219757,-0.0029340696055442095
0.281786941580756,0.05536332179930796,0.13745704467353953,0.0051302526434789655,-0.21260811388492584,0.08316342532634735,-0.06746876984834671
0.17647058823529413,0.02222222222222222,0.08088235294117646,0.003524976755740216,-0.1381022036075592,0.07580029964447021,-0.03179905563592911
0.25287356321839083,0.046511627906976744,0.13793103448275865,0.014337378049582518,-0.15206043422222137,0.03070327453315258,-0.06066121906042099
0.08764940239043825,0.0,0.03984063745019921,0.0014026736068525707,-0.419000506401062,-0.004326402675360441,-0.21877112984657288
0.1693121693121693,0.0320855614973262,0.08465608465608465,0.001992989843685094,-0.2108995020389557,0.19669833779335022,-0.013869729824364185
0.35807860262008734,0.07048458149779736,0.1572052401746725,0.014713695000496489,0.08732683211565018,0.14708460867404938,0.1184646487236023
0.24817518248175185,0.07352941176470588,0.16058394160583941,0.054209422615125576,-0.019104570150375366,0.05174492299556732,0.01766728051006794
0.28054298642533937,0.05479452054794521,0.17194570135746606,0.015783792974119207,0.014873023144900799,0.17295919358730316,0.0941515639424324
0.19375,0.05031446540880503,0.09375,0.01942276462553949,-0.1895192712545395,0.22885505855083466,0.012452843599021435
0.12418300653594772,0.0,0.0588235294117647,0.0012542932210216383,-0.26657429337501526,0.08671659231185913,-0.09457889199256897
0.09029345372460497,0.0090702947845805,0.05417607223476298,0.00447711325284767,-0.4082465171813965,-0.011001888662576675,-0.21598361432552338
0.24836601307189543,0.026490066225165563,0.13071895424836602,0.013191039178811816,-0.08758436143398285,0.1893627941608429,0.04859791323542595
0.2117647058823529,0.05325443786982249,0.12352941176470589,0.022730018172545954,-0.12122872471809387,-0.17783668637275696,-0.14783360064029694
0.2371794871794872,0.03225806451612903,0.13461538461538464,0.024562118881075193,-0.17315024137496948,0.1447567492723465,-0.01766728051006794
0.2463768115942029,0.04854368932038835,0.12560386473429952,0.009806848492523603,-0.25220075249671936,0.06100577861070633,-0.0988694578409195
0.19638242894056848,0.03636363636363636,0.09819121447028424,0.020878970744373913,-0.25268539786338806,-0.19204579293727875,-0.2205726057291031
0.09345794392523366,0.0,0.056074766355140186,0.0016738888263439968,-0.40931978821754456,0.02550211176276207,-0.19991086423397064
0.2123287671232877,0.04827586206896552,0.0958904109589041,0.002920579376514508,-0.19734489917755127,0.10749117285013199,-0.04796469211578369
0.21352313167259784,0.007168458781362008,0.09964412811387902,0.003041354653672534,-0.2545354962348938,-0.002764355856925249,-0.13010169565677643
0.1510791366906475,0.014492753623188406,0.08633093525179857,0.003376983826554115,-0.42853793501853943,-0.012075441889464855,-0.22749528288841248
0.10256410256410256,0.008620689655172414,0.059829059829059825,0.0024248750753521242,-0.2972330152988434,0.1842486560344696,-0.0666247084736824
0.2509505703422053,0.053639846743295014,0.14448669201520914,0.0039526372823805575,-0.048348646610975266,0.24034403264522552,0.09333823621273041
0.2765273311897106,0.05825242718446602,0.1414790996784566,0.007706115610320058,-0.14592890441417694,0.2328518033027649,0.03783106431365013
0.20909090909090908,0.0273972602739726,0.0909090909090909,0.0035669909905266324,-0.3193437457084656,-0.20650534331798553,-0.26154962182044983
0.148471615720524,0.01762114537444934,0.07860262008733625,0.0014182374528066075,-0.24218116700649261,0.0989430695772171,-0.07584188878536224
0.23255813953488375,0.02675585284280936,0.09966777408637872,0.0038660731761411913,-0.23479914665222168,0.10103075206279755,-0.07092516124248505
0.18750000000000003,0.010526315789473684,0.09375000000000001,0.004506202806264798,-0.18284402787685394,-0.08964153379201889,-0.1348460614681244
0.1525054466230937,0.026258205689277895,0.06971677559912855,0.013105892984452047,-0.3885922431945801,0.08012139797210693,-0.16381841897964478
0.12560386473429952,0.01951219512195122,0.06763285024154589,0.003392324295291471,-0.1865435242652893,0.2629190683364868,0.02962181344628334
0.27192982456140347,0.061946902654867256,0.14035087719298245,0.03149386797772848,-0.04217289760708809,-0.20222987234592438,-0.12171091139316559
0.1869158878504673,0.03773584905660377,0.12149532710280375,0.009975249982189485,-0.15228505432605743,0.07644478976726532,-0.038894787430763245
0.2151394422310757,0.0321285140562249,0.11952191235059763,0.0040341761883572105,-0.18579180538654327,0.1147446483373642,-0.03843532130122185
0.23076923076923075,0.02912621359223301,0.14423076923076925,0.012238531690849045,-0.15658417344093323,0.23079772293567657,0.031146766617894173
0.2549800796812749,0.12048192771084339,0.18326693227091637,0.09491060362854699,-0.19018077850341797,0.1193278506398201,-0.0386168472468853
0.18075801749271134,0.005865102639296188,0.08163265306122448,0.002831807406497116,-0.22341832518577576,-0.2233274132013321,-0.22138522565364838
0.178030303030303,0.02661596958174905,0.08712121212121211,0.0031490881208052312,-0.20369470119476318,-0.05340884253382683,-0.12788701057434082
0.1387755102040816,0.008230452674897118,0.0653061224489796,0.004221313609356274,-0.34082549810409546,-0.1855524778366089,-0.26242053508758545
0.14583333333333334,0.006993006993006993,0.06944444444444443,0.0031709174854825436,-0.2393370270729065,0.033346302807331085,-0.10503742843866348
0.2850467289719626,0.061032863849765265,0.12149532710280372,0.008021434409594842,-0.1776042878627777,0.06543193012475967,-0.05738634616136551
0.24031007751937983,0.0703125,0.12403100775193797,0.028309847559590914,-0.03679909557104111,0.20703840255737305,0.083655945956707
0.1746031746031746,0.04,0.11904761904761905,0.0038695006864903955,-0.1389763206243515,0.09896641969680786,-0.021217264235019684
0.1176470588235294,0.0069686411149825775,0.07612456747404844,0.002468132138800971,-0.26945310831069946,0.010538863949477673,-0.13168703019618988
0.21487603305785122,0.12188365650969529,0.1763085399449036,0.07023179959799836,-0.318234384059906,0.29132845997810364,-0.030636800453066826
0.24034334763948495,0.0,0.12017167381974247,0.0025300228439555815,-0.0719606876373291,-0.020706670358777046,-0.04476680979132652
0.1641337386018237,0.04281345565749235,0.0851063829787234,0.025333916725142836,-0.18554453551769257,0.10729874670505524,-0.041799191385507584
0.2541436464088398,0.12222222222222222,0.16022099447513813,0.06934954181174065,-0.0810166597366333,0.16045008599758148,0.03835727274417877
0.2364217252396166,0.025723472668810286,0.1086261980830671,0.005622128348157665,-0.17553839087486267,0.05512582138180733,-0.06120261549949646
0.05517241379310344,0.0,0.041379310344827586,0.001049774103187138,-0.4210345447063446,-0.06970952451229095,-0.24990905821323395
0.272,0.04825737265415549,0.12266666666666665,0.0181893295785245,-0.1779446005821228,0.11178114265203476,-0.03567041829228401
0.1979522184300341,0.041237113402061855,0.10921501706484642,0.010935382317200664,-0.15147779881954193,-0.005972989834845066,-0.07805726677179337
0.14915254237288134,0.027303754266211604,0.07457627118644067,0.005544237816283639,-0.21382535994052887,0.07608965039253235,-0.07143513113260269
0.20168067226890754,0.016949152542372878,0.08403361344537814,0.0040512940740648476,-0.22813238203525543,0.027548054233193398,-0.10187344998121262
0.17054263565891473,0.01038961038961039,0.07235142118863049,0.0031173010614197537,-0.3361737132072449,-0.2299201339483261,-0.2815650999546051
0.14342629482071714,0.01606425702811245,0.10358565737051793,0.006852160164131581,-0.18026873469352722,0.19820590317249298,0.00335609819740057
0.16,0.005747126436781609,0.06285714285714286,0.002187070071621423,-0.37652620673179626,0.057260192930698395,-0.16757358610630035
0.2784810126582279,0.06808510638297872,0.12658227848101264,0.00877933458677305,-0.09611184149980545,0.11312812566757202,0.007913299836218357
0.2328767123287671,0.07586206896551724,0.11643835616438356,0.00825117329528292,-0.2610929608345032,0.06348998844623566,-0.10244522243738174
0.18018018018018014,0.018126888217522657,0.07807807807807808,0.0024174767411219095,-0.3063618540763855,0.051823802292346954,-0.1320892870426178
0.16064257028112447,0.048582995951417,0.09638554216867469,0.02789484906329302,-0.14201219379901886,0.2117033302783966,0.030138134956359863
0.14375000000000002,0.0,0.0875,0.0016647405315870013,-0.32806187868118286,-0.1552591770887375,-0.24122656881809235
0.0982456140350877,0.014134275618374558,0.05614035087719298,0.002022132439333452,-0.35697025060653687,0.12322023510932922,-0.12699386477470398
0.18309859154929578,0.028368794326241134,0.09859154929577464,0.007351283730191356,-0.34275519847869873,0.10505755245685577,-0.1274130642414093
0.22629969418960244,0.006153846153846154,0.09785932721712538,0.006169844713191561,-0.25301191210746765,0.12297262996435165,-0.0705253854393959
0.2538699690402477,0.04361370716510903,0.10526315789473682,0.011353945358568889,-0.16433587670326233,0.06463039666414261,-0.0508200079202652
0.20363636363636362,0.05128205128205128,0.1090909090909091,0.003954251928262945,-0.14004746079444885,-0.0030936733819544315,-0.07078884541988373
0.32067510548523204,0.12765957446808512,0.16877637130801687,0.07447504943438385,0.006865561008453369,0.08200957626104355,0.04570869356393814
0.08860759493670885,0.006369426751592356,0.050632911392405056,0.0013699942755298147,-0.35236480832099915,-0.0651344507932663,-0.2111354023218155
0.20363636363636364,0.021978021978021976,0.12363636363636364,0.004028424583167352,-0.2809881567955017,-0.015131266787648201,-0.14987275004386902
0.2826086956521739,0.08196721311475409,0.16847826086956522,0.06536200539116645,-0.0697731003165245,0.04806017503142357,-0.009915022179484367
0.3067092651757189,0.06430868167202573,0.16613418530351437,0.015912793842308207,-0.12813885509967804,0.07343636453151703,-0.02774369716644287
0.22292993630573246,0.025641025641025644,0.09554140127388533,0.003983325631018808,-0.1786927729845047,0.09459757059812546,-0.0441579595208168
0.13157894736842105,0.0,0.06140350877192983,0.0019678148021419445,-0.1541425883769989,-0.047478653490543365,-0.09960685670375824
0.1458966565349544,0.0061162079510703364,0.0851063829787234,0.003026668532973489,-0.29870885610580444,0.04769902303814888,-0.12989509105682373
0.20606060606060608,0.01829268292682927,0.09696969696969697,0.003594106270005633,-0.25614896416664124,0.07521630078554153,-0.09434368461370468
0.2222222222222222,0.051118210862619806,0.12698412698412698,0.021031310619069335,-0.2545354962348938,0.06252077966928482,-0.09940379112958908
0.31168831168831174,0.08877284595300262,0.18181818181818182,0.051750040256253405,-0.06995386630296707,0.152438223361969,0.040324386209249496
0.26586102719033233,0.0364741641337386,0.10271903323262839,0.016270312011221345,-0.21498990058898926,0.019398951902985573,-0.0988408550620079
0.2093023255813954,0.03125,0.0930232558139535,0.00320743366783369,-0.168523907661438,0.18987712264060974,0.005809867288917303
0.15999999999999998,0.02419354838709677,0.07999999999999999,0.007784219824293707,-0.23888705670833588,0.15303601324558258,-0.049058787524700165
0.07792207792207792,0.0,0.0606060606060606,0.0014174684629324975,-0.36782220005989075,0.12929262220859528,-0.1302422434091568
0.18803418803418803,0.02865329512893983,0.09116809116809117,0.015628987657519647,-0.2616748809814453,-0.20055463910102844,-0.2293112426996231
0.25531914893617025,0.008583690987124463,0.13617021276595745,0.00520409877980511,-0.039843812584877014,-0.004079856909811497,-0.020365791395306587
0.15503875968992245,0.02077922077922078,0.06718346253229975,0.002620349670234001,-0.3060169517993927,-0.27525627613067627,-0.2885901927947998
0.32081911262798635,0.11683848797250859,0.19795221843003416,0.09324219764942092,-0.03197714313864708,-0.05849398300051689,-0.04357418417930603
0.27802690582959644,0.09049773755656108,0.18834080717488788,0.005437415226170817,-0.05007847771048546,0.062353115528821945,0.007116213440895081
0.19682539682539682,0.012779552715654953,0.1015873015873016,0.0026813782289547387,-0.20995604991912842,0.08571802824735641,-0.06486419588327408
0.28776978417266186,0.09420289855072464,0.1654676258992806,0.013381364576731595,-0.06899344176054001,0.246503084897995,0.08529709279537201
0.264026402640264,0.046511627906976744,0.1188118811881188,0.005189680929973931,-0.11145251989364624,-0.16358549892902374,-0.13581372797489166
0.1450381679389313,0.023076923076923075,0.07633587786259542,0.0026495253388193647,-0.3019958734512329,0.06794372946023941,-0.12229186296463013
0.14617940199335547,0.006688963210702341,0.0664451827242525,0.0026595172533292934,-0.21297919750213623,0.17803336679935455,-0.023570382967591286
0.24647887323943662,0.0851063829787234,0.1267605633802817,0.050286591492274005,-0.07947997748851776,0.18307994306087494,0.049896489828825
0.1346153846153846,0.0,0.07692307692307691,0.002353117056224342,-0.24203047156333923,-0.09708035737276077,-0.16875173151493073
0.3065134099616858,0.08494208494208495,0.16858237547892724,0.05353196812966339,-0.05018460378050804,0.15141631662845612,0.050128161907196045
0.20805369127516776,0.0945945945945946,0.15436241610738255,0.05283259853183845,-0.21028858423233032,0.013664018362760544,-0.09911031275987625
0.3058823529411765,0.028368794326241138,0.13176470588235295,0.004878557637672953,-0.1511615514755249,0.12300056964159012,-0.01623873971402645
0.27177700348432055,0.06315789473684211,0.13937282229965156,0.01799305791880795,-0.07974528521299362,0.21790765225887299,0.0661814957857132
0.18999999999999997,0.035175879396984924,0.10999999999999997,0.01597229271824928,-0.32051536440849304,-0.12953032553195953,-0.22496064007282257
0.23952095808383236,0.03614457831325301,0.12574850299401197,0.015318155776914099,-0.19308222830295563,0.0005557009717449546,-0.09641145169734955
0.22142857142857142,0.07913669064748202,0.15,0.04070236364014285,-0.09247883409261703,0.16969254612922668,0.036725666373968124
0.08595988538681948,0.023054755043227668,0.05730659025787966,0.0019424042568543104,-0.21746543049812317,0.17655232548713684,-0.026673970744013786
0.23076923076923075,0.014084507042253521,0.0909090909090909,0.005359402345478577,-0.08462348580360413,0.10465076565742493,0.00981860887259245
0.1296928327645051,0.013745704467353952,0.0750853242320819,0.0026822137697149534,-0.27431076765060425,0.15458816289901733,-0.06754717230796814
0.17777777777777778,0.019169329073482427,0.08253968253968254,0.00247847506098622,-0.25707048177719116,0.10904685407876968,-0.07914041727781296
0.07739307535641547,0.02044989775051125,0.052953156822810585,0.0018381804508817027,-0.3086562752723694,0.2434486746788025,-0.04643232375383377
0.21875,0.0440251572327044,0.09375,0.0032227315128170834,-0.21538858115673065,-0.2949410378932953,-0.2534654140472412
0.07329842931937174,0.0,0.06282722513089006,0.001559331616029219,-0.24668368697166443,-0.2103620022535324,-0.22659613192081451
0.18532818532818532,0.007782101167315175,0.08494208494208494,0.0018380455760231432,-0.24233752489089966,-0.010114041157066822,-0.12718915939331055
0.2683982683982684,0.017467248908296942,0.12987012987012986,0.004000494114401614,-0.1723574846982956,0.0944896787405014,-0.04086966812610626
0.14814814814814814,0.022922636103151865,0.07977207977207977,0.0031258310878072423,-0.3947598338127136,0.03533812612295151,-0.1874929815530777
0.3895131086142322,0.1584905660377358,0.2247191011235955,0.14136686236401064,0.02468213066458702,0.16058696806430817,0.09319484978914261
0.25806451612903225,0.09386281588447655,0.15770609318996415,0.06589382751970516,-0.07090722024440765,0.2758208215236664,0.09796642512083054
0.14126394052044608,0.007490636704119851,0.06691449814126395,0.00291980713932929,-0.23448854684829712,0.027528952807188034,-0.10522708296775818
0.14492753623188406,0.00975609756097561,0.09661835748792269,0.003867007943287361,-0.27045562863349915,0.13765643537044525,-0.07319599390029907
0.13793103448275862,0.03488372093023256,0.10344827586206895,0.04119318287753048,-0.17014585435390472,0.13243086636066437,-0.021843068301677704
0.30422535211267604,0.039660056657223795,0.13521126760563382,0.022156237210316464,-0.07882730662822723,-0.09495589137077332,-0.08513922989368439
0.36619718309859156,0.13270142180094785,0.16901408450704225,0.02571921071844868,0.041345831006765366,0.24264712631702423,0.14140287041664124
0.17760617760617758,0.01556420233463035,0.08494208494208494,0.003094596261417266,-0.07257267087697983,0.220206156373024,0.07105689495801926
0.30612244897959184,0.09589041095890412,0.163265306122449,0.056459251010440685,-0.008373592980206013,0.1822260618209839,0.08660873025655746
0.1952662721893491,0.005952380952380952,0.08284023668639053,0.0030421872305288577,-0.1764429360628128,0.07531393319368362,-0.05209033191204071
0.2846975088967971,0.08602150537634408,0.1779359430604982,0.04333722403822928,-0.09374666959047318,-0.1788303107023239,-0.13482099771499634
0.09375,0.0,0.046875,0.001616210656550902,-0.381390243768692,-0.518501877784729,-0.44864070415496826
0.2142857142857143,0.0,0.0879120879120879,0.0015089817325012198,-0.26360562443733215,-0.028856126591563225,-0.14723463356494904
0.2962962962962963,0.08208955223880597,0.21481481481481482,0.03596459736922029,-0.06388317793607712,0.1898028403520584,0.061273954808712006
0.1964285714285714,0.02702702702702703,0.11607142857142858,0.0057394281665778205,-0.1670990139245987,0.04221947863698006,-0.06295288354158401
0.24666666666666665,0.013422818791946308,0.13333333333333333,0.0036900368764767122,-0.23767299950122833,0.13271880149841309,-0.05777129530906677
0.2835249042145594,0.023166023166023165,0.1532567049808429,0.010793389675856298,-0.08748389780521393,0.16269800066947937,0.03603488206863403
0.2958579881656805,0.125,0.1952662721893491,0.026090689999977778,-0.15837803483009338,0.20009656250476837,0.01598658226430416
0.19811320754716985,0.0380952380952381,0.14150943396226415,0.009587184574580614,-0.2585717737674713,0.07939520478248596,-0.09369315952062607
0.1273209549071618,0.032,0.06896551724137932,0.0017073687376987028,-0.48334816098213196,0.020515305921435356,-0.2428751289844513
0.14254859611231102,0.0043383947939262466,0.07343412526997839,0.002345312374337985,-0.3221864700317383,-0.269393652677536,-0.29383358359336853
0.1467181467181467,0.04669260700389106,0.1158301158301158,0.023319031002376523,-0.12604713439941406,0.026746513321995735,-0.049134012311697006
0.22018348623853212,0.01846153846153846,0.0856269113149847,0.0038033309907141277,-0.198611319065094,-0.22643522918224335,-0.21059471368789673
0.25757575757575757,0.03816793893129771,0.12121212121212119,0.003664678546004497,-0.04010452702641487,0.22165076434612274,0.08885378390550613
0.20547945205479454,0.048275862068965524,0.12328767123287672,0.00844868007223279,-0.17936807870864868,0.1011248454451561,-0.04143720120191574
0.19999999999999998,0.024193548387096777,0.104,0.005349187325693943,-0.10502879321575165,0.07076114416122437,-0.017045361921191216
0.11846689895470383,0.021052631578947368,0.0627177700348432,0.011575352864319542,-0.31993237137794495,0.11100365966558456,-0.11225499957799911
0.23648648648648649,0.054421768707483,0.12837837837837837,0.030199100689389503,-0.16505256295204163,0.08240751922130585,-0.04274848848581314
0.2768361581920904,0.07386363636363635,0.13559322033898305,0.05388029751142421,-0.18993528187274933,0.04923737049102783,-0.07153896242380142
0.27309236947791166,0.04048582995951417,0.15261044176706826,0.01247983566697702,-0.04483591765165329,0.14485295116901398,0.04975486919283867
0.2735042735042735,0.043103448275862065,0.11965811965811966,0.0077897014808975115,-0.11380034685134888,0.03578028082847595,-0.03845898434519768
0.1864406779661017,0.02564102564102564,0.11016949152542371,0.003616973629754703,-0.2370457947254181,0.05565640702843666,-0.09332975745201111
0.21739130434782608,0.018750000000000003,0.09316770186335402,0.0028861813737313616,-0.13621707260608673,0.0739206075668335,-0.031715355813503265
0.22346368715083803,0.11299435028248586,0.1787709497206704,0.05666052405663249,0.03521217778325081,0.27212581038475037,0.1522965133190155
0.17272727272727273,0.0,0.09090909090909091,0.00205219581743127,-0.15691138803958893,0.0765947699546814,-0.04124331474304199
0.42441860465116277,0.2280701754385965,0.27325581395348836,0.1416496119564,-0.03343246504664421,0.15017934143543243,0.058222632855176926
0.13414634146341464,0.018404907975460124,0.06707317073170732,0.0026401933946730276,-0.30736544728279114,-0.0028853295370936394,-0.15808236598968506
0.16724738675958187,0.02807017543859649,0.08362369337979093,0.0035969904789602235,-0.3596491813659668,-0.08385177701711655,-0.2237863838672638
0.1603053435114504,0.030769230769230767,0.0916030534351145,0.0071120866004458095,-0.20681512355804443,0.11012889444828033,-0.05176294967532158
0.25806451612903225,0.11162790697674418,0.18433179723502305,0.050108948825906115,-0.15927831828594208,0.1190996989607811,-0.02236044965684414
0.17391304347826086,0.03367003367003367,0.11371237458193982,0.003213726530761861,-0.29040849208831787,-0.042548444122076035,-0.1677922010421753
0.1488095238095238,0.005988023952095808,0.07738095238095238,0.0022705205213698356,-0.2729191482067108,-0.32247528433799744,-0.295722633600235
0.1103448275862069,0.027972027972027972,0.09655172413793103,0.0044910459492381325,-0.24627617001533508,0.16222329437732697,-0.04883629456162453
0.21374045801526714,0.03076923076923077,0.0916030534351145,0.008538321084438763,-0.2164813131093979,0.09171471744775772,-0.06551507860422134
0.0966542750929368,0.00749063670411985,0.05204460966542751,0.002563355412462174,-0.24466873705387115,0.03988596051931381,-0.10477538406848907
0.19026548672566373,0.05777777777777778,0.11946902654867256,0.037767862938639644,-0.31038329005241394,0.08725319057703018,-0.11793137341737747
0.259927797833935,0.07272727272727274,0.1516245487364621,0.07513670459027849,-0.10462233424186707,-0.011498164385557175,-0.0567827932536602
0.18181818181818182,0.01081081081081081,0.0855614973262032,0.0036798126951582814,-0.1687142252922058,0.13614638149738312,-0.019341973587870598
0.16666666666666669,0.011976047904191617,0.09523809523809523,0.0028299886460273305,-0.19134601950645447,0.1306169629096985,-0.033957935869693756
0.35842293906810035,0.1371841155234657,0.2078853046594982,0.08906458054269654,-0.05774952843785286,0.09005468338727951,0.016653353348374367
0.23423423423423423,0.024169184290030208,0.0900900900900901,0.008231556812192469,-0.1294448971748352,0.11004471033811569,-0.010960381478071213
0.1589958158995816,0.008438818565400845,0.08368200836820083,0.004843491250098802,-0.24496199190616608,-0.01822989247739315,-0.1324230283498764
0.36630036630036633,0.14760147601476017,0.21245421245421245,0.10912709116068682,0.040703777223825455,0.16461412608623505,0.10335884988307953
0.3055555555555556,0.14018691588785048,0.17592592592592596,0.07925385462763994,-0.1288251280784607,0.10479649901390076,-0.013131621293723583
0.14594594594594593,0.005434782608695652,0.06486486486486487,0.0028049885509523554,-0.3453506529331207,-0.19279180467128754,-0.26825016736984253
0.19178082191780824,0.020689655172413793,0.08904109589041097,0.00439736412874863,-0.25790178775787354,0.09799367189407349,-0.08470236510038376
0.23045267489711935,0.02489626556016597,0.11522633744855967,0.00909228681623041,-0.13438358902931213,0.003429003991186619,-0.06471657752990723
0.1328413284132841,0.022304832713754646,0.07380073800738007,0.0026599362479490752,-0.2556430995464325,0.0036210762336850166,-0.12766380608081818
0.11594202898550726,0.0,0.05797101449275363,0.0029013586539003615,-0.2146269530057907,-0.016217907890677452,-0.1156439483165741
0.15576323987538943,0.0,0.06853582554517135,0.0013728422589234298,-0.2761322259902954,0.009167120791971684,-0.13586494326591492
0.2252559726962457,0.1443298969072165,0.21160409556313994,0.06610288425453277,-0.08698016405105591,0.3595300316810608,0.12787605822086334
0.17302798982188294,0.030690537084398978,0.08651399491094147,0.0064405557409473214,-0.26646074652671814,0.07387498021125793,-0.10047846287488937
0.18587360594795538,0.02247191011235955,0.104089219330855,0.015962711338252396,-0.21968132257461548,-0.028521856293082237,-0.12416645139455795
0.15151515151515152,0.04060913705583756,0.09090909090909093,0.01935459699472266,-0.2708447575569153,0.15607132017612457,-0.06498533487319946
0.1845238095238095,0.023952095808383235,0.09523809523809523,0.012684180065574448,-0.2605060935020447,0.12886850535869598,-0.07184939086437225
0.25830258302583026,0.11895910780669144,0.16236162361623616,0.06510759964992183,-0.21541227400302887,0.23749689757823944,0.0023082667030394077
0.17088607594936708,0.019108280254777066,0.08860759493670887,0.0014522846656735788,-0.28718864917755127,-0.017641648650169373,-0.1543278992176056
0.3314606741573034,0.14124293785310735,0.21348314606741572,0.09318271565610346,0.03229339420795441,0.139631986618042,0.08687784522771835
0.20833333333333331,0.07368421052631578,0.15625,0.10567670304210346,-0.0029442531522363424,-0.22191393375396729,-0.11310894787311554
0.2285714285714286,0.007194244604316547,0.1,0.004569745130552167,-0.1842508763074875,-0.015748515725135803,-0.09967396408319473
0.09900990099009901,0.019999999999999997,0.07920792079207921,0.006882638201257208,-0.15297026932239532,0.05670272186398506,-0.04867101460695267
0.22685185185185183,0.0558139534883721,0.11111111111111112,0.03393416814100757,-0.27681249380111694,0.07445190101861954,-0.10575364530086517
0.26586102719033233,0.0668693009118541,0.15709969788519637,0.04583123120094144,-0.05971389636397362,0.11731728166341782,0.028808128088712692
0.21390374331550802,0.04838709677419355,0.10695187165775401,0.020903120745549883,-0.1857454776763916,0.20290832221508026,0.002574903890490532
0.1469387755102041,0.03292181069958847,0.08163265306122448,0.016865958137349393,-0.185058131814003,0.01964089833199978,-0.08309971541166306
0.23841059602649006,0.06666666666666667,0.11920529801324503,0.038614185676005865,-0.19729644060134888,0.13641344010829926,-0.03442658111453056
0.11353711790393012,0.0,0.06986899563318777,0.0016947635867966566,-0.22393055260181427,0.06844212859869003,-0.080378957092762
0.2452107279693487,0.015444015444015444,0.10727969348659004,0.008516154246877324,-0.11173480749130249,0.13185854256153107,0.00868107471615076
0.17840375586854462,0.037914691943127965,0.10328638497652581,0.01031839561417387,-0.11290889978408813,-0.01533288974314928,-0.06287731230258942
0.17486338797814208,0.0,0.09836065573770492,0.0029720378821678417,-0.1383218765258789,0.06214901804924011,-0.03844344615936279
0.1688888888888889,0.0,0.062222222222222213,0.001896744330203661,-0.13291341066360474,0.03368764743208885,-0.04932153970003128
0.12631578947368421,0.02120141342756184,0.09122807017543859,0.012950025691620215,-0.23217254877090454,0.24464744329452515,-0.003621322801336646
0.24186046511627904,0.028169014084507043,0.12093023255813952,0.0026054749591998107,-0.15810352563858032,0.005750850774347782,-0.07580303400754929
0.12269938650306747,0.0,0.061349693251533735,0.0021024982854913206,-0.30740082263946533,0.0314517542719841,-0.1420915424823761
0.23693379790940766,0.028070175438596492,0.11149825783972125,0.0035853136148084742,-0.21369163691997528,0.12262491881847382,-0.04960053786635399
0.24332344213649854,0.011940298507462687,0.09495548961424333,0.003778159448868435,-0.24927455186843872,-0.0701746717095375,-0.15951231122016907
0.41379310344827586,0.17665615141955834,0.2507836990595611,0.14964389867751735,0.08869372308254242,0.2190438061952591,0.1544133573770523
0.1276595744680851,0.007142857142857143,0.06382978723404255,0.003161445724280123,-0.28481289744377136,-0.0789962038397789,-0.18220368027687073
0.21522309711286086,0.005277044854881267,0.09448818897637795,0.0036167658716552437,-0.22668766975402832,-0.14396050572395325,-0.18375547230243683
0.12734082397003746,0.0,0.05243445692883895,0.002686030867119488,-0.31252098083496094,0.03242449834942818,-0.1443810909986496
0.1346153846153846,0.0,0.0673076923076923,0.001922019663966804,-0.24230250716209412,0.018814953044056892,-0.11345963925123215
0.17956656346749225,0.04361370716510903,0.09907120743034056,0.007551107538944239,-0.2591876685619354,0.011549808084964752,-0.12578852474689484
0.09411764705882353,0.004728132387706856,0.047058823529411764,0.0018168407379480004,-0.42130693793296814,-0.3256598711013794,-0.3717499375343323
0.07746478873239436,0.0,0.056338028169014086,0.0013427551137514015,-0.36663681268692017,-0.15876811742782593,-0.26295381784439087
0.1796875,0.031496062992125984,0.09375,0.01965388900491764,-0.18179692327976227,0.06885916739702225,-0.05796094238758087
0.04897959183673469,0.020491803278688523,0.03673469387755102,0.023990968725494857,-0.26934024691581726,-0.6501170992851257,-0.46545475721359253
0.14754098360655737,0.03305785123966942,0.09016393442622951,0.003035532429120375,-0.19270406663417816,0.2667297422885895,0.02799161709845066
0.1559322033898305,0.0136518771331058,0.09491525423728812,0.001682617515355735,-0.22433240711688995,0.0753747746348381,-0.07733823359012604
0.2181818181818182,0.030487804878048776,0.10303030303030303,0.006992564315695357,-0.12217111140489578,0.16154839098453522,0.01723289117217064
0.1044776119402985,0.015037593984962403,0.05970149253731343,0.0027916573278303643,-0.23548682034015656,0.0067833722569048405,-0.11557366698980331
0.24338624338624337,0.0213903743315508,0.126984126984127,0.0024648316008670213,-0.1067105159163475,0.12271122634410858,0.006960115861147642
0.22712933753943218,0.04444444444444444,0.138801261829653,0.029176492840960532,-0.16880302131175995,0.0829893946647644,-0.04444084316492081
0.15454545454545457,0.01834862385321101,0.1,0.0035426282666751975,-0.17184455692768097,0.02352762222290039,-0.07436849176883698
0.13675213675213677,0.034782608695652174,0.10256410256410256,0.004912556913340642,-0.16110438108444214,0.15346366167068481,-0.007190377451479435
0.18867924528301885,0.032520325203252036,0.08086253369272237,0.006592422653670416,-0.30926188826560974,-0.01604882813990116,-0.1652550846338272
0.2806122448979592,0.041025641025641026,0.12755102040816327,0.003377931130512338,-0.26983797550201416,0.05796268954873085,-0.10968680679798126
0.1386138613861386,0.014925373134328358,0.0693069306930693,0.0023013046716212513,-0.315578430891037,-0.07671220600605011,-0.19720104336738586
0.13229571984435798,0.0,0.07003891050583658,0.0016319702736693226,-0.2859887480735779,-0.0021343727130442858,-0.14639340341091156
0.22304832713754646,0.014981273408239702,0.11152416356877323,0.0024453219975984638,-0.2405344694852829,-0.133247971534729,-0.18556542694568634
0.09638554216867469,0.0,0.048192771084337345,0.002027649818726467,-0.1684584617614746,-0.5700515508651733,-0.37585827708244324
0.16091954022988508,0.04633204633204633,0.0996168582375479,0.008813328164555864,-0.11630241572856903,0.11042001098394394,-0.003907737322151661
0.22033898305084745,0.06837606837606837,0.11864406779661017,0.0057294508796753825,-0.020687242969870567,-0.08855560421943665,-0.053144872188568115
0.2572614107883817,0.11715481171548119,0.1991701244813278,0.02938443267668276,-0.046156108379364014,0.26488789916038513,0.10603299736976624
0.16816816816816815,0.024169184290030208,0.10810810810810811,0.00600786459758794,-0.29801762104034424,0.11249425262212753,-0.09966301172971725
0.16265060240963852,0.06060606060606061,0.10240963855421686,0.006108164224190592,-0.27011531591415405,0.14230896532535553,-0.07088031619787216
0.2446043165467626,0.036231884057971016,0.11510791366906475,0.025745382004185486,-0.15329501032829285,0.049302101135253906,-0.0523802749812603
0.15942028985507245,0.014598540145985401,0.08695652173913043,0.007792362453513516,-0.15861009061336517,-0.004867954645305872,-0.0811929926276207
0.16129032258064516,0.012145748987854251,0.06451612903225806,0.0018374102184317348,-0.3240252435207367,-0.26362723112106323,-0.29191872477531433
0.19141914191419143,0.03322259136212625,0.11881188118811879,0.006751300674893,-0.28662195801734924,0.166066512465477,-0.0690368041396141
0.23809523809523814,0.10843373493975904,0.1785714285714286,0.004628519634543091,-0.27480462193489075,0.02234547585248947,-0.12897545099258423
0.1981981981981982,0.018126888217522657,0.0900900900900901,0.005517509169862519,-0.18964625895023346,0.17558276653289795,-0.012143121100962162
0.16176470588235295,0.0,0.08088235294117647,0.0034310738340502024,-0.22383221983909607,-0.0006561587215401232,-0.11300935596227646
0.22289156626506026,0.03636363636363636,0.12048192771084337,0.030087797468575903,-0.12467601150274277,0.05632989853620529,-0.03415711969137192
0.20261437908496735,0.052631578947368425,0.13071895424836602,0.007631077109126626,-0.1384202241897583,0.17454634606838226,0.014730032533407211
0.24930747922437674,0.055710306406685235,0.1329639889196676,0.00992764315588203,-0.169463112950325,-0.1470014750957489,-0.15637622773647308
0.21348314606741572,0.011363636363636364,0.0898876404494382,0.0044935253117907295,-0.3169085383415222,-0.03376971185207367,-0.17762669920921326
0.29213483146067415,0.10566037735849056,0.18726591760299624,0.022986559310751855,-0.07593364268541336,0.12428317964076996,0.023747317492961884
0.20253164556962028,0.03184713375796178,0.08227848101265822,0.004145130295961483,-0.29896143078804016,0.03067639097571373,-0.1379411816596985
0.0771513353115727,0.0,0.041543026706231445,0.002170329638480998,-0.30756813287734985,-0.09419962763786316,-0.20132774114608765
0.22545454545454546,0.10256410256410256,0.15999999999999998,0.05408982048036589,-0.13092286884784698,0.0993855819106102,-0.01680379919707775
0.22480620155038758,0.007812499999999998,0.0930232558139535,0.005056262523002888,-0.1179901510477066,0.004911462776362896,-0.05559263750910759
0.18324607329842932,0.02105263157894737,0.09424083769633507,0.0031674447624816145,-0.23033058643341064,0.04750164598226547,-0.0936119332909584
0.2251082251082251,0.06986899563318777,0.18181818181818182,0.024230483528610167,-0.07213083654642105,0.19386430084705353,0.058863624930381775
0.27027027027027023,0.04761904761904762,0.14864864864864866,0.005208883642499452,-0.10117822885513306,-0.1402757614850998,-0.11898627132177353
0.27848101265822783,0.03821656050955414,0.12658227848101267,0.005751554065429845,-0.15005502104759216,0.010096000507473946,-0.06955312937498093
0.2922077922077922,0.1111111111111111,0.18831168831168832,0.07962409812435203,-0.12034435570240021,0.16278325021266937,0.018779387697577477
0.022988505747126436,0.0,0.022988505747126436,0.0009652159149149985,-0.44305896759033203,-0.1039956733584404,-0.2776050865650177
0.2789115646258503,0.013698630136986302,0.11564625850340136,0.0052199909692851685,-0.07106039673089981,0.013914101757109165,-0.027267634868621826
0.28421052631578947,0.058201058201058205,0.11052631578947368,0.013228852646414824,-0.11023633182048798,0.0411459244787693,-0.034027863293886185
0.21768707482993196,0.0684931506849315,0.11564625850340136,0.018823567460437955,-0.21233607828617096,0.19301818311214447,-0.016335859894752502
0.25870646766169153,0.07500000000000001,0.13432835820895522,0.04912971245798542,-0.20024140179157257,-0.1460174173116684,-0.1713760793209076
0.232967032967033,0.013245033112582781,0.09230769230769231,0.0035201333301031175,-0.17852121591567993,0.027456438168883324,-0.07595913857221603
0.2193548387096774,0.05844155844155844,0.14193548387096774,0.009767717870435955,-0.19481417536735535,0.05236747860908508,-0.0726122185587883
0.18041237113402062,0.015544041450777205,0.08762886597938144,0.002978138486902301,-0.2814561724662781,-0.1462285965681076,-0.21283340454101562
0.2857142857142857,0.16744186046511628,0.2304147465437788,0.06874584689960417,0.044233132153749466,0.21849341690540314,0.13128265738487244
0.1834862385321101,0.0,0.07951070336391437,0.001613673875556225,-0.33452698588371277,-0.08523165434598923,-0.2111901491880417
0.2544169611307421,0.05693950177935943,0.12720848056537104,0.010666806537616667,-0.12386061996221542,0.18558643758296967,0.027631744742393494
0.2777777777777778,0.016,0.11904761904761904,0.004893619017862093,-0.08750724792480469,-0.10131408274173737,-0.09264250844717026
0.1680672268907563,0.016949152542372885,0.1092436974789916,0.003595159559807665,-0.22051404416561127,-0.03653017804026604,-0.1284414678812027
0.3179916317991632,0.14345991561181434,0.200836820083682,0.10655309156831594,0.013939480297267437,0.2696111798286438,0.13996197283267975
0.22478386167146974,0.02318840579710145,0.12103746397694524,0.004048028201367374,-0.2273184061050415,-0.07810728996992111,-0.15199808776378632
0.23529411764705882,0.007407407407407407,0.08823529411764706,0.003626551001859105,-0.08632997423410416,0.1422615647315979,0.02692224271595478
0.26586102719033233,0.0243161094224924,0.10271903323262839,0.003491816776247022,-0.4137020409107208,-0.05524042621254921,-0.23927924036979675
0.19219219219219216,0.09667673716012085,0.13813813813813813,0.04510041019338533,-0.2563749849796295,0.08083981275558472,-0.09184753894805908
0.2646153846153846,0.043343653250773995,0.12923076923076923,0.00796647768928217,-0.13658885657787323,-0.022764991968870163,-0.07858595252037048
0.2057142857142857,0.034682080924855495,0.11428571428571428,0.010486151966864235,-0.045491769909858704,0.17631745338439941,0.06448031216859818
0.06779661016949153,0.0,0.04067796610169491,0.001758350194289017,-0.44162771105766296,0.0067908004857599735,-0.22606779634952545
0.19999999999999998,0.026845637583892617,0.11333333333333333,0.004297951532673628,-0.21964488923549652,-0.0507010817527771,-0.13480862975120544
0.17573221757322174,0.02531645569620253,0.10041841004184099,0.01901935060506639,-0.14855018258094788,0.10899874567985535,-0.021481076255440712
0.106544901065449,0.012213740458015269,0.03957382039573821,0.001727406978993083,-0.5660200119018555,-0.11168103665113449,-0.34787335991859436
0.12682926829268293,0.0,0.07804878048780488,0.0042627836353972505,-0.31047311425209045,-0.38659030199050903,-0.3466581404209137
0.1762917933130699,0.03058103975535168,0.09726443768996959,0.00788865865032981,-0.34421584010124207,0.08314574509859085,-0.13817603886127472
0.1272727272727273,0.01834862385321101,0.06363636363636364,0.007847497166235218,-0.2002965807914734,0.12443669140338898,-0.04161060228943825
0.053571428571428575,0.0,0.03571428571428571,0.0010850620363093604,-0.29093697667121887,0.014147206209599972,-0.14138098061084747
0.2468085106382979,0.0686695278969957,0.16170212765957445,0.021934032151262786,-0.10171062499284744,-0.012951971031725407,-0.056014664471149445
0.1764705882352941,0.02542372881355932,0.09243697478991596,0.003169660353681339,-0.13797025382518768,0.2360183298587799,0.04357312247157097
0.24050632911392403,0.025477707006369428,0.10759493670886075,0.016626915117980205,-0.27086880803108215,0.03974729776382446,-0.11873728781938553
0.2724458204334365,0.06230529595015575,0.13003095975232196,0.02416105116485055,-0.08882389962673187,0.09716100990772247,0.00404299795627594
0.3333333333333333,0.018987341772151896,0.14465408805031446,0.004915152222140657,-0.1779085099697113,0.1610061377286911,-0.01262412779033184
0.2699724517906336,0.02770083102493075,0.12672176308539945,0.008861658543265866,-0.005893104709684849,0.04893917962908745,0.02296259067952633
0.17813765182186236,0.08163265306122448,0.12955465587044535,0.019047349814036618,-0.1786443144083023,0.1197841539978981,-0.03228182718157768
0.14761904761904762,0.02392344497607655,0.08571428571428572,0.0020770549813719013,-0.38969698548316956,0.17152023315429688,-0.12356289476156235
0.15384615384615385,0.01550387596899225,0.08461538461538462,0.004239219476931254,-0.11168599128723145,0.12864813208580017,0.007181195542216301
0.09523809523809525,0.0,0.06666666666666667,0.0016757818137178356,-0.2783251404762268,0.11596924066543579,-0.08740652352571487
0.16216216216216217,0.015564202334630349,0.08494208494208494,0.0026100817096629167,-0.26060158014297485,0.008678981103003025,-0.1278887838125229
0.25308641975308643,0.012422360248447206,0.09259259259259257,0.0032799276731722464,-0.17985838651657104,0.05996406078338623,-0.0611637681722641
0.10256410256410255,0.008620689655172414,0.07692307692307691,0.003994985345439881,-0.2954441010951996,-0.44706690311431885,-0.37028926610946655
0.15841584158415845,0.026578073089700994,0.0924092409240924,0.006823109215269558,-0.19801419973373413,0.06808380782604218,-0.06685744225978851
0.3561643835616438,0.020689655172413793,0.136986301369863,0.005761838484135355,-0.08438718318939209,0.1339762806892395,0.023984640836715698
0.2110091743119266,0.009259259259259259,0.09174311926605505,0.002034387512289318,-0.2827512323856354,0.09213175624608994,-0.10076911747455597
0.140625,0.0,0.109375,0.003974032675176116,-0.08522981405258179,0.02572743408381939,-0.02870182693004608
0.23015873015873012,0.07200000000000001,0.1349206349206349,0.04125868784319083,-0.16142062842845917,0.050553224980831146,-0.056012194603681564
0.21292775665399236,0.01532567049808429,0.09885931558935361,0.005078858417995152,-0.21503907442092896,-0.03428155183792114,-0.12452384829521179
0.32835820895522383,0.08040201005025126,0.208955223880597,0.03554655054912657,-0.08957596868276596,0.21177548170089722,0.05809549614787102
0.16886543535620052,0.015915119363395226,0.05804749340369393,0.0035394257270779817,-0.25506824254989624,-0.057030271738767624,-0.15621449053287506
0.1901639344262295,0.0132013201320132,0.0721311475409836,0.008738605646044834,-0.24341364204883575,-0.03351962938904762,-0.13890425860881805
0.20408163265306126,0.0,0.10204081632653063,0.006085296185061991,-0.11165380477905273,0.0591384693980217,-0.02606971003115177
0.19926199261992622,0.02230483271375465,0.08118081180811808,0.004644471557925312,-0.21868444979190826,-0.0575113371014595,-0.1375964879989624
0.21377672209026127,0.02386634844868735,0.10926365795724464,0.00731677157100094,-0.19610925018787384,0.004162628203630447,-0.09625641256570816
0.23316062176165803,0.041666666666666664,0.12435233160621761,0.00775813712665306,-0.21465596556663513,0.04712316021323204,-0.08552487939596176
0.17674418604651163,0.03755868544600939,0.13953488372093023,0.011943270578786394,-0.23967309296131134,0.046537745743989944,-0.09900471568107605
0.23868312757201646,0.05809128630705394,0.11522633744855966,0.03740970842538808,-0.16497297585010529,0.09758476912975311,-0.03551926463842392
0.1702127659574468,0.02142857142857143,0.07801418439716312,0.014835723022852673,-0.27961844205856323,-0.1391240358352661,-0.20844502747058868
0.11830985915492957,0.0056657223796034,0.0619718309859155,0.0021607601793248573,-0.32540205121040344,-0.007791132666170597,-0.16997367143630981
0.22670025188916876,0.010126582278481013,0.09571788413098237,0.01801055905583466,-0.3342323303222656,-0.1405930519104004,-0.237389475107193
0.2766798418972332,0.055776892430278883,0.11857707509881422,0.01149833037612052,-0.18028853833675385,0.19346140325069427,0.001153780147433281
0.1371841155234657,0.014545454545454547,0.07942238267148014,0.00332956101796465,-0.19809980690479279,0.13300955295562744,-0.036441370844841
0.20462046204620463,0.0132890365448505,0.0858085808580858,0.004114774190233743,-0.12902110815048218,0.03782905265688896,-0.04531421139836311
0.1818181818181818,0.019323671497584537,0.09569377990430622,0.00419675235130973,-0.19074252247810364,0.14333052933216095,-0.02770661562681198
0.22096317280453256,0.03988603988603988,0.09631728045325778,0.007381059467857721,-0.26174986362457275,-0.04364251345396042,-0.15330089628696442
0.26877470355731226,0.04780876494023904,0.12648221343873517,0.003876836822162316,-0.13896358013153076,0.11452038586139679,-0.013828762806952
0.1745635910224439,0.09022556390977443,0.13466334164588528,0.016580308255046215,-0.3077319264411926,0.3087228536605835,-0.01708456315100193
0.20689655172413793,0.06933333333333334,0.1273209549071618,0.02922188562741211,-0.23991858959197998,0.12115979194641113,-0.06432421505451202
0.248,0.03225806451612903,0.12,0.010123734801061247,-0.07557246088981628,0.08456134796142578,0.00481995427981019
0.14388489208633096,0.007246376811594202,0.07913669064748202,0.0025344555133174768,-0.31430140137672424,0.1355181634426117,-0.09803316742181778
0.1259259259259259,0.08955223880597016,0.11111111111111112,0.03601148293548922,-0.3717898726463318,0.49112293124198914,0.024003006517887115
0.1891891891891892,0.04761904761904762,0.10810810810810811,0.0027577212890376704,-0.17839032411575317,0.10501369088888168,-0.03908973187208176
0.18589743589743588,0.025806451612903226,0.09615384615384616,0.011411451477062275,-0.33771711587905884,0.12524954974651337,-0.11550409346818924
0.22115384615384617,0.06796116504854369,0.15384615384615385,0.027189959296856532,-0.2431175410747528,0.12131012231111526,-0.06597206741571426
0.20494699646643108,0.021352313167259784,0.11307420494699645,0.015484408661830554,-0.31726616621017456,-0.03691432252526283,-0.17929397523403168
0.17204301075268813,0.0,0.07168458781362007,0.0015474264133668843,-0.19999024271965027,-0.032178305089473724,-0.11572552472352982
0.203125,0.02362204724409449,0.1015625,0.0035723431405772464,-0.21510593593120575,0.015174067579209805,-0.1009107306599617
0.28668941979522183,0.08247422680412371,0.16382252559726962,0.04425449925527413,-0.002328022150322795,-0.10146088153123856,-0.05069004371762276
0.19047619047619047,0.029520295202952032,0.10989010989010987,0.0038098341768112018,-0.26329609751701355,0.2103775590658188,-0.03618921339511871
0.2213438735177866,0.01593625498007968,0.10276679841897235,0.005329586019250794,-0.08034878224134445,0.09898409992456436,0.009307936765253544
0.15873015873015875,0.031948881789137386,0.09523809523809523,0.0015742164311760571,-0.2850053310394287,-0.029801277443766594,-0.15891900658607483
0.12355212355212354,0.0311284046692607,0.07722007722007722,0.003623919773303146,-0.19953283667564392,0.11094988882541656,-0.047506995499134064
0.1557177615571776,0.014669926650366748,0.072992700729927,0.001973761639243311,-0.3352320194244385,0.047241657972335815,-0.14974772930145264
0.23974763406940067,0.10158730158730159,0.10094637223974763,0.052242000900986296,-0.13468144834041595,0.22764956951141357,0.04146403819322586
0.19852941176470587,0.007407407407407408,0.08823529411764706,0.0040651204722003875,-0.07610202580690384,0.16903921961784363,0.04501225799322128
0.11255411255411255,0.03493449781659389,0.0779220779220779,0.01348524564369339,-0.20404279232025146,0.012988051399588585,-0.09617165476083755
0.1368421052631579,0.010582010582010581,0.06315789473684211,0.005787369473523454,-0.285579115152359,-0.12331113964319229,-0.20387333631515503
0.26911314984709483,0.09230769230769231,0.17125382262996938,0.049308439836952295,-0.040926992893218994,0.06981882452964783,0.015431412495672703
0.2960893854748603,0.15168539325842698,0.2011173184357542,0.0736364693230628,-0.18190374970436096,0.17792901396751404,-0.006902197375893593
0.1904761904761905,0.0,0.11111111111111113,0.003922224661227018,-0.2550894618034363,0.006738802883774042,-0.1258990615606308
0.15286624203821658,0.038461538461538464,0.10191082802547768,0.017353689995678618,-0.2864634692668915,0.10124935209751129,-0.0985703319311142
0.12871287128712872,0.02,0.07920792079207921,0.004011381280849154,-0.2258789986371994,-0.007290259003639221,-0.11724023520946503
0.15902140672782875,0.01846153846153846,0.0672782874617737,0.012290379478197359,-0.363398939371109,0.038588497787714005,-0.1689576357603073
0.18749999999999997,0.025157232704402517,0.1,0.004617395168431385,-0.21072226762771606,-0.016993273049592972,-0.11398585140705109
0.16909620991253643,0.023460410557184747,0.07580174927113703,0.007610398010107709,-0.16892576217651367,0.04308963939547539,-0.06348863244056702
0.07380073800738007,0.04460966542750929,0.07380073800738007,0.014495531859259555,-0.3657556176185608,0.09160611778497696,-0.14609816670417786
0.2948207171314742,0.06425702811244981,0.16733067729083667,0.01252267745828245,-0.02051425911486149,0.09346317499876022,0.037390317767858505
0.09775967413441955,0.00408997955010225,0.044806517311608965,0.0014685538679438752,-0.4018974304199219,0.1029677465558052,-0.16087904572486877
0.21932114882506526,0.08398950131233596,0.1514360313315927,0.08887786152744837,-0.12457943707704544,0.033407144248485565,-0.04515776038169861
0.11857707509881424,0.01593625498007968,0.07114624505928853,0.006293927285526366,-0.3346136808395386,0.08999031037092209,-0.12982799112796783
0.05797101449275362,0.0072992700729927005,0.04347826086956522,0.0018498560388011678,-0.33462145924568176,0.16179847717285156,-0.09732048958539963
0.18972332015810275,0.01593625498007968,0.08695652173913043,0.004212411927069218,-0.20423805713653564,0.0931129902601242,-0.05836319178342819
0.07692307692307693,0.0,0.04807692307692308,0.001546369154838428,-0.47507891058921814,0.006691403687000275,-0.24450038373470306
0.22556390977443608,0.022727272727272724,0.11278195488721804,0.004411410039137914,-0.3528628647327423,-0.03189001977443695,-0.19585302472114563
0.2705314009661836,0.03902439024390244,0.16425120772946858,0.004229263288638682,-0.12014766782522202,0.25155213475227356,0.06033312901854515
0.14241486068111453,0.006230529595015577,0.0743034055727554,0.0031638283163640596,-0.414480984210968,-0.2833006680011749,-0.34763216972351074
0.21714285714285717,0.046242774566473986,0.11428571428571428,0.0044910459492381325,-0.28158316016197205,0.04765940457582474,-0.12075455486774445
0.1797752808988764,0.03773584905660377,0.08239700374531836,0.013061991370930004,-0.2960330843925476,0.12009260803461075,-0.09510934352874756
0.22727272727272724,0.07189542483660132,0.12337662337662336,0.0370923165724731,-0.3986521363258362,0.06782452762126923,-0.17489604651927948
0.33636363636363636,0.14678899082568808,0.2181818181818182,0.09100473096209447,-0.10507123917341232,0.2479880154132843,0.06676068156957626
0.23255813953488372,0.0078125,0.11627906976744186,0.004402420093034377,-0.14323262870311737,-0.25132328271865845,-0.1959512084722519
0.25825825825825827,0.036253776435045314,0.1141141141141141,0.006088143834397242,-0.18593330681324005,0.08140329271554947,-0.0542018860578537
0.22553191489361704,0.02564102564102564,0.10212765957446808,0.003520845422776261,-0.2224487066268921,0.00499317329376936,-0.10959604382514954
0.18591549295774648,0.05099150141643059,0.09014084507042253,0.0029175976240930056,-0.20089088380336761,0.17470906674861908,-0.018590446561574936
0.17204301075268819,0.01444043321299639,0.07168458781362007,0.003198278792034279,-0.12223125249147415,0.1409556269645691,0.0074813831597566605
0.15658362989323843,0.0,0.0711743772241993,0.0017003673408933085,-0.25611039996147156,0.038110971450805664,-0.1116676926612854
0.2254335260115607,0.04651162790697675,0.1329479768786127,0.0065059378790578905,-0.15105047821998596,0.03966275975108147,-0.05583490803837776
0.040955631399317405,0.0,0.034129692832764506,0.001975662727562241,-0.39866772294044495,-0.013451076112687588,-0.21192260086536407
0.23236514522821575,0.0,0.11618257261410787,0.004011381280849154,-0.23376159369945526,-0.035829801112413406,-0.13498415052890778
0.19689119170984457,0.031413612565445025,0.10362694300518135,0.004510063134317991,-0.131126269698143,0.2362903505563736,0.04737420380115509
0.19157088122605365,0.015444015444015444,0.07662835249042145,0.00735525792716469,-0.11829154938459396,0.12511442601680756,0.002041982486844063
0.16964285714285715,0.018018018018018018,0.11607142857142858,0.0038664249818327052,-0.218471497297287,0.19063514471054077,-0.02074967883527279
0.019512195121951223,0.0,0.019512195121951223,0.0010197712815884403,-0.34485292434692383,0.0745520070195198,-0.14244258403778076
0.0335195530726257,0.0,0.0335195530726257,0.002372527650550101,-0.2870563566684723,0.12305150926113129,-0.0888848602771759
0.28108108108108104,0.0546448087431694,0.12972972972972974,0.037258195807822324,-0.025179147720336914,0.12702488899230957,0.05130878463387489
0.20408163265306123,0.0,0.09795918367346938,0.0018868017936729568,-0.3610939085483551,0.06149250641465187,-0.15723688900470734
0.19014084507042253,0.007092198581560282,0.0915492957746479,0.0032180981602938216,-0.2181365042924881,-0.005022532306611538,-0.1121186837553978
0.21705426356589147,0.031249999999999993,0.11627906976744184,0.004858802020258341,-0.20619216561317444,-0.023932283744215965,-0.11496622860431671
0.2959641255605381,0.04524886877828054,0.11659192825112107,0.007446343090380236,-0.3666590750217438,0.07691417634487152,-0.1532539278268814
0.09442060085836909,0.025974025974025972,0.05150214592274678,0.006576753103180699,-0.36378735303878784,-0.0216995757073164,-0.1969563066959381
0.16260162601626016,0.0,0.08943089430894308,0.00367751095176031,-0.30101245641708374,0.07569064944982529,-0.11818847805261612
0.15602836879432624,0.021428571428571432,0.09929078014184396,0.0035496534803133757,-0.4041345417499542,-0.042085062712430954,-0.2280571609735489
0.23906705539358597,0.005865102639296188,0.09912536443148687,0.008513143498370653,-0.15850043296813965,0.01683657243847847,-0.07066524028778076
0.16666666666666666,0.009345794392523364,0.09259259259259259,0.004476802703312995,-0.13960739970207214,0.01136940810829401,-0.06355467438697815
0.2035928143712575,0.006024096385542169,0.07784431137724551,0.0028653411560113,-0.09283117204904556,0.11438243091106415,0.010220860131084919
0.3401360544217687,0.0821917808219178,0.14285714285714285,0.0725046592407041,0.04680205509066582,0.1408795714378357,0.09487590193748474
0.27586206896551724,0.024752475247524754,0.12807881773399019,0.004463550071596158,-0.11223500967025757,0.10435717552900314,-0.004677277058362961
0.1547277936962751,0.02881844380403458,0.0974212034383954,0.002967768325324497,-0.2508593499660492,-0.2312377542257309,-0.23905180394649506
0.2105263157894737,0.01986754966887417,0.09868421052631579,0.004680493097925205,-0.19431185722351074,-0.007815185934305191,-0.10106612741947174
0.360655737704918,0.14876033057851243,0.19672131147540983,0.02380180394583331,-0.05542539432644844,0.12554031610488892,0.03498457744717598
0.21276595744680854,0.07725321888412016,0.1446808510638298,0.022860498842284707,-0.05588066950440407,0.18744738399982452,0.06435175985097885
0.23076923076923078,0.01724137931034483,0.1282051282051282,0.00422969486223782,0.046280983835458755,0.18138808012008667,0.1143750324845314
0.1673003802281369,0.0,0.08365019011406845,0.0032965798916296638,-0.17235147953033447,0.029774393886327744,-0.07163961231708527
0.11965811965811965,0.011461318051575931,0.06837606837606838,0.0021950040319788948,-0.3554806113243103,-0.04801949858665466,-0.20477460324764252
0.3317972350230415,0.05581395348837209,0.14746543778801843,0.03809179366587686,-0.08484598994255066,0.06572092324495316,-0.009067433886229992
0.08648648648648649,0.010869565217391306,0.03783783783783784,0.002199929549826039,-0.3224121630191803,0.06845344603061676,-0.13306966423988342
0.31645569620253167,0.15286624203821658,0.23417721518987342,0.06922388727357645,-0.07517095655202866,0.11657906323671341,0.02044772543013096
0.21725239616613418,0.012861736334405146,0.11501597444089458,0.007939217070751936,-0.07147392630577087,0.10992904007434845,0.01916751265525818
0.16117216117216118,0.059040590405904064,0.10256410256410257,0.016822325365917393,-0.09395715594291687,0.1639614999294281,0.03323536738753319
0.16129032258064516,0.016216216216216217,0.08064516129032258,0.0025942080602082067,-0.29666808247566223,-0.11278359591960907,-0.20454788208007812
0.21874999999999997,0.021052631578947368,0.10416666666666667,0.005912997818624451,-0.07879405468702316,0.15344208478927612,0.036186035722494125
0.2074074074074074,0.007462686567164179,0.0962962962962963,0.0019535929987792846,-0.2314523160457611,0.047414980828762054,-0.09424585849046707
0.0335195530726257,0.011299435028248588,0.0335195530726257,0.0024693413256718366,-0.2503000795841217,0.2319137156009674,-0.019324669614434242
0.1917808219178082,0.027586206896551724,0.08904109589041095,0.015051683813741485,-0.21622377634048462,0.19221842288970947,-0.018806934356689453
0.03076923076923077,0.0,0.03076923076923077,0.0020095656111560026,-0.20984002947807312,0.16972720623016357,-0.025706306099891663
0.2230483271375465,0.0449438202247191,0.12639405204460966,0.004475511704315795,-0.15274421870708466,0.15422594547271729,-0.0023933786433190107
0.12418300653594773,0.0,0.058823529411764705,0.0015042628798325327,-0.2699504792690277,-0.06574922055006027,-0.1681305170059204
0.24074074074074076,0.102803738317757,0.12962962962962965,0.006751805905737799,-0.2851022481918335,0.12086478620767593,-0.08882729709148407
0.19455252918287938,0.047058823529411764,0.12451361867704279,0.019524909533737405,-0.20480334758758545,-0.35288605093955994,-0.2779465913772583
0.11731843575418993,0.0056179775280898875,0.04469273743016759,0.0019796800314145937,-0.35954979062080383,0.015734367072582245,-0.17737454175949097
0.1565217391304348,0.03498542274052478,0.08695652173913043,0.0023877937715085897,-0.3341127634048462,-0.16708452999591827,-0.2500489056110382
0.18090452261306533,0.0303030303030303,0.07537688442211056,0.00311304470530304,-0.38474273681640625,0.1377912014722824,-0.13580171763896942
0.3181818181818182,0.10344827586206896,0.2045454545454545,0.07078094362023521,-0.07894687354564667,0.1027979627251625,0.011868714354932308
0.2890625,0.03937007874015747,0.1640625,0.006300866737996583,-0.21954300999641418,0.061249494552612305,-0.08143950253725052
0.0375,0.0,0.0375,0.001515214763738205,-0.32552090287208557,0.10580568015575409,-0.11766721308231354
0.14336917562724014,0.04332129963898917,0.1003584229390681,0.013800494480368384,-0.18832430243492126,0.0728612020611763,-0.05949755012989044
0.12173913043478261,0.0,0.0782608695652174,0.00167049419958732,-0.3018798530101776,-0.01575346849858761,-0.16120502352714539
0.19083969465648856,0.06153846153846154,0.10687022900763359,0.004147542750146778,-0.21946093440055847,0.08369047939777374,-0.07085523754358292
0.3308823529411765,0.12592592592592594,0.2058823529411765,0.10569488112746084,0.040399905294179916,0.0975925549864769,0.07034704089164734
0.125,0.01986754966887417,0.08552631578947369,0.003413032358655382,-0.16623903810977936,0.02702241949737072,-0.06978198140859604
0.11167512690355329,0.010256410256410255,0.04060913705583756,0.0036729240552682368,-0.285038560628891,0.05171096324920654,-0.12071570754051208
0.24199288256227755,0.08602150537634409,0.15658362989323843,0.06661449626462947,-0.07309091091156006,-0.11786308139562607,-0.0938015803694725
0.30996309963099633,0.04460966542750929,0.14760147601476015,0.005476369076869903,0.00012487340427469462,0.24776339530944824,0.12234766781330109
0.2098360655737705,0.039603960396039604,0.10491803278688525,0.013915189234434461,-0.29590362310409546,-0.006167537998408079,-0.15353786945343018
0.08695652173913045,0.0,0.05351170568561872,0.0011569122032764952,-0.28503891825675964,0.13059397041797638,-0.08433860540390015
0.2673267326732673,0.04477611940298508,0.11881188118811882,0.005677510094599931,-0.19519905745983124,0.04052478447556496,-0.07843621075153351
0.18181818181818182,0.006779661016949153,0.10101010101010102,0.003714791760276629,-0.09045539051294327,0.0997297540307045,0.0044311233796179295
0.20576131687242796,0.008298755186721993,0.09053497942386832,0.004415771519912022,-0.14018507301807404,0.03345560282468796,-0.05319078266620636
0.19937694704049846,0.018808777429467082,0.10591900311526481,0.005749849566003515,-0.2013925015926361,0.12022100389003754,-0.0441618449985981
0.1832669322709163,0.048192771084337345,0.10358565737051792,0.012070432134417658,-0.08260923624038696,0.07748685777187347,-0.002225273521617055
0.17037037037037037,0.014925373134328356,0.10370370370370371,0.004531549100488649,-0.12632624804973602,0.06197887659072876,-0.032297369092702866
0.17968749999999997,0.031496062992125984,0.09375,0.0043431591977168785,-0.23439233005046844,0.2429032325744629,-0.0056272828951478004
0.17161716171617164,0.0,0.07920792079207921,0.001864071650071019,-0.21683187782764435,-0.042773764580488205,-0.12953698635101318
0.20370370370370372,0.037267080745341616,0.08641975308641975,0.00852846818121039,-0.24875099956989288,0.06577257066965103,-0.09480632841587067
0.3006993006993007,0.09859154929577464,0.12587412587412586,0.010828575071114031,-0.09762658923864365,0.16285328567028046,0.03078230284154415
0.08,0.0,0.04,0.002426135574808623,-0.2631259560585022,-0.1514410674571991,-0.20597748458385468
0.11864406779661017,0.0,0.06779661016949154,0.0014673685388327904,-0.32819029688835144,0.11208357661962509,-0.11626586318016052
0.22727272727272727,0.13761467889908258,0.1909090909090909,0.08126975426728664,0.013431143015623093,0.12031085044145584,0.06781946122646332
0.1513157894736842,0.00662251655629139,0.06578947368421054,0.003355148087313626,-0.2121705263853073,0.04838206619024277,-0.08362168818712234
0.2142857142857143,0.07216494845360824,0.13265306122448978,0.04470292156798317,-0.12518328428268433,-0.24393539130687714,-0.18337863683700562
0.12371134020618557,0.006920415224913495,0.061855670103092786,0.0018736068544852693,-0.18820048868656158,-0.09585576504468918,-0.14061425626277924
0.26,0.04697986577181208,0.12,0.014860105840086886,-0.22376783192157745,0.09367682039737701,-0.06847210228443146
0.19211822660098524,0.024752475247524754,0.1083743842364532,0.003060995248075847,-0.14635764062404633,0.0383288636803627,-0.0540415495634079
0.09027777777777778,0.006993006993006993,0.04861111111111111,0.00273228463086443,-0.28491830825805664,0.057346854358911514,-0.11803273111581802
0.140625,0.007874015748031496,0.0703125,0.0016277370163643137,-0.30957671999931335,0.12586219608783722,-0.0998445376753807
0.14901960784313725,0.0,0.07843137254901962,0.0037759380400748765,-0.3367549180984497,0.1074427142739296,-0.12305116653442383
0.20657276995305163,0.03791469194312796,0.09389671361502347,0.006341216253570372,-0.24918116629123688,-0.08313937485218048,-0.16570429503917694
0.23859649122807017,0.02120141342756184,0.11929824561403508,0.010913421321930855,-0.03332917019724846,0.031168067827820778,0.0003372696810401976
0.24896265560165975,0.03347280334728034,0.11618257261410789,0.003305629048283664,-0.24758362770080566,0.07131967693567276,-0.09159326553344727
0.15763546798029557,0.06965174129353234,0.10837438423645322,0.03152682229847062,-0.1247195228934288,0.23548951745033264,0.05043824017047882
0.31654676258992803,0.10144927536231885,0.16546762589928055,0.03176048049636712,-0.03595222160220146,-0.1234731450676918,-0.07835463434457779
0.20307692307692307,0.049535603715170275,0.11692307692307692,0.023041348131223,-0.19156357645988464,0.24588406085968018,0.01912548579275608
0.18685121107266434,0.020905923344947733,0.09688581314878893,0.0027295818162676923,-0.3016548752784729,0.10667017847299576,-0.10430214554071426
0.2082018927444795,0.06984126984126984,0.13249211356466878,0.029538566454289945,-0.29162997007369995,-0.20069612562656403,-0.2445763200521469
0.28682170542635654,0.0390625,0.124031007751938,0.03113735036738619,-0.13824087381362915,0.16899748146533966,0.012225761078298092
0.18652849740932642,0.02094240837696335,0.10362694300518135,0.01368035695445611,-0.26010069251060486,-0.03814103826880455,-0.1498173028230667
0.32608695652173914,0.11678832116788321,0.15942028985507245,0.04251952658054555,-0.032091401517391205,0.312360554933548,0.13570460677146912
0.18421052631578946,0.035398230088495575,0.14035087719298245,0.010642601756037873,-0.16780614852905273,0.2712605893611908,0.043629277497529984
0.255,0.03015075376884422,0.115,0.0038349980299945143,-0.15056371688842773,0.01542804203927517,-0.06724204123020172
0.273037542662116,0.061855670103092786,0.11604095563139931,0.03532407002003483,-0.02936081402003765,-0.2285512089729309,-0.1291877031326294
0.31250000000000006,0.17482517482517482,0.27083333333333337,0.0856251141933843,0.018727825954556465,0.29770538210868835,0.15577656030654907
0.1087866108786611,0.02531645569620253,0.05857740585774059,0.003032874837580091,-0.2186872810125351,0.21787121891975403,-0.008412318304181099
0.05691056910569106,0.03278688524590164,0.048780487804878044,0.004220234701091642,-0.2937355041503906,0.3158981502056122,-0.006052842829376459
0.099009900990099,0.06,0.07920792079207921,0.0038805109421106154,-0.33342862129211426,0.2632763385772705,-0.05151785537600517
0.3265306122448979,0.21232876712328763,0.2585034013605442,0.12900574014218094,0.023308876901865005,0.27894455194473267,0.14930486679077148
0.05978260869565217,0.00546448087431694,0.03804347826086957,0.0016491739758767755,-0.3440764546394348,-0.06421512365341187,-0.20631439983844757
0.1830065359477124,0.013157894736842105,0.0980392156862745,0.003013735347589064,-0.23441143333911896,-0.0926743671298027,-0.16269995272159576
0.25531914893617025,0.0427807486631016,0.10106382978723405,0.025822439858536668,-0.13048775494098663,0.12032146751880646,-0.006628850009292364
0.16265060240963855,0.012121212121212121,0.08433734939759036,0.004893286580488665,-0.29864799976348877,0.04973682761192322,-0.12891718745231628
0.08510638297872342,0.06417112299465241,0.07978723404255318,0.024626258854328214,-0.33041536808013916,0.4432976245880127,0.02805659919977188
0.2798353909465021,0.07468879668049792,0.14814814814814814,0.014104233648415312,0.006552846636623144,0.20732669532299042,0.10639993101358414
0.11070110701107011,0.0,0.05904059040590406,0.0011504644347656585,-0.394522488117218,0.04454238712787628,-0.18317875266075134
0.16666666666666666,0.013986013986013986,0.10416666666666667,0.0048349069873310615,-0.14076027274131775,0.09801525622606277,-0.022603778168559074
0.12949640287769784,0.014492753623188403,0.07913669064748201,0.002346793968679648,-0.3383350968360901,-0.03516586124897003,-0.18964621424674988
0.19178082191780824,0.006896551724137931,0.11643835616438357,0.004686225704790458,-0.12666089832782745,-0.011725255288183689,-0.06813059002161026
0.26160337552742613,0.034042553191489355,0.1350210970464135,0.010335099509957656,-0.10859599709510803,0.06917433440685272,-0.019654875621199608
0.20338983050847456,0.017094017094017096,0.13559322033898302,0.0037676257552919264,-0.21777178347110748,0.06829320639371872,-0.07718884199857712
0.15335463258785942,0.006430868167202572,0.05750798722044728,0.0016836806687773283,-0.215082585811615,0.0044866399839520454,-0.10598849505186081
0.2910602910602911,0.045929018789144044,0.1663201663201663,0.008417667551861867,-0.15229390561580658,0.0832889974117279,-0.035642869770526886
0.11726384364820847,0.0,0.05863192182410423,0.0031780757218897587,-0.264847993850708,-0.12092916667461395,-0.19203676283359528
0.10191082802547771,0.0,0.07643312101910828,0.002006975562998819,-0.16411443054676056,0.11377650499343872,-0.027421966195106506
0.2151394422310757,0.032128514056224904,0.12749003984063745,0.0036156234624330056,-0.16584071516990662,0.020584989339113235,-0.07266448438167572
0.28225806451612906,0.04065040650406504,0.12903225806451615,0.002524014797279277,-0.06718578189611435,0.10356129705905914,0.018318157643079758
0.136986301369863,0.013793103448275862,0.06164383561643836,0.0015686867196728002,-0.2630643844604492,0.038958847522735596,-0.11495916545391083
0.2015915119363395,0.016,0.08488063660477453,0.0030351305457547357,-0.23641930520534515,0.013511563651263714,-0.1128740981221199
0.18181818181818182,0.02359882005899705,0.07624633431085044,0.0022941517113818895,-0.22635479271411896,0.10994036495685577,-0.0622684583067894
0.16724738675958187,0.014035087719298244,0.11149825783972125,0.00346721535440096,-0.177985280752182,0.11332621425390244,-0.03496550768613815
0.1333333333333333,0.04743083003952569,0.10196078431372549,0.01824812792203521,-0.2555698752403259,0.08219104260206223,-0.09078875929117203
0.1741741741741742,0.042296072507552865,0.1141141141141141,0.007236845253662403,-0.15824148058891296,0.09173770993947983,-0.034749019891023636
0.14782608695652175,0.043859649122807015,0.0782608695652174,0.004441646037277602,-0.22783099114894867,-0.3518315851688385,-0.28856509923934937
0.15105740181268884,0.0060790273556231,0.07854984894259817,0.0027891439258757676,-0.24498605728149414,0.039342284202575684,-0.10519883036613464
0.13924050632911392,0.012711864406779662,0.06751054852320675,0.001982924771386334,-0.32868272066116333,0.12691842019557953,-0.1097998172044754
0.14147909967845657,0.05177993527508091,0.10932475884244373,0.021453082548636527,-0.1697496473789215,0.10275197774171829,-0.03559413552284241
0.274390243902439,0.0736196319018405,0.12804878048780488,0.027121352831413648,-0.12647446990013123,-0.14400190114974976,-0.13341011106967926
0.21714285714285717,0.011560693641618498,0.11428571428571428,0.004416096781830369,-0.018456853926181793,0.17004449665546417,0.07552968710660934
0.27244582043343657,0.03115264797507788,0.13003095975232198,0.009753550932099602,-0.16683334112167358,0.04099806770682335,-0.06339821964502335
0.2009132420091324,0.027649769585253458,0.1004566210045662,0.008726945708977413,-0.09363134950399399,0.041356392204761505,-0.025393757969141006
0.1774193548387097,0.008130081300813009,0.08870967741935484,0.004507376492360449,-0.1348508894443512,0.09470757842063904,-0.021084828302264214
0.27611940298507465,0.06766917293233084,0.13432835820895522,0.032785778374265016,0.0778743103146553,-0.15635253489017487,-0.04035370051860809
0.23050847457627122,0.11604095563139931,0.16271186440677965,0.06697770851739278,-0.18208417296409607,0.17057791352272034,-0.010408389382064342
0.20163487738419617,0.010958904109589041,0.08719346049046323,0.0036976254162976946,-0.28027817606925964,-0.2675617039203644,-0.27185842394828796
0.1301775147928994,0.011976047904191616,0.0710059171597633,0.006222826263750507,-0.36297866702079773,-0.04372811317443848,-0.20676644146442413
0.01646090534979424,0.0,0.00823045267489712,0.0009690983021991399,-0.44338300824165344,-0.23719623684883118,-0.3404156565666199
0.21395348837209302,0.02816901408450704,0.12093023255813955,0.005474058956402278,-0.16532637178897858,-0.0381898507475853,-0.10079948604106903
0.1609907120743034,0.012461059190031154,0.09287925696594428,0.00283886634939554,-0.23700971901416779,0.05341167002916336,-0.09436452388763428
0.27807486631016043,0.0972972972972973,0.19251336898395724,0.031850490019385336,-0.011867217719554901,0.2795073390007019,0.13105346262454987
0.18340611353711792,0.07048458149779735,0.1222707423580786,0.0349347988191152,-0.19095443189144135,0.11212071776390076,-0.042403802275657654
0.21315192743764175,0.027334851936218676,0.09070294784580497,0.0032213439761233737,-0.23521797358989716,0.05980240926146507,-0.09041476249694824
0.20253164556962025,0.07692307692307693,0.10126582278481013,0.0548585200290294,-0.06408694386482239,0.44862931966781616,0.18079808354377747
0.23220973782771537,0.06792452830188679,0.1348314606741573,0.0217354840595196,-0.2316889762878418,0.049182187765836716,-0.09353847801685333
0.1758241758241758,0.02952029520295203,0.07326007326007326,0.004106776811527172,-0.14388281106948853,0.13052570819854736,-0.008849885314702988
0.21325648414985593,0.03478260869565217,0.07492795389048992,0.0024428368375268503,-0.22261106967926025,0.028604628518223763,-0.09847003221511841
0.2027027027027027,0.06122448979591836,0.12162162162162163,0.03165997221091307,-0.23542280495166779,0.08228088915348053,-0.0799996629357338
0.26804123711340205,0.1107266435986159,0.12371134020618554,0.052301577142420494,-0.06803230196237564,-0.1896677166223526,-0.12778742611408234
0.1731958762886598,0.016563146997929608,0.06185567010309278,0.0016666955670964307,-0.3011139929294586,0.09340976178646088,-0.11009082943201065
0.15517241379310343,0.06956521739130433,0.12931034482758622,0.036179852088599015,-0.1379886418581009,0.18543681502342224,0.020052535459399223
0.18604651162790695,0.09389671361502347,0.16744186046511628,0.0016580919037422755,-0.18616005778312683,0.24041159451007843,0.019563406705856323
0.175,0.008403361344537816,0.09999999999999999,0.004323446315361097,-0.13233821094036102,-0.006630209274590015,-0.06855403631925583
0.2280701754385965,0.01176470588235294,0.1286549707602339,0.006501990012708331,-0.3109167218208313,0.10595105588436127,-0.10965714603662491
0.17010309278350516,0.015544041450777204,0.07216494845360825,0.0030774402008282003,-0.32322967052459717,-0.13740848004817963,-0.23014718294143677
0.22004889975550126,0.01965601965601966,0.08801955990220048,0.0021914201385831106,-0.23648369312286377,-0.015711020678281784,-0.12679220736026764
0.16853932584269662,0.0,0.08988764044943821,0.0022639259254939675,-0.2435339093208313,-0.00446895370259881,-0.12513446807861328
0.24848484848484848,0.006097560975609757,0.11515151515151514,0.005201779060266126,-0.16615945100784302,-0.013607422821223736,-0.08930759876966476
0.23367697594501718,0.09688581314878894,0.14432989690721648,0.06520687084103469,-0.1150975450873375,0.03509971499443054,-0.039455607533454895
0.17061611374407581,0.009569377990430622,0.07582938388625593,0.0029236420688964642,-0.11457435041666031,0.07709210366010666,-0.018946785479784012
0.15079365079365079,0.008,0.0873015873015873,0.0026314584843489955,-0.28330519795417786,0.07145196944475174,-0.110626220703125
0.12295081967213115,0.049586776859504134,0.10655737704918034,0.007232023718231989,-0.04306505247950554,0.30067774653434753,0.12440554052591324
0.15849056603773587,0.015209125475285171,0.08301886792452831,0.004132432061223917,-0.22914977371692657,0.08953966200351715,-0.07326945662498474
0.2887139107611549,0.04221635883905014,0.11023622047244093,0.00500002762333234,-0.1708197444677353,-0.008068452589213848,-0.08903460204601288
0.17665615141955837,0.025396825396825397,0.06309148264984227,0.0068111537078433294,-0.3054562509059906,0.15223906934261322,-0.08561069518327713
0.07291666666666669,0.0,0.05208333333333333,0.0015426981508442615,-0.25106310844421387,-0.050057657063007355,-0.15079380571842194
0.29427792915531337,0.054794520547945216,0.1307901907356948,0.024238828190573818,-0.15185773372650146,0.08561438322067261,-0.034308627247810364
0.11864406779661017,0.06837606837606837,0.11016949152542371,0.00678923800090664,-0.1978914439678192,0.3679228723049164,0.07059743255376816
0.10970464135021098,0.0851063829787234,0.10970464135021098,0.04519909281297114,-0.195958212018013,0.3081321120262146,0.044924672693014145
0.18421052631578946,0.05960264900662251,0.10526315789473684,0.07570351319863859,-0.12802176177501678,-0.00368722272105515,-0.0649118721485138
0.1818181818181818,0.0058997050147492625,0.093841642228739,0.0024176515185037367,-0.3020128607749939,-0.012213041074573994,-0.1596129685640335
0.18082191780821916,0.02203856749311295,0.08219178082191782,0.0028718896541429263,-0.2612510621547699,0.08921423554420471,-0.09056803584098816
0.216,0.008064516129032258,0.08,0.0026628372885220577,-0.23985208570957184,0.14368142187595367,-0.05388651043176651
0.12765957446808512,0.007142857142857143,0.07801418439716312,0.002583986455479688,-0.27122750878334045,0.09102035313844681,-0.09508391469717026
0.21019108280254778,0.02564102564102564,0.09554140127388536,0.0014392443405791084,-0.2547435164451599,0.05282236635684967,-0.10404857993125916
0.264,0.04032258064516129,0.152,0.005779527438062529,-0.0976184532046318,0.06598374247550964,-0.015521115623414516
0.2016806722689076,0.03389830508474576,0.10924369747899161,0.02943996735354679,-0.09943071007728577,0.2011404037475586,0.0478813461959362
0.15447154471544716,0.01639344262295082,0.11382113821138212,0.00372497252189138,-0.2579796016216278,-0.01925038732588291,-0.139724999666214
0.32958801498127344,0.12075471698113209,0.1348314606741573,0.06858239953038069,-0.13887019455432892,0.19228845834732056,0.022781772539019585
0.23841059602649012,0.04026845637583893,0.11920529801324506,0.01235442657610908,-0.09997300803661346,0.07190155237913132,-0.013882090337574482
0.09090909090909091,0.056338028169014086,0.09090909090909091,0.03302103024907922,-0.2901619076728821,0.2082226723432541,-0.051934584975242615
0.19795221843003413,0.041237113402061855,0.11604095563139932,0.008348301583084007,-0.16525492072105408,0.0345861054956913,-0.06564538925886154
0.19444444444444442,0.009345794392523366,0.1111111111111111,0.004846316951435872,-0.1922367662191391,0.12692266702651978,-0.03615778312087059
0.24223602484472048,0.04375,0.13664596273291926,0.008393911801975644,-0.07790154963731766,0.1845351755619049,0.05141473188996315
0.12903225806451613,0.11956521739130434,0.12903225806451613,0.06856871519508807,-0.2352215200662613,-0.5259909629821777,-0.3830048441886902
0.1639344262295082,0.0066006600660066,0.07213114754098361,0.0027924524081575173,-0.2108326405286789,0.0420670248568058,-0.08590558916330338
0.23676012461059193,0.03134796238244514,0.13707165109034267,0.002832419894547828,-0.2500665783882141,0.0016303155571222305,-0.12567198276519775
0.13043478260869565,0.014598540145985401,0.057971014492753624,0.003591285072548813,-0.21608227491378784,0.0050455243326723576,-0.10624383389949799
0.09336609336609336,0.0049382716049382715,0.049140049140049144,0.0016847938282323375,-0.3408389389514923,0.07871003448963165,-0.13836215436458588
0.20261437908496732,0.013157894736842105,0.11764705882352942,0.00403842102838564,-0.21132151782512665,-0.0526508092880249,-0.13145147264003754
0.20956719817767652,0.01830663615560641,0.08200455580865604,0.0026180025976215307,-0.23316340148448944,-0.014962540939450264,-0.12470149248838425
0.1524926686217009,0.04719764011799411,0.11143695014662756,0.0013879175991387824,-0.2677353024482727,-0.32141873240470886,-0.2926303446292877
0.1784037558685446,0.0,0.11267605633802816,0.004981447599981331,-0.15459150075912476,0.14215758442878723,-0.009034235961735249
0.2748538011695907,0.041176470588235294,0.1345029239766082,0.008800168907071831,-0.14954951405525208,-0.1966063678264618,-0.17128920555114746
0.10769230769230768,0.015625,0.0923076923076923,0.0027949885766991836,-0.24980375170707703,-0.1000070720911026,-0.17416924238204956
0.31020408163265306,0.11522633744855966,0.19591836734693874,0.07275440727754091,-0.005266261752694845,0.16195057332515717,0.07845140248537064
0.16216216216216214,0.03021148036253776,0.07807807807807808,0.023107641078129904,-0.24183839559555054,-0.0026907811406999826,-0.12340115010738373
0.26053639846743293,0.030888030888030892,0.13026819923371646,0.005721663840576086,-0.12002880871295929,0.039106350392103195,-0.04005845636129379
0.2228412256267409,0.050420168067226885,0.12813370473537605,0.016242852236480688,-0.16677285730838776,0.17465919256210327,-0.00032173056388273835
0.26366559485530544,0.04530744336569579,0.10932475884244373,0.010310748260878176,-0.21757297217845917,0.05703522264957428,-0.08238421380519867
0.15000000000000002,0.021582733812949638,0.0857142857142857,0.0032112312116639717,-0.19278225302696228,-0.29613590240478516,-0.24300862848758698
0.3118279569892473,0.07027027027027026,0.15591397849462366,0.030072380100491514,-0.16821932792663574,0.08129647374153137,-0.044936683028936386
0.26666666666666666,0.06389776357827476,0.12063492063492062,0.0420128470196456,-0.13311469554901123,-0.16078151762485504,-0.14512519538402557
0.16666666666666666,0.010526315789473684,0.09374999999999999,0.0023897897228515085,-0.08583224564790726,-0.3366324007511139,-0.21259431540966034
0.15000000000000002,0.025210084033613443,0.09166666666666667,0.001435949710450112,-0.1994422823190689,0.09534003585577011,-0.05477612838149071
0.2832618025751073,0.11255411255411256,0.15450643776824033,0.006080718759801141,-0.035480670630931854,0.22278019785881042,0.09181752055883408
0.09907120743034055,0.0,0.05572755417956656,0.001063517893204646,-0.42401206493377686,-0.01637319289147854,-0.2269962728023529
0.35294117647058826,0.05925925925925926,0.15441176470588233,0.01876434989922086,-0.044691234827041626,0.08460909873247147,0.02071188949048519
0.3170731707317073,0.12295081967213117,0.24390243902439024,0.062381732655877466,0.006508981809020042,0.2591172456741333,0.13108524680137634
0.2803738317757009,0.06603773584905659,0.15887850467289716,0.017938611940253618,0.05020971968770027,0.07195885479450226,0.06258665770292282
0.19558359621451107,0.01904761904761905,0.09463722397476339,0.010170659032849878,-0.110000379383564,0.09802338480949402,-0.006540559697896242
0.376,0.18548387096774194,0.24000000000000002,0.18192484243470936,0.04461730271577835,-0.05804121494293213,-0.0056124497205019
0.0881057268722467,0.0,0.05286343612334801,0.001524465639460962,-0.3405753970146179,0.041634418070316315,-0.15521292388439178
0.21428571428571427,0.050359712230215826,0.1285714285714286,0.010807210997892808,-0.15875867009162903,0.11043097823858261,-0.02617671713232994
0.16107382550335572,0.02027027027027027,0.087248322147651,0.0024936706322931245,-0.201675146818161,0.20907162129878998,-0.0032003538217395544
0.24734982332155475,0.0498220640569395,0.10600706713780918,0.004323076486137652,-0.0010509883286431432,0.04082757234573364,0.02139313891530037
0.06116207951070337,0.0,0.04281345565749235,0.0009048051046098872,-0.3694975674152374,0.012710023671388626,-0.18413512408733368
0.07380073800738007,0.0,0.04428044280442805,0.002187479025886359,-0.3703649640083313,0.06452321261167526,-0.16090835630893707
0.14485981308411217,0.02347417840375587,0.08411214953271029,0.0023819100561722636,-0.30057239532470703,0.10411664098501205,-0.10488522052764893
0.1832669322709163,0.040160642570281124,0.11155378486055777,0.018272899147799632,-0.16167320311069489,-0.1915353685617447,-0.17474029958248138
0.28571428571428575,0.029325513196480937,0.12827988338192423,0.018037526327875055,-0.08065123856067657,0.09113248437643051,0.00536982761695981
0.17094017094017094,0.0,0.08547008547008547,0.00213371689231177,-0.15485717356204987,-0.03242732584476471,-0.09263508766889572
0.32209737827715357,0.09056603773584905,0.18726591760299624,0.019878832082915073,0.008121723309159279,0.13184969127178192,0.07073622196912766
0.22349570200573068,0.05187319884726225,0.12607449856733524,0.008309191908009415,-0.1613604873418808,0.08526808768510818,-0.03945419564843178
0.26771653543307083,0.007936507936507938,0.11811023622047247,0.0017541326383577458,-0.257656991481781,0.050631750375032425,-0.10662207007408142
0.3392857142857143,0.1377245508982036,0.20238095238095236,0.08941531160005699,-0.10102824121713638,0.14323750138282776,0.019696196541190147
0.19830028328611896,0.03418803418803419,0.0906515580736544,0.013194492574846733,-0.28129342198371887,0.1159338653087616,-0.089027538895607
0.23880597014925373,0.006006006006006007,0.08955223880597014,0.002750065999378193,-0.22754870355129242,0.12473134696483612,-0.05603479593992233
0.24293785310734464,0.028409090909090908,0.11864406779661019,0.004342558521845985,-0.2188684046268463,-0.0028305023442953825,-0.11145403236150742
0.1504424778761062,0.0,0.08849557522123894,0.0037531068222858843,-0.35900360345840454,-0.18715591728687286,-0.27258771657943726
0.1870967741935484,0.03896103896103896,0.09677419354838708,0.03350224699101346,-0.267024964094162,0.012399453669786453,-0.12952780723571777
0.2222222222222222,0.028037383177570093,0.14814814814814814,0.006309247348140775,-0.05298912525177002,-0.005115561652928591,-0.02749577723443508
0.2060085836909871,0.008658008658008658,0.08583690987124462,0.008218878854706785,-0.2657543122768402,-0.08265229314565659,-0.17404881119728088
0.18181818181818182,0.0110803324099723,0.08264462809917354,0.0029909930293219355,-0.28897154331207275,0.043731652200222015,-0.1265287548303604
0.09836065573770493,0.008264462809917356,0.07377049180327869,0.002491638404302252,-0.30545130372047424,0.08567699044942856,-0.11598792672157288
0.3253968253968254,0.032,0.1349206349206349,0.0037734385398582927,-0.22772274911403656,0.08163463324308395,-0.07620599865913391
0.1672727272727273,0.05860805860805861,0.10909090909090909,0.02190572662543024,-0.1637645661830902,0.18498334288597107,0.006086746696382761
0.2154696132596685,0.03888888888888888,0.12154696132596686,0.014419473400680574,-0.30462706089019775,-0.036348361521959305,-0.172349750995636
0.17266187050359716,0.028985507246376812,0.06474820143884893,0.006401243757115991,-0.28439971804618835,0.09260857850313187,-0.10143694281578064
0.23152709359605914,0.06435643564356436,0.11330049261083742,0.006942571199707911,-0.21289783716201782,0.08049988001585007,-0.06887258589267731
0.3333333333333333,0.064,0.1746031746031746,0.06913013274810632,0.0277109295129776,0.15563234686851501,0.0923377275466919
0.24927536231884057,0.01749271137026239,0.11594202898550725,0.0062836701952662406,-0.19693879783153534,0.08165939152240753,-0.059886734932661057
0.22900763358778622,0.08461538461538462,0.16030534351145037,0.0494595509498845,-0.1161297857761383,-0.23938649892807007,-0.17664490640163422
0.15894039735099338,0.019999999999999997,0.09271523178807947,0.0028932648798712414,-0.17560207843780518,0.13262400031089783,-0.024647880345582962
0.18181818181818182,0.05343511450381679,0.11363636363636363,0.010141309228533138,-0.1417815387248993,0.04769831523299217,-0.04716901853680611
0.16091954022988508,0.046242774566473986,0.07471264367816093,0.033159072799473686,-0.25978901982307434,0.06276661902666092,-0.1020878255367279
0.21463414634146344,0.08866995073891627,0.14634146341463417,0.04727267953395486,-0.15353520214557648,0.12807439267635345,-0.015099792741239071
0.21722846441947566,0.06792452830188679,0.15730337078651688,0.038051158455454516,-0.14025653898715973,0.1077476218342781,-0.017718488350510597
0.2764976958525346,0.06511627906976744,0.11059907834101385,0.009081341084911902,-0.1894492208957672,0.15508054196834564,-0.021548178046941757
0.21818181818181817,0.012195121951219513,0.08484848484848487,0.0034736814970309877,-0.15428727865219116,-0.02164863795042038,-0.08710280805826187
0.11940298507462686,0.03015075376884422,0.08955223880597016,0.003293820189060787,-0.17839315533638,0.174669086933136,-0.006533143110573292
0.11914893617021276,0.008583690987124463,0.06808510638297872,0.0074861782390309465,-0.2113533616065979,0.040277887135744095,-0.08702652156352997
0.2857142857142857,0.13991769547325103,0.20408163265306126,0.0531103486533073,-0.10354870557785034,0.12148627638816833,0.008027371019124985
0.25336927223719674,0.07046070460704607,0.12398921832884097,0.0381651686187741,-0.16697484254837036,0.016126293689012527,-0.07539442926645279
0.15151515151515152,0.010204081632653062,0.09090909090909091,0.007766383362250362,-0.22479017078876495,0.0921282172203064,-0.06973960250616074
0.20491803278688525,0.03305785123966942,0.11475409836065574,0.004193307271560993,-0.16583152115345,0.10019207000732422,-0.03473842516541481
0.21153846153846154,0.058252427184466014,0.125,0.023819045619482924,-0.24455270171165466,0.02602350153028965,-0.11124248802661896
0.22429906542056077,0.009433962264150943,0.08411214953271028,0.004033258027509202,-0.14714013040065765,0.049039993435144424,-0.04930705949664116
0.16535433070866143,0.031746031746031744,0.11023622047244096,0.007902392110120754,-0.09781195968389511,0.06730030477046967,-0.014985721558332443
0.14953271028037382,0.006269592476489028,0.08099688473520249,0.004513124710955713,-0.3561067581176758,0.04925894737243652,-0.16011762619018555
0.13333333333333333,0.01680672268907563,0.09166666666666667,0.002514502331780605,-0.23384720087051392,0.012540943920612335,-0.11198306828737259
0.1461187214611872,0.027649769585253458,0.1004566210045662,0.003990099992875793,-0.2021183967590332,0.1358407735824585,-0.0372677706182003
0.21602787456445993,0.0,0.10452961672473866,0.0015794417129833002,-0.2429410219192505,-0.006947146728634834,-0.1260000616312027
0.128,0.0,0.072,0.002423952636887147,-0.20474320650100708,-0.15416863560676575,-0.1776726096868515
0.16766467065868262,0.048484848484848485,0.1437125748502994,0.029333337612727817,-0.09343890845775604,0.2440316081047058,0.07113317400217056
0.2768166089965398,0.11149825783972125,0.16608996539792387,0.022463390044842085,-0.15163204073905945,0.08438023924827576,-0.034777622669935226
0.2578947368421053,0.026455026455026457,0.10526315789473685,0.019473632227415844,-0.21209058165550232,-0.06852560490369797,-0.1395244002342224
0.17674418604651163,0.03755868544600939,0.09302325581395349,0.004159608231507195,-0.13335135579109192,0.03691326081752777,-0.04799259081482887
0.12499999999999999,0.011976047904191617,0.05952380952380952,0.002232871334205951,-0.3028116226196289,-0.03273789584636688,-0.1696893870830536
0.17687074829931973,0.0273972602739726,0.1020408163265306,0.002799929085313391,-0.20962247252464294,-0.0015026211040094495,-0.10599979758262634
0.24000000000000002,0.0538116591928251,0.12444444444444445,0.021763528914945686,-0.31478604674339294,0.12626367807388306,-0.10250278562307358
0.18120805369127516,0.02027027027027027,0.087248322147651,0.005829492074300052,-0.25980281829833984,0.04161248728632927,-0.11198483407497406
0.18965517241379312,0.0,0.10344827586206896,0.0040168963391384056,-0.21238666772842407,-0.030396949499845505,-0.12128252536058426
0.20408163265306123,0.02346041055718475,0.09329446064139943,0.007386228119117329,-0.27132514119148254,-0.05408233404159546,-0.16327737271785736
0.1081081081081081,0.0,0.06177606177606177,0.002195110358597467,-0.3153623044490814,-0.0653410255908966,-0.19169984757900238
0.2666666666666667,0.05042016806722689,0.14166666666666666,0.014771839788162797,-0.0717456042766571,0.08863873034715652,0.008763007819652557
0.319327731092437,0.07627118644067796,0.1764705882352941,0.017570037589953333,-0.08679727464914322,0.0888247862458229,0.0010813819244503975
0.34383954154727797,0.07492795389048991,0.16045845272206302,0.0442790746626348,-0.07037270814180374,0.1191219836473465,0.024157337844371796
0.21002386634844866,0.04316546762589929,0.11455847255369929,0.04503842708807541,-0.22380107641220093,-0.12151917815208435,-0.1713005006313324
0.24786324786324784,0.03448275862068966,0.11965811965811965,0.009864764794337403,-0.20809321105480194,0.01319639477878809,-0.09818609058856964
0.19305019305019303,0.007782101167315175,0.09266409266409266,0.004028024067612459,-0.17468656599521637,0.1273535043001175,-0.026632297784090042
0.23558897243107768,0.0806045340050378,0.15538847117794485,0.03095302022795929,-0.18181602656841278,0.08493594080209732,-0.050365135073661804
